相对路径,字节,类别
ADV\BIN\B-PART001.BIN,65560,BIN
ADV\BIN\BATTLE001.BIN,2097176,BIN
ADV\BIN\BATTLE002.BIN,2097176,BIN
ADV\BIN\BATTLE003.BIN,2097176,BIN
ADV\BIN\BATTLE004.BIN,2097176,BIN
ADV\BIN\BATTLE005.BIN,2097176,BIN
ADV\BIN\BATTLE006.BIN,2097176,BIN
ADV\BIN\BATTLE007.BIN,2097176,BIN
ADV\BIN\BATTLE008.BIN,2097176,BIN
ADV\BIN\BATTLE009.BIN,2097176,BIN
ADV\BIN\BATTLE010.BIN,2097176,BIN
ADV\BIN\BATTLE011.BIN,2097176,BIN
ADV\BIN\BATTLE012.BIN,2097176,BIN
ADV\BIN\BG001_A.BIN,2097176,BIN
ADV\BIN\BG001_B.BIN,2097176,BIN
ADV\BIN\BG001_C.BIN,2097176,BIN
ADV\BIN\BG001_D.BIN,2097176,BIN
ADV\BIN\BG002_A.BIN,2097176,BIN
ADV\BIN\BG002_B.BIN,2097176,BIN
ADV\BIN\BG002_C.BIN,2097176,BIN
ADV\BIN\BG002_D.BIN,2097176,BIN
ADV\BIN\BG003_A.BIN,2097176,BIN
ADV\BIN\BG003_B.BIN,2097176,BIN
ADV\BIN\BG003_C.BIN,2097176,BIN
ADV\BIN\BG003_D.BIN,2097176,BIN
ADV\BIN\BG004_A.BIN,2097176,BIN
ADV\BIN\BG004_B.BIN,2097176,BIN
ADV\BIN\BG004_C.BIN,2097176,BIN
ADV\BIN\BG004_D.BIN,2097176,BIN
ADV\BIN\BG005_A.BIN,2097176,BIN
ADV\BIN\BG005_B.BIN,2097176,BIN
ADV\BIN\BG005_C.BIN,2097176,BIN
ADV\BIN\BG005_D.BIN,2097176,BIN
ADV\BIN\BG006_A.BIN,2097176,BIN
ADV\BIN\BG006_B.BIN,2097176,BIN
ADV\BIN\BG006_C.BIN,2097176,BIN
ADV\BIN\BG006_D.BIN,2097176,BIN
ADV\BIN\BG007_A.BIN,2097176,BIN
ADV\BIN\BG007_B.BIN,2097176,BIN
ADV\BIN\BG007_C.BIN,2097176,BIN
ADV\BIN\BG007_D.BIN,2097176,BIN
ADV\BIN\BG008_A.BIN,2097176,BIN
ADV\BIN\BG008_B.BIN,2097176,BIN
ADV\BIN\BG008_C.BIN,2097176,BIN
ADV\BIN\BG008_D.BIN,2097176,BIN
ADV\BIN\BG011_A.BIN,2097176,BIN
ADV\BIN\BG011_B.BIN,2097176,BIN
ADV\BIN\BG011_C.BIN,2097176,BIN
ADV\BIN\BG011_D.BIN,2097176,BIN
ADV\BIN\BG012_A.BIN,2097176,BIN
ADV\BIN\BG012_B.BIN,2097176,BIN
ADV\BIN\BG012_C.BIN,2097176,BIN
ADV\BIN\BG012_D.BIN,2097176,BIN
ADV\BIN\BG013_A.BIN,2097176,BIN
ADV\BIN\BG013_B.BIN,2097176,BIN
ADV\BIN\BG013_C.BIN,2097176,BIN
ADV\BIN\BG013_D.BIN,2097176,BIN
ADV\BIN\BG030_X.BIN,2097176,BIN
ADV\BIN\BG031_X.BIN,2097176,BIN
ADV\BIN\BG032_X.BIN,2097176,BIN
ADV\BIN\BG033_X.BIN,2097176,BIN
ADV\BIN\BG034_X.BIN,2097176,BIN
ADV\BIN\BG035_X.BIN,2097176,BIN
ADV\BIN\DUMMY.BIN,152,BIN
ADV\BIN\GYBC_00.BIN,524312,BIN
ADV\BIN\H-PART001.BIN,1048600,BIN
ADV\BIN\H-PART002.BIN,1048600,BIN
ADV\BIN\H-PART003.BIN,1048600,BIN
ADV\BIN\HAN001.BIN,2097176,BIN
ADV\BIN\HAN002.BIN,2097176,BIN
ADV\BIN\HAN003.BIN,2097176,BIN
ADV\BIN\HAN004.BIN,2097176,BIN
ADV\BIN\HAN005.BIN,2097176,BIN
ADV\BIN\HAN006.BIN,2097176,BIN
ADV\BIN\HAN007.BIN,2097176,BIN
ADV\BIN\HAN008.BIN,2097176,BIN
ADV\BIN\HAN009.BIN,2097176,BIN
ADV\BIN\HAN010.BIN,2097176,BIN
ADV\BIN\HAN011.BIN,2097176,BIN
ADV\BIN\HAN012.BIN,2097176,BIN
ADV\BIN\HAN013.BIN,2097176,BIN
ADV\BIN\K-PART001.BIN,524312,BIN
ADV\BIN\K-PART002.BIN,524312,BIN
ADV\BIN\K-PART003.BIN,524312,BIN
ADV\BIN\K-PART004.BIN,524312,BIN
ADV\BIN\K-PART005.BIN,1048600,BIN
ADV\BIN\KOJIN001.BIN,2097176,BIN
ADV\BIN\KOJIN002.BIN,2097176,BIN
ADV\BIN\KOJIN003.BIN,2097176,BIN
ADV\BIN\KOJIN004.BIN,2097176,BIN
ADV\BIN\KOJIN005.BIN,2097176,BIN
ADV\BIN\KOJIN006.BIN,2097176,BIN
ADV\BIN\KOJIN007.BIN,2097176,BIN
ADV\BIN\KOJIN008.BIN,2097176,BIN
ADV\BIN\KOJIN009.BIN,2097176,BIN
ADV\BIN\KOJIN010.BIN,2097176,BIN
ADV\BIN\KOJIN011.BIN,2097176,BIN
ADV\BIN\KOJIN012.BIN,2097176,BIN
ADV\BIN\KOJIN013.BIN,2097176,BIN
ADV\BIN\KOJIN014.BIN,2097176,BIN
ADV\BIN\KOJIN015.BIN,2097176,BIN
ADV\BIN\KOJIN016.BIN,2097176,BIN
ADV\BIN\KOJIN017.BIN,2097176,BIN
ADV\BIN\KOJIN018.BIN,2097176,BIN
ADV\BIN\KOJIN019.BIN,2097176,BIN
ADV\BIN\KOJIN020.BIN,2097176,BIN
ADV\BIN\KOJIN021.BIN,2097176,BIN
ADV\BIN\KOJIN022.BIN,2097176,BIN
ADV\BIN\KOJIN023.BIN,2097176,BIN
ADV\BIN\KOJIN024.BIN,2097176,BIN
ADV\BIN\KOJIN025.BIN,2097176,BIN
ADV\BIN\KOJIN026.BIN,2097176,BIN
ADV\BIN\KOJIN027.BIN,2097176,BIN
ADV\BIN\KOJIN028.BIN,2097176,BIN
ADV\BIN\KOJIN029.BIN,2097176,BIN
ADV\BIN\KOJIN030.BIN,2097176,BIN
ADV\BIN\KOJIN031.BIN,2097176,BIN
ADV\BIN\KOJIN032.BIN,2097176,BIN
ADV\BIN\KOJIN033.BIN,2097176,BIN
ADV\BIN\M001.BIN,2097176,BIN
ADV\BIN\M002.BIN,2097176,BIN
ADV\BIN\M003.BIN,2097176,BIN
ADV\BIN\M004.BIN,2097176,BIN
ADV\BIN\M005.BIN,2097176,BIN
ADV\BIN\M006.BIN,2097176,BIN
ADV\BIN\M007.BIN,2097176,BIN
ADV\BIN\M008.BIN,2097176,BIN
ADV\BIN\MC000.BIN,1048600,BIN
ADV\BIN\MC001.BIN,1048600,BIN
ADV\BIN\MC002.BIN,1048600,BIN
ADV\BIN\MC003.BIN,1048600,BIN
ADV\BIN\MC004.BIN,1048600,BIN
ADV\BIN\MC005.BIN,1048600,BIN
ADV\BIN\MC006.BIN,1048600,BIN
ADV\BIN\MC007.BIN,1048600,BIN
ADV\BIN\MC008.BIN,1048600,BIN
ADV\BIN\MC009.BIN,1048600,BIN
ADV\BIN\MC010.BIN,1048600,BIN
ADV\BIN\MC011.BIN,1048600,BIN
ADV\BIN\MC012.BIN,1048600,BIN
ADV\BIN\MC101.BIN,1048600,BIN
ADV\BIN\MC130.BIN,1048600,BIN
ADV\BIN\MM001.BIN,2097176,BIN
ADV\BIN\MM002.BIN,2097176,BIN
ADV\BIN\MM003.BIN,2097176,BIN
ADV\BIN\MM004.BIN,2097176,BIN
ADV\BIN\MMP001.BIN,524312,BIN
ADV\BIN\MMP002.BIN,524312,BIN
ADV\BIN\MMP003.BIN,524312,BIN
ADV\BIN\SC000.BIN,262168,BIN
ADV\BIN\SC001.BIN,262168,BIN
ADV\BIN\SC002.BIN,262168,BIN
ADV\BIN\SC003.BIN,262168,BIN
ADV\BIN\SC004.BIN,262168,BIN
ADV\BIN\SC005.BIN,262168,BIN
ADV\BIN\SC006.BIN,262168,BIN
ADV\BIN\SC007.BIN,262168,BIN
ADV\BIN\SC008.BIN,262168,BIN
ADV\BIN\SC009.BIN,262168,BIN
ADV\BIN\SC010.BIN,262168,BIN
ADV\BIN\SC011.BIN,262168,BIN
ADV\BIN\SC012.BIN,262168,BIN
ADV\BIN\SC013.BIN,262168,BIN
ADV\BIN\SC014.BIN,262168,BIN
ADV\BIN\SC015.BIN,262168,BIN
ADV\BIN\SC016.BIN,262168,BIN
ADV\BIN\SC017.BIN,262168,BIN
ADV\BIN\SC018.BIN,262168,BIN
ADV\BIN\SC019.BIN,262168,BIN
ADV\BIN\SC020.BIN,262168,BIN
ADV\BIN\SC021.BIN,262168,BIN
ADV\BIN\SC022.BIN,262168,BIN
ADV\BIN\SC023.BIN,262168,BIN
ADV\BIN\SC024.BIN,262168,BIN
ADV\BIN\SC025.BIN,262168,BIN
ADV\BIN\SC026.BIN,262168,BIN
ADV\BIN\SC027.BIN,262168,BIN
ADV\BIN\SC028.BIN,262168,BIN
ADV\BIN\SC029.BIN,262168,BIN
ADV\BIN\SC030.BIN,262168,BIN
ADV\BIN\SC031.BIN,262168,BIN
ADV\BIN\SC032.BIN,262168,BIN
ADV\BIN\SC033.BIN,262168,BIN
ADV\BIN\SC101.BIN,262168,BIN
ADV\BIN\SC103.BIN,262168,BIN
ADV\BIN\SC105.BIN,262168,BIN
ADV\BIN\SC106.BIN,262168,BIN
ADV\BIN\SC107.BIN,262168,BIN
ADV\BIN\SC108.BIN,262168,BIN
ADV\BIN\SC109.BIN,262168,BIN
ADV\BIN\SC110.BIN,262168,BIN
ADV\BIN\SC111.BIN,262168,BIN
ADV\BIN\SC112.BIN,262168,BIN
ADV\BIN\SC113.BIN,262168,BIN
ADV\BIN\SC115.BIN,262168,BIN
ADV\BIN\SC116.BIN,262168,BIN
ADV\BIN\SC117.BIN,262168,BIN
ADV\BIN\SC118.BIN,262168,BIN
ADV\BIN\SC120.BIN,262168,BIN
ADV\BIN\SC127.BIN,262168,BIN
ADV\BIN\SC128.BIN,262168,BIN
ADV\BIN\SC129.BIN,262168,BIN
ADV\BIN\TC0101.BIN,262168,BIN
ADV\BIN\TC0102.BIN,262168,BIN
ADV\BIN\TC0103.BIN,262168,BIN
ADV\BIN\TC0104.BIN,262168,BIN
ADV\BIN\TC0105.BIN,262168,BIN
ADV\BIN\TC0201.BIN,262168,BIN
ADV\BIN\TC0202.BIN,262168,BIN
ADV\BIN\TC0203.BIN,262168,BIN
ADV\BIN\TC0204.BIN,262168,BIN
ADV\BIN\TC0205.BIN,262168,BIN
ADV\BIN\TC0301.BIN,262168,BIN
ADV\BIN\TC0302.BIN,262168,BIN
ADV\BIN\TC0303.BIN,262168,BIN
ADV\BIN\TC0304.BIN,262168,BIN
ADV\BIN\TC0401.BIN,262168,BIN
ADV\BIN\TC0402.BIN,262168,BIN
ADV\BIN\TC0403.BIN,262168,BIN
ADV\BIN\TC0404.BIN,262168,BIN
ADV\BIN\TC0405.BIN,262168,BIN
ADV\BIN\TC0501.BIN,262168,BIN
ADV\BIN\TC0502.BIN,262168,BIN
ADV\BIN\TC0503.BIN,262168,BIN
ADV\BIN\TC0504.BIN,262168,BIN
ADV\BIN\TC0505.BIN,262168,BIN
ADV\BIN\TC0601.BIN,262168,BIN
ADV\BIN\TC0602.BIN,262168,BIN
ADV\BIN\TC0603.BIN,262168,BIN
ADV\BIN\TC0604.BIN,262168,BIN
ADV\BIN\TC0605.BIN,262168,BIN
ADV\BIN\TC0701.BIN,262168,BIN
ADV\BIN\TC0702.BIN,262168,BIN
ADV\BIN\TC0703.BIN,262168,BIN
ADV\BIN\TC0704.BIN,262168,BIN
ADV\BIN\TC0705.BIN,262168,BIN
ADV\BIN\TC0801.BIN,262168,BIN
ADV\BIN\TC0802.BIN,262168,BIN
ADV\BIN\TC0803.BIN,262168,BIN
ADV\BIN\TC0804.BIN,262168,BIN
ADV\BIN\TC0805.BIN,262168,BIN
ADV\BIN\TC0901.BIN,262168,BIN
ADV\BIN\TC0902.BIN,262168,BIN
ADV\BIN\TC0903.BIN,262168,BIN
ADV\BIN\TC0904.BIN,262168,BIN
ADV\BIN\TC0905.BIN,262168,BIN
ADV\BIN\TC1001.BIN,262168,BIN
ADV\BIN\TC1002.BIN,262168,BIN
ADV\BIN\TC1003.BIN,262168,BIN
ADV\BIN\TC1004.BIN,262168,BIN
ADV\BIN\TC1005.BIN,262168,BIN
ADV\BIN\TC1101.BIN,262168,BIN
ADV\BIN\TC1102.BIN,262168,BIN
ADV\BIN\TC1103.BIN,262168,BIN
ADV\BIN\TC1104.BIN,262168,BIN
ADV\BIN\TC1105.BIN,262168,BIN
ADV\BIN\TC1201.BIN,262168,BIN
ADV\BIN\TC1202.BIN,262168,BIN
ADV\BIN\TC1203.BIN,262168,BIN
ADV\BIN\TC1204.BIN,262168,BIN
ADV\BIN\TC1205.BIN,262168,BIN
ADV\DAT\BATTLE001.YBC,588,YBC文本
ADV\DAT\BATTLE002.YBC,588,YBC文本
ADV\DAT\BATTLE003.YBC,588,YBC文本
ADV\DAT\BATTLE004.YBC,588,YBC文本
ADV\DAT\BATTLE005.YBC,588,YBC文本
ADV\DAT\BATTLE006.YBC,588,YBC文本
ADV\DAT\BATTLE007.YBC,588,YBC文本
ADV\DAT\BATTLE008.YBC,588,YBC文本
ADV\DAT\BATTLE009.YBC,588,YBC文本
ADV\DAT\BATTLE010.YBC,588,YBC文本
ADV\DAT\BATTLE011.YBC,588,YBC文本
ADV\DAT\BATTLE012.YBC,588,YBC文本
ADV\DAT\BATTLEMAIN.YBC,588,YBC文本
ADV\DAT\CH001.YBC,7112,YBC文本
ADV\DAT\CH002.YBC,2568,YBC文本
ADV\DAT\CH003.YBC,3272,YBC文本
ADV\DAT\CHAPTER001.YBC,1888,YBC文本
ADV\DAT\CHAPTER002.YBC,6448,YBC文本
ADV\DAT\CHAPTER003.YBC,12788,YBC文本
ADV\DAT\CHAPTER004.YBC,2548,YBC文本
ADV\DAT\CHAPTER005.YBC,1386,YBC文本
ADV\DAT\CHAPTER006.YBC,11850,YBC文本
ADV\DAT\CHAPTER007.YBC,3182,YBC文本
ADV\DAT\CHAPTER008.YBC,5232,YBC文本
ADV\DAT\CHAPTER009.YBC,1020,YBC文本
ADV\DAT\CHAPTER010.YBC,9012,YBC文本
ADV\DAT\CHAPTER011.YBC,6028,YBC文本
ADV\DAT\CHAPTER012.YBC,2516,YBC文本
ADV\DAT\CHAPTER013.YBC,1384,YBC文本
ADV\DAT\CHAPTER014.YBC,6094,YBC文本
ADV\DAT\CHAPTER015.YBC,4036,YBC文本
ADV\DAT\CHAPTER016.YBC,4882,YBC文本
ADV\DAT\CHAPTER017.YBC,3094,YBC文本
ADV\DAT\CHAPTER018.YBC,8454,YBC文本
ADV\DAT\CHAPTER019.YBC,3856,YBC文本
ADV\DAT\CHAPTER020.YBC,19404,YBC文本
ADV\DAT\CHAPTER021.YBC,4178,YBC文本
ADV\DAT\CHAPTER022.YBC,5024,YBC文本
ADV\DAT\CHAPTER023.YBC,10878,YBC文本
ADV\DAT\CHAPTER024.YBC,12286,YBC文本
ADV\DAT\CHAPTER025.YBC,2302,YBC文本
ADV\DAT\CHAPTER026.YBC,7092,YBC文本
ADV\DAT\CHAPTER027.YBC,16608,YBC文本
ADV\DAT\CHAPTER028.YBC,4556,YBC文本
ADV\DAT\CHAPTER029.YBC,10078,YBC文本
ADV\DAT\CHAPTER030.YBC,4682,YBC文本
ADV\DAT\CHAPTER030A.YBC,824,YBC文本
ADV\DAT\CHAPTER030B.YBC,5020,YBC文本
ADV\DAT\CHAPTER031.YBC,5382,YBC文本
ADV\DAT\CHAPTER032.YBC,4434,YBC文本
ADV\DAT\CHAPTER033.YBC,4174,YBC文本
ADV\DAT\CHAPTER034.YBC,1158,YBC文本
ADV\DAT\CHAPTER035.YBC,5658,YBC文本
ADV\DAT\CHAPTER036.YBC,2178,YBC文本
ADV\DAT\CHAPTER037.YBC,6312,YBC文本
ADV\DAT\CHAPTER038.YBC,5204,YBC文本
ADV\DAT\CHAPTER039.YBC,8550,YBC文本
ADV\DAT\CHAPTER039A.YBC,4760,YBC文本
ADV\DAT\CHAPTER040.YBC,5072,YBC文本
ADV\DAT\CHAPTER041.YBC,848,YBC文本
ADV\DAT\CHAPTER042.YBC,6794,YBC文本
ADV\DAT\CHAPTER043.YBC,1112,YBC文本
ADV\DAT\CHAPTER043A.YBC,3626,YBC文本
ADV\DAT\CHAPTER044.YBC,292,YBC文本
ADV\DAT\CHAPTER045.YBC,2708,YBC文本
ADV\DAT\CHAPTER046.YBC,2362,YBC文本
ADV\DAT\CHAPTER047.YBC,2194,YBC文本
ADV\DAT\CHAPTER048.YBC,218,YBC文本
ADV\DAT\CHAPTER049.YBC,13542,YBC文本
ADV\DAT\CHAPTER050.YBC,6108,YBC文本
ADV\DAT\CHAPTER051.YBC,3598,YBC文本
ADV\DAT\CHAPTER052.YBC,1846,YBC文本
ADV\DAT\CHAPTER053.YBC,5508,YBC文本
ADV\DAT\CHAPTER054.YBC,2204,YBC文本
ADV\DAT\CHAPTER055.YBC,3452,YBC文本
ADV\DAT\CHAPTER056.YBC,3902,YBC文本
ADV\DAT\CHAPTER057.YBC,1436,YBC文本
ADV\DAT\CHAPTER058.YBC,7594,YBC文本
ADV\DAT\CHAPTER059.YBC,5518,YBC文本
ADV\DAT\CHAPTER060.YBC,3168,YBC文本
ADV\DAT\CHAPTER061.YBC,8744,YBC文本
ADV\DAT\CHAPTER062.YBC,294,YBC文本
ADV\DAT\CHAPTER063.YBC,198,YBC文本
ADV\DAT\CHAPTER064.YBC,4008,YBC文本
ADV\DAT\CHAPTER065.YBC,3068,YBC文本
ADV\DAT\CHAPTER066.YBC,4018,YBC文本
ADV\DAT\CHAPTER067.YBC,3842,YBC文本
ADV\DAT\CHAPTER068.YBC,1788,YBC文本
ADV\DAT\CHAPTER069.YBC,10504,YBC文本
ADV\DAT\CHAPTER070.YBC,5124,YBC文本
ADV\DAT\CHAPTER071.YBC,11480,YBC文本
ADV\DAT\CHAPTER072.YBC,7542,YBC文本
ADV\DAT\CHAPTER073.YBC,718,YBC文本
ADV\DAT\CHAPTER074.YBC,3316,YBC文本
ADV\DAT\CHAPTER075.YBC,2232,YBC文本
ADV\DAT\CHAPTER076.YBC,10510,YBC文本
ADV\DAT\CHAPTER077.YBC,3512,YBC文本
ADV\DAT\CHAPTER078.YBC,6346,YBC文本
ADV\DAT\CHAPTER079.YBC,1392,YBC文本
ADV\DAT\CHAPTER080.YBC,5012,YBC文本
ADV\DAT\CHAPTER081.YBC,5262,YBC文本
ADV\DAT\CHAPTER082.YBC,10488,YBC文本
ADV\DAT\CHAPTER083.YBC,4920,YBC文本
ADV\DAT\CHAPTER084.YBC,4286,YBC文本
ADV\DAT\CHAPTER085.YBC,1392,YBC文本
ADV\DAT\CHAPTER085B.YBC,1920,YBC文本
ADV\DAT\CHAPTER086.YBC,2866,YBC文本
ADV\DAT\CHAPTER087.YBC,974,YBC文本
ADV\DAT\CHAPTER088.YBC,8306,YBC文本
ADV\DAT\CHAPTER089.YBC,2010,YBC文本
ADV\DAT\CHAPTER090.YBC,5714,YBC文本
ADV\DAT\CHAPTER091.YBC,6100,YBC文本
ADV\DAT\CHAPTER092.YBC,2672,YBC文本
ADV\DAT\CHAPTER093.YBC,1914,YBC文本
ADV\DAT\CHAPTER094.YBC,5690,YBC文本
ADV\DAT\CHAPTER095.YBC,4390,YBC文本
ADV\DAT\CHAPTER096.YBC,5768,YBC文本
ADV\DAT\CHAPTER097.YBC,5980,YBC文本
ADV\DAT\CHAPTER097A.YBC,1298,YBC文本
ADV\DAT\CHAPTER097B.YBC,1300,YBC文本
ADV\DAT\CHAPTER097C.YBC,1300,YBC文本
ADV\DAT\CHAPTER097D.YBC,1304,YBC文本
ADV\DAT\CHAPTER097E.YBC,1300,YBC文本
ADV\DAT\CHAPTER097F.YBC,1304,YBC文本
ADV\DAT\CHAPTER097G.YBC,1300,YBC文本
ADV\DAT\CHAPTER097H.YBC,1300,YBC文本
ADV\DAT\CHAPTER097I.YBC,1300,YBC文本
ADV\DAT\CHAPTER097J.YBC,1300,YBC文本
ADV\DAT\CHAPTER097K.YBC,1300,YBC文本
ADV\DAT\CHAPTER097L.YBC,1300,YBC文本
ADV\DAT\CHAPTER098.YBC,1222,YBC文本
ADV\DAT\CHAPTER203.YBC,2340,YBC文本
ADV\DAT\CHAPTER204.YBC,762,YBC文本
ADV\DAT\CHAPTER205.YBC,2984,YBC文本
ADV\DAT\CHAPTER206.YBC,1808,YBC文本
ADV\DAT\CHAPTER207.YBC,1594,YBC文本
ADV\DAT\CHAPTER208.YBC,1126,YBC文本
ADV\DAT\CHAPTER209.YBC,4020,YBC文本
ADV\DAT\CHAPTER210.YBC,2616,YBC文本
ADV\DAT\CHAPTER211.YBC,1358,YBC文本
ADV\DAT\CHAPTER213.YBC,1364,YBC文本
ADV\DAT\CHAPTER214.YBC,2716,YBC文本
ADV\DAT\CHAPTER217.YBC,1192,YBC文本
ADV\DAT\CHAPTER218.YBC,1262,YBC文本
ADV\DAT\CHAPTER220.YBC,768,YBC文本
ADV\DAT\CHAPTER221.YBC,2396,YBC文本
ADV\DAT\CHAPTER224.YBC,1600,YBC文本
ADV\DAT\CHAPTER229.YBC,1250,YBC文本
ADV\DAT\CHAPTER231.YBC,2076,YBC文本
ADV\DAT\CHAPTER232.YBC,1980,YBC文本
ADV\DAT\CHAPTER233.YBC,3104,YBC文本
ADV\DAT\CHAPTER235.YBC,1380,YBC文本
ADV\DAT\CHAPTER237.YBC,476,YBC文本
ADV\DAT\CHAPTER248.YBC,696,YBC文本
ADV\DAT\CHAPTER301.YBC,1922,YBC文本
ADV\DAT\CHAPTER302.YBC,5590,YBC文本
ADV\DAT\CHAPTER303.YBC,3002,YBC文本
ADV\DAT\CHAPTER304.YBC,4658,YBC文本
ADV\DAT\CHAPTER305.YBC,2132,YBC文本
ADV\DAT\CHAPTER306.YBC,2656,YBC文本
ADV\DAT\CHAPTER307.YBC,5518,YBC文本
ADV\DAT\CHAPTER308.YBC,4014,YBC文本
ADV\DAT\CHAPTER309.YBC,6682,YBC文本
ADV\DAT\CHAPTER310.YBC,7882,YBC文本
ADV\DAT\CHAPTER311.YBC,1640,YBC文本
ADV\DAT\CHAPTER312.YBC,3280,YBC文本
ADV\DAT\CHAPTER313.YBC,3400,YBC文本
ADV\DAT\CHAPTER314A.YBC,2838,YBC文本
ADV\DAT\CHAPTER314B.YBC,2210,YBC文本
ADV\DAT\HAN001.YBC,2446,YBC文本
ADV\DAT\HAN002.YBC,3750,YBC文本
ADV\DAT\HAN003.YBC,3622,YBC文本
ADV\DAT\HAN004.YBC,3722,YBC文本
ADV\DAT\HANMAIN.YBC,884,YBC文本
ADV\DAT\HATUBAI.YBC,204,YBC文本
ADV\DAT\KOJIN001.YBC,4546,YBC文本
ADV\DAT\KOJIN002.YBC,6328,YBC文本
ADV\DAT\KOJIN003.YBC,5120,YBC文本
ADV\DAT\KOJIN004.YBC,4234,YBC文本
ADV\DAT\KOJIN005.YBC,5016,YBC文本
ADV\DAT\KOJIN006.YBC,3422,YBC文本
ADV\DAT\KOJINMAIN.YBC,1180,YBC文本
ADV\DAT\MAP.YBC,280,YBC文本
ADV\DAT\MENU001.YBC,2112,YBC文本
ADV\DAT\MENU002.YBC,2024,YBC文本
ADV\DAT\MENU003.YBC,2024,YBC文本
ADV\DAT\MENU004.YBC,1848,YBC文本
ADV\DAT\MENU005.YBC,2024,YBC文本
ADV\DAT\MENU006.YBC,2024,YBC文本
ADV\DAT\MENU007.YBC,2024,YBC文本
ADV\DAT\MENU008.YBC,1760,YBC文本
ADV\DAT\MM001.YBC,688,YBC文本
ADV\DAT\SUBCHACK.YBC,1592,YBC文本
ADV\DAT\BIG5\CHAPTER001.YBC,1888,YBC文本
ADV\DAT\BIG5\CHAPTER002.YBC,6448,YBC文本
ADV\DAT\BIG5\CHAPTER003.YBC,12788,YBC文本
ADV\DAT\BIG5\CHAPTER004.YBC,2548,YBC文本
ADV\DAT\BIG5\CHAPTER005.YBC,1386,YBC文本
ADV\DAT\BIG5\CHAPTER006.YBC,11850,YBC文本
ADV\DAT\BIG5\CHAPTER007.YBC,3182,YBC文本
ADV\DAT\BIG5\CHAPTER008.YBC,5232,YBC文本
ADV\DAT\BIG5\CHAPTER009.YBC,1020,YBC文本
ADV\DAT\BIG5\CHAPTER010.YBC,9012,YBC文本
ADV\DAT\BIG5\CHAPTER011.YBC,6028,YBC文本
ADV\DAT\BIG5\CHAPTER012.YBC,2516,YBC文本
ADV\DAT\BIG5\CHAPTER013.YBC,1384,YBC文本
ADV\DAT\BIG5\CHAPTER014.YBC,6094,YBC文本
ADV\DAT\BIG5\CHAPTER015.YBC,4036,YBC文本
ADV\DAT\BIG5\CHAPTER016.YBC,4882,YBC文本
ADV\DAT\BIG5\CHAPTER017.YBC,3094,YBC文本
ADV\DAT\BIG5\CHAPTER018.YBC,8454,YBC文本
ADV\DAT\BIG5\CHAPTER019.YBC,3856,YBC文本
ADV\DAT\BIG5\CHAPTER020.YBC,19404,YBC文本
ADV\DAT\BIG5\CHAPTER021.YBC,4178,YBC文本
ADV\DAT\BIG5\CHAPTER022.YBC,5024,YBC文本
ADV\DAT\BIG5\CHAPTER023.YBC,10878,YBC文本
ADV\DAT\BIG5\CHAPTER024.YBC,12286,YBC文本
ADV\DAT\BIG5\CHAPTER025.YBC,2302,YBC文本
ADV\DAT\BIG5\CHAPTER026.YBC,7092,YBC文本
ADV\DAT\BIG5\CHAPTER027.YBC,16608,YBC文本
ADV\DAT\BIG5\CHAPTER028.YBC,4556,YBC文本
ADV\DAT\BIG5\CHAPTER029.YBC,10078,YBC文本
ADV\DAT\BIG5\CHAPTER030.YBC,4682,YBC文本
ADV\DAT\BIG5\CHAPTER030A.YBC,824,YBC文本
ADV\DAT\BIG5\CHAPTER030B.YBC,5020,YBC文本
ADV\DAT\BIG5\CHAPTER031.YBC,5382,YBC文本
ADV\DAT\BIG5\CHAPTER032.YBC,4434,YBC文本
ADV\DAT\BIG5\CHAPTER033.YBC,4174,YBC文本
ADV\DAT\BIG5\CHAPTER034.YBC,1158,YBC文本
ADV\DAT\BIG5\CHAPTER035.YBC,5658,YBC文本
ADV\DAT\BIG5\CHAPTER036.YBC,2178,YBC文本
ADV\DAT\BIG5\CHAPTER037.YBC,6312,YBC文本
ADV\DAT\BIG5\CHAPTER038.YBC,5204,YBC文本
ADV\DAT\BIG5\CHAPTER039.YBC,8550,YBC文本
ADV\DAT\BIG5\CHAPTER039A.YBC,4760,YBC文本
ADV\DAT\BIG5\CHAPTER040.YBC,5072,YBC文本
ADV\DAT\BIG5\CHAPTER041.YBC,848,YBC文本
ADV\DAT\BIG5\CHAPTER042.YBC,6794,YBC文本
ADV\DAT\BIG5\CHAPTER043.YBC,1112,YBC文本
ADV\DAT\BIG5\CHAPTER043A.YBC,3626,YBC文本
ADV\DAT\BIG5\CHAPTER044.YBC,292,YBC文本
ADV\DAT\BIG5\CHAPTER045.YBC,2708,YBC文本
ADV\DAT\BIG5\CHAPTER046.YBC,2362,YBC文本
ADV\DAT\BIG5\CHAPTER047.YBC,2194,YBC文本
ADV\DAT\BIG5\CHAPTER048.YBC,218,YBC文本
ADV\DAT\BIG5\CHAPTER049.YBC,13542,YBC文本
ADV\DAT\BIG5\CHAPTER050.YBC,6108,YBC文本
ADV\DAT\BIG5\CHAPTER051.YBC,3598,YBC文本
ADV\DAT\BIG5\CHAPTER052.YBC,1846,YBC文本
ADV\DAT\BIG5\CHAPTER053.YBC,5508,YBC文本
ADV\DAT\BIG5\CHAPTER054.YBC,2204,YBC文本
ADV\DAT\BIG5\CHAPTER055.YBC,3452,YBC文本
ADV\DAT\BIG5\CHAPTER056.YBC,3902,YBC文本
ADV\DAT\BIG5\CHAPTER057.YBC,1436,YBC文本
ADV\DAT\BIG5\CHAPTER058.YBC,7594,YBC文本
ADV\DAT\BIG5\CHAPTER059.YBC,5518,YBC文本
ADV\DAT\BIG5\CHAPTER060.YBC,3168,YBC文本
ADV\DAT\BIG5\CHAPTER061.YBC,8744,YBC文本
ADV\DAT\BIG5\CHAPTER062.YBC,294,YBC文本
ADV\DAT\BIG5\CHAPTER063.YBC,198,YBC文本
ADV\DAT\BIG5\CHAPTER064.YBC,4008,YBC文本
ADV\DAT\BIG5\CHAPTER065.YBC,3068,YBC文本
ADV\DAT\BIG5\CHAPTER066.YBC,4018,YBC文本
ADV\DAT\BIG5\CHAPTER067.YBC,3842,YBC文本
ADV\DAT\BIG5\CHAPTER068.YBC,1788,YBC文本
ADV\DAT\BIG5\CHAPTER069.YBC,10504,YBC文本
ADV\DAT\BIG5\CHAPTER070.YBC,5124,YBC文本
ADV\DAT\BIG5\CHAPTER071.YBC,11480,YBC文本
ADV\DAT\BIG5\CHAPTER072.YBC,7542,YBC文本
ADV\DAT\BIG5\CHAPTER073.YBC,718,YBC文本
ADV\DAT\BIG5\CHAPTER074.YBC,3316,YBC文本
ADV\DAT\BIG5\CHAPTER075.YBC,2232,YBC文本
ADV\DAT\BIG5\CHAPTER076.YBC,10510,YBC文本
ADV\DAT\BIG5\CHAPTER077.YBC,3512,YBC文本
ADV\DAT\BIG5\CHAPTER078.YBC,6346,YBC文本
ADV\DAT\BIG5\CHAPTER079.YBC,1392,YBC文本
ADV\DAT\BIG5\CHAPTER080.YBC,5012,YBC文本
ADV\DAT\BIG5\CHAPTER081.YBC,5262,YBC文本
ADV\DAT\BIG5\CHAPTER082.YBC,10488,YBC文本
ADV\DAT\BIG5\CHAPTER083.YBC,4920,YBC文本
ADV\DAT\BIG5\CHAPTER084.YBC,4286,YBC文本
ADV\DAT\BIG5\CHAPTER085.YBC,1392,YBC文本
ADV\DAT\BIG5\CHAPTER085B.YBC,1920,YBC文本
ADV\DAT\BIG5\CHAPTER086.YBC,2866,YBC文本
ADV\DAT\BIG5\CHAPTER087.YBC,974,YBC文本
ADV\DAT\BIG5\CHAPTER088.YBC,8306,YBC文本
ADV\DAT\BIG5\CHAPTER089.YBC,2010,YBC文本
ADV\DAT\BIG5\CHAPTER090.YBC,5714,YBC文本
ADV\DAT\BIG5\CHAPTER091.YBC,6100,YBC文本
ADV\DAT\BIG5\CHAPTER092.YBC,2672,YBC文本
ADV\DAT\BIG5\CHAPTER093.YBC,1914,YBC文本
ADV\DAT\BIG5\CHAPTER094.YBC,5690,YBC文本
ADV\DAT\BIG5\CHAPTER095.YBC,4390,YBC文本
ADV\DAT\BIG5\CHAPTER096.YBC,5768,YBC文本
ADV\DAT\BIG5\CHAPTER097.YBC,5980,YBC文本
ADV\DAT\BIG5\CHAPTER097A.YBC,1298,YBC文本
ADV\DAT\BIG5\CHAPTER097B.YBC,1300,YBC文本
ADV\DAT\BIG5\CHAPTER097C.YBC,1300,YBC文本
ADV\DAT\BIG5\CHAPTER097D.YBC,1304,YBC文本
ADV\DAT\BIG5\CHAPTER097E.YBC,1300,YBC文本
ADV\DAT\BIG5\CHAPTER097F.YBC,1304,YBC文本
ADV\DAT\BIG5\CHAPTER097G.YBC,1300,YBC文本
ADV\DAT\BIG5\CHAPTER097H.YBC,1300,YBC文本
ADV\DAT\BIG5\CHAPTER097I.YBC,1300,YBC文本
ADV\DAT\BIG5\CHAPTER097J.YBC,1300,YBC文本
ADV\DAT\BIG5\CHAPTER097K.YBC,1300,YBC文本
ADV\DAT\BIG5\CHAPTER097L.YBC,1300,YBC文本
ADV\DAT\BIG5\CHAPTER098.YBC,1222,YBC文本
ADV\DAT\BIG5\CHAPTER203.YBC,2340,YBC文本
ADV\DAT\BIG5\CHAPTER204.YBC,762,YBC文本
ADV\DAT\BIG5\CHAPTER205.YBC,2984,YBC文本
ADV\DAT\BIG5\CHAPTER206.YBC,1808,YBC文本
ADV\DAT\BIG5\CHAPTER207.YBC,1594,YBC文本
ADV\DAT\BIG5\CHAPTER208.YBC,1126,YBC文本
ADV\DAT\BIG5\CHAPTER209.YBC,4020,YBC文本
ADV\DAT\BIG5\CHAPTER210.YBC,2616,YBC文本
ADV\DAT\BIG5\CHAPTER211.YBC,1358,YBC文本
ADV\DAT\BIG5\CHAPTER213.YBC,1364,YBC文本
ADV\DAT\BIG5\CHAPTER214.YBC,2716,YBC文本
ADV\DAT\BIG5\CHAPTER217.YBC,1192,YBC文本
ADV\DAT\BIG5\CHAPTER218.YBC,1262,YBC文本
ADV\DAT\BIG5\CHAPTER220.YBC,768,YBC文本
ADV\DAT\BIG5\CHAPTER221.YBC,2396,YBC文本
ADV\DAT\BIG5\CHAPTER224.YBC,1600,YBC文本
ADV\DAT\BIG5\CHAPTER229.YBC,1250,YBC文本
ADV\DAT\BIG5\CHAPTER231.YBC,2076,YBC文本
ADV\DAT\BIG5\CHAPTER232.YBC,1980,YBC文本
ADV\DAT\BIG5\CHAPTER233.YBC,3104,YBC文本
ADV\DAT\BIG5\CHAPTER235.YBC,1380,YBC文本
ADV\DAT\BIG5\CHAPTER237.YBC,476,YBC文本
ADV\DAT\BIG5\CHAPTER248.YBC,696,YBC文本
ADV\DAT\BIG5\CHAPTER301.YBC,1922,YBC文本
ADV\DAT\BIG5\CHAPTER302.YBC,5590,YBC文本
ADV\DAT\BIG5\CHAPTER303.YBC,3002,YBC文本
ADV\DAT\BIG5\CHAPTER304.YBC,4658,YBC文本
ADV\DAT\BIG5\CHAPTER305.YBC,2132,YBC文本
ADV\DAT\BIG5\CHAPTER306.YBC,2656,YBC文本
ADV\DAT\BIG5\CHAPTER307.YBC,5518,YBC文本
ADV\DAT\BIG5\CHAPTER308.YBC,4014,YBC文本
ADV\DAT\BIG5\CHAPTER309.YBC,6682,YBC文本
ADV\DAT\BIG5\CHAPTER310.YBC,7882,YBC文本
ADV\DAT\BIG5\CHAPTER311.YBC,1640,YBC文本
ADV\DAT\BIG5\CHAPTER312.YBC,3280,YBC文本
ADV\DAT\BIG5\CHAPTER313.YBC,3400,YBC文本
ADV\DAT\BIG5\CHAPTER314A.YBC,2838,YBC文本
ADV\DAT\BIG5\CHAPTER314B.YBC,2210,YBC文本
ALLRESULT\ALLRESULT.BIN,5767288,BIN
ALLRESULT\ANMALLRESULT.BIN,248640,BIN
ALLRESULT\DAT\MVP.YBC,1092,YBC文本
ALLRESULT\DAT\MVP001.YBC,2684,YBC文本
ALLRESULT\DAT\MVP002.YBC,2736,YBC文本
ALLRESULT\DAT\MVP003.YBC,2618,YBC文本
ALLRESULT\DAT\MVP004.YBC,2746,YBC文本
ALLRESULT\DAT\MVP005.YBC,4928,YBC文本
ALLRESULT\DAT\MVP006.YBC,2154,YBC文本
ALLRESULT\DAT\MVP007.YBC,3554,YBC文本
ALLRESULT\DAT\MVP008.YBC,2756,YBC文本
ALLRESULT\DAT\MVP009.YBC,3090,YBC文本
ALLRESULT\DAT\MVP010.YBC,1578,YBC文本
ALLRESULT\DAT\MVP011.YBC,2504,YBC文本
ALLRESULT\DAT\MVP012.YBC,3326,YBC文本
ALLRESULT\DAT\MVP101.YBC,3112,YBC文本
ALLRESULT\DAT\NOMVP.YBC,148,YBC文本
ALLRESULT\DAT\BIG5\MVP001.YBC,2684,YBC文本
ALLRESULT\DAT\BIG5\MVP002.YBC,2736,YBC文本
ALLRESULT\DAT\BIG5\MVP003.YBC,2618,YBC文本
ALLRESULT\DAT\BIG5\MVP004.YBC,2746,YBC文本
ALLRESULT\DAT\BIG5\MVP005.YBC,4928,YBC文本
ALLRESULT\DAT\BIG5\MVP006.YBC,2154,YBC文本
ALLRESULT\DAT\BIG5\MVP007.YBC,3554,YBC文本
ALLRESULT\DAT\BIG5\MVP008.YBC,2756,YBC文本
ALLRESULT\DAT\BIG5\MVP009.YBC,3090,YBC文本
ALLRESULT\DAT\BIG5\MVP010.YBC,1578,YBC文本
ALLRESULT\DAT\BIG5\MVP011.YBC,2504,YBC文本
ALLRESULT\DAT\BIG5\MVP012.YBC,3326,YBC文本
ALLRESULT\DAT\BIG5\MVP101.YBC,3112,YBC文本
ALLRESULT\DAT\BIG5\NOMVP.YBC,148,YBC文本
DXANIM\01E.BIN,192868,BIN
DXANIM\02E.BIN,1299516,BIN
DXANIM\03E.BIN,396924,BIN
DXANIM\04E.BIN,356080,BIN
DXANIM\05E.BIN,501384,BIN
DXANIM\06E.BIN,400780,BIN
DXANIM\07E.BIN,307476,BIN
DXANIM\08E.BIN,312684,BIN
DXANIM\09E.BIN,414268,BIN
DXANIM\10E.BIN,666944,BIN
DXANIM\11E.BIN,344880,BIN
DXANIM\12E.BIN,410624,BIN
DXANIM\13E.BIN,787636,BIN
DXANIM\14E.BIN,1061540,BIN
DXANIM\15E.BIN,1086332,BIN
DXANIM\17E.BIN,1081580,BIN
DXANIM\18E.BIN,638400,BIN
DXANIM\19E.BIN,399928,BIN
DXANIM\20E.BIN,373212,BIN
DXANIM\21E.BIN,146768,BIN
DXANIM\22E.BIN,220640,BIN
DXANIM\24E.BIN,1034624,BIN
DXANIM\25E.BIN,199892,BIN
DXANIM\26E.BIN,130256,BIN
DXANIM\31E.BIN,116356,BIN
DXANIM\33E.BIN,119652,BIN
DXANIM\37E.BIN,300644,BIN
DXANIM\38E.BIN,124292,BIN
DXANIM\44E_0.BIN,2254808,BIN
DXANIM\44E_1.BIN,725104,BIN
DXANIM\44E_2.BIN,724624,BIN
DXANIM\44E_3.BIN,727504,BIN
DXANIM\45E.BIN,2008788,BIN
DXANIM\46E.BIN,1264760,BIN
DXANIM\47E_0.BIN,2127456,BIN
DXANIM\47E_1.BIN,152028,BIN
DXANIM\48E_0.BIN,2492508,BIN
DXANIM\48E_1.BIN,2506840,BIN
DXANIM\50E.BIN,259660,BIN
DXANIM\51E.BIN,1552728,BIN
DXANIM\52E.BIN,932716,BIN
DXANIM\53E.BIN,1580300,BIN
DXANIM\A0A.BIN,1308312,BIN
DXANIM\A1A.BIN,1331256,BIN
DXANIM\B0A.BIN,1492764,BIN
DXANIM\B1A.BIN,1487368,BIN
DXANIM\C0A.BIN,871756,BIN
DXANIM\C1A.BIN,807000,BIN
DXANIM\D0A.BIN,721264,BIN
DXANIM\D1A.BIN,916980,BIN
DXANIM\E0A.BIN,504200,BIN
DXANIM\E1A.BIN,478756,BIN
DXANIM\EFCT.BIN,15662260,BIN
ED\EDDATA.BIN,7340104,BIN
MENU\ANMHAN.BIN,331276,BIN
MENU\HANDATA.BIN,7209160,BIN
MENU\KOJINDATA.BIN,32506616,BIN
OP\DEMODATA.BIN,114819992,BIN
OP\OPDATA.BIN,96469768,BIN
OP\OPDATA2.BIN,456492,BIN
OP\OPDATA_256.BIN,48286536,BIN
SLPROG\SLPROG.BIN,4997272,BIN
SOUND\BGM\ENDING.MP3,5158452,MP3
SOUND\BGM\M-001.MP3,2468884,MP3
SOUND\BGM\M-002.MP3,3197387,MP3
SOUND\BGM\M-003.MP3,2853407,MP3
SOUND\BGM\M-004.MP3,4769750,MP3
SOUND\BGM\M-005.MP3,2773995,MP3
SOUND\BGM\M-006.MP3,1517191,MP3
SOUND\BGM\M-007.MP3,2315911,MP3
SOUND\BGM\M-008.MP3,2453420,MP3
SOUND\BGM\M-009.MP3,2409952,MP3
SOUND\BGM\M-010.MP3,3499990,MP3
SOUND\BGM\M-011.MP3,3007216,MP3
SOUND\BGM\M-012.MP3,3325701,MP3
SOUND\BGM\M-013.MP3,2740558,MP3
SOUND\BGM\M-015.MP3,2577136,MP3
SOUND\BGM\M-016.MP3,2594272,MP3
SOUND\BGM\M-017.MP3,3152666,MP3
SOUND\BGM\M-019.MP3,3221629,MP3
SOUND\BGM\M-020.MP3,2959151,MP3
SOUND\BGM\M-021.MP3,2648189,MP3
SOUND\BGM\M-022.MP3,2341407,MP3
SOUND\BGM\OPENING.MP3,4329221,MP3
SOUND\BGM\PH001.MP3,158824,MP3
SOUND\BGM\PH002.MP3,197694,MP3
SOUND\BGM\PH003.MP3,203128,MP3
SOUND\BGM\PH004.MP3,196858,MP3
SOUND\BGM\PH005.MP3,117864,MP3
SOUND\BGM\PH006.MP3,124551,MP3
SOUND\BGM\PH007.MP3,84845,MP3
SOUND\BGM\PH008.MP3,121541,MP3
SOUND\BGM\SE-001.MP3,654106,MP3
SOUND\BGM\TITLESE.MP3,1018148,MP3
SOUND\PLW\ADVSND\SE-028.WAV,32182,WAV
SOUND\PLW\ADVSND\SE-029.WAV,71626,WAV
SOUND\PLW\ARSND\SE-041.WAV,133484,WAV
SOUND\PLW\ARSND\SE-042.WAV,8032,WAV
SOUND\PLW\ARSND\SE-ARBACK00.WAV,926732,WAV
SOUND\PLW\ARSND\SE-ARBACK01.WAV,669164,WAV
SOUND\PLW\ARSND\SE-LUP00.WAV,96556,WAV
SOUND\PLW\ARSND\SE-SKUP00.WAV,136748,WAV
SOUND\PLW\ARSND\SE-SUP00.WAV,71646,WAV
SOUND\PLW\COMMON\DOWN.WAV,6951,WAV
SOUND\PLW\COMMON\E_SE04.WAV,98348,WAV
SOUND\PLW\COMMON\E_SE08_2.WAV,46124,WAV
SOUND\PLW\COMMON\KIN.WAV,97920,WAV
SOUND\PLW\COMMON\NTA0.WAV,136748,WAV
SOUND\PLW\COMMON\NTA1.WAV,96556,WAV
SOUND\PLW\COMMON\OFF.WAV,4929,WAV
SOUND\PLW\COMMON\ON.WAV,7916,WAV
SOUND\PLW\COMMON\POP0.WAV,6028,WAV
SOUND\PLW\COMMON\POP1.WAV,5408,WAV
SOUND\PLW\COMMON\SWITCH.WAV,8160,WAV
SOUND\PLW\COMMON\UP.WAV,13858,WAV
SOUND\PLW\NETSND\WAIT.WAV,669164,WAV
SOUND\PLW\NETSND\ZYAN.WAV,923766,WAV
SOUND\PLW\TRSND\SE-TRBACK00.WAV,1745228,WAV
SOUND\PLW\TRSND\SE-TRBACK01.WAV,1364204,WAV
SOUND\PLW\UNITSND\S09_2.WAV,15832,WAV
SOUND\PLW\UNITSND\S09_3.WAV,15112,WAV
SOUND\PLW\UNITSND\S21.WAV,50732,WAV
SOUND\PLW\UNITSND\S28.WAV,120108,WAV
SOUND\PLW\UNITSND\S36.WAV,34444,WAV
SOUND\PLW\UNITSND\S40.WAV,22572,WAV
SOUND\PLW\UNITSND\S50.WAV,41004,WAV
SOUND\PLW\UNITSND\SE-043-1.WAV,8084,WAV
SOUND\PLW\UNITSND\SE-043-2.WAV,9926,WAV
SOUND\PLW\UNITSND\SE-043-3.WAV,7252,WAV
SOUND\PLW\UNITSND\SE-043-4.WAV,10858,WAV
SOUND\PLW\UNITSND\SE-043-5.WAV,11250,WAV
SOUND\PLW\UNITSND\SE-044-1.WAV,6756,WAV
SOUND\PLW\UNITSND\SE-044-2.WAV,7402,WAV
SOUND\PLW\UNITSND\SE-044-3.WAV,6640,WAV
SOUND\PLW\UNITSND\SE-044-4.WAV,6142,WAV
SOUND\PLW\UNITSND\SE-044-5.WAV,7568,WAV
SOUND\PLW\UNITSND\SE-045-1.WAV,9426,WAV
SOUND\PLW\UNITSND\SE-045-2.WAV,5650,WAV
SOUND\PLW\UNITSND\SE-045-3.WAV,4872,WAV
SOUND\PLW\UNITSND\SE-045-4.WAV,4760,WAV
SOUND\PLW\UNITSND\SE-045-5.WAV,10438,WAV
SOUND\PLW\UNITSND\SE-046-1.WAV,12550,WAV
SOUND\PLW\UNITSND\SE-046-2.WAV,5576,WAV
SOUND\PLW\UNITSND\SE-046-3.WAV,7876,WAV
SOUND\PLW\UNITSND\SE-046-4.WAV,6792,WAV
SOUND\PLW\UNITSND\SE-047-1.WAV,10468,WAV
SOUND\PLW\UNITSND\SE-047-2.WAV,16138,WAV
SOUND\PLW\UNITSND\SE-048-1.WAV,32496,WAV
SOUND\PLW\UNITSND\SE-048-2.WAV,15886,WAV
SOUND\PLW\UNITSND\SE-048-3.WAV,15860,WAV
SOUND\PLW\UNITSND\SE-048-4.WAV,15744,WAV
SOUND\PLW\UNITSND\SE-049-1.WAV,14260,WAV
SOUND\PLW\UNITSND\SE-049-2.WAV,12360,WAV
SOUND\PLW\UNITSND\SE-049-3.WAV,18756,WAV
SOUND\PLW\UNITSND\SE-049-4.WAV,21832,WAV
SOUND\PLW\UNITSND\SE-050-1.WAV,15738,WAV
SOUND\PLW\UNITSND\SE-050-2.WAV,11738,WAV
SOUND\PLW\UNITSND\SE-050-3.WAV,25828,WAV
SOUND\PLW\UNITSND\SE-050-4.WAV,19558,WAV
SOUND\PLW\UNITSND\SE-051-01.WAV,16804,WAV
SOUND\PLW\UNITSND\SE-051-02.WAV,17656,WAV
SOUND\PLW\UNITSND\SE-051-03.WAV,13918,WAV
SOUND\PLW\UNITSND\SE-051-04.WAV,33556,WAV
SOUND\PLW\UNITSND\SE-051-05.WAV,23986,WAV
SOUND\PLW\UNITSND\SE-051-06.WAV,21284,WAV
SOUND\PLW\UNITSND\SE-051-07.WAV,33596,WAV
SOUND\PLW\UNITSND\SE-051-08.WAV,22990,WAV
SOUND\PLW\UNITSND\SE-051-09.WAV,32948,WAV
SOUND\PLW\UNITSND\SE-051-10.WAV,23786,WAV
SOUND\PLW\UNITSND\SE-051-11.WAV,23812,WAV
SOUND\PLW\UNITSND\SE-051-12.WAV,44808,WAV
SOUND\PLW\UNITSND\SE-051-13.WAV,25670,WAV
SOUND\PLW\UNITSND\SE-051-14.WAV,46056,WAV
SOUND\PLW\UNITSND\SE-052-1.WAV,40548,WAV
SOUND\PLW\UNITSND\SE-052-2.WAV,25316,WAV
SOUND\PLW\UNITSND\SE-052-3.WAV,19620,WAV
SOUND\PLW\UNITSND\SE-052-4.WAV,35978,WAV
SOUND\PLW\UNITSND\SE-052-5.WAV,21156,WAV
SOUND\PLW\UNITSND\SE-052-6.WAV,34212,WAV
SOUND\PLW\UNITSND\SE-052-7.WAV,21128,WAV
SOUND\PLW\UNITSND\SE-052-8.WAV,33508,WAV
SOUND\PLW\UNITSND\SE-053-1.WAV,26286,WAV
SOUND\PLW\UNITSND\SE-053-2.WAV,25550,WAV
SOUND\PLW\UNITSND\SE-053-3.WAV,22506,WAV
SOUND\PLW\UNITSND\SE-053-4.WAV,9104,WAV
SOUND\PLW\UNITSND\SE-054-1.WAV,41526,WAV
SOUND\PLW\UNITSND\SE-054-2.WAV,46992,WAV
SOUND\PLW\UNITSND\SE-054-3.WAV,33060,WAV
SOUND\PLW\UNITSND\SE-054-3B.WAV,44004,WAV
SOUND\PLW\UNITSND\SE-055-1.WAV,10590,WAV
SOUND\PLW\UNITSND\SE-055-2.WAV,63072,WAV
SOUND\PLW\UNITSND\SE-055-3.WAV,70290,WAV
SOUND\PLW\UNITSND\SE-055-3B.WAV,71798,WAV
SOUND\PLW\UNITSND\SE-055-4.WAV,31318,WAV
SOUND\PLW\UNITSND\SE-056-1.WAV,26264,WAV
SOUND\PLW\UNITSND\SE-056-2.WAV,15088,WAV
SOUND\PLW\UNITSND\SE-056-3.WAV,21622,WAV
SOUND\PLW\UNITSND\SE-057-1.WAV,37074,WAV
SOUND\PLW\UNITSND\SE-057-2.WAV,25662,WAV
SOUND\PLW\UNITSND\SE-057-3.WAV,28324,WAV
SOUND\PLW\UNITSND\SE-058-1.WAV,30848,WAV
SOUND\PLW\UNITSND\SE-058-2.WAV,13008,WAV
SOUND\PLW\UNITSND\SE-058-3.WAV,20428,WAV
SOUND\PLW\UNITSND\SE-059.WAV,35748,WAV
SOUND\PLW\UNITSND\SE-060-1.WAV,41686,WAV
SOUND\PLW\UNITSND\SE-060-2.WAV,28452,WAV
SOUND\PLW\UNITSND\SE-060-3.WAV,48144,WAV
SOUND\PLW\UNITSND\SE-061-1.WAV,21010,WAV
SOUND\PLW\UNITSND\SE-061-2.WAV,10684,WAV
SOUND\PLW\UNITSND\SE-061-3.WAV,5514,WAV
SOUND\PLW\UNITSND\SE-062-1.WAV,20808,WAV
SOUND\PLW\UNITSND\SE-062-2.WAV,11910,WAV
SOUND\PLW\UNITSND\SE-062-3.WAV,23890,WAV
SOUND\PLW\UNITSND\SE-062-4.WAV,18052,WAV
SOUND\PLW\UNITSND\SE-063-1.WAV,49748,WAV
SOUND\PLW\UNITSND\SE-063-2.WAV,39826,WAV
SOUND\PLW\UNITSND\SE-063-3.WAV,53056,WAV
SOUND\PLW\UNITSND\SE-064-1.WAV,10610,WAV
SOUND\PLW\UNITSND\SE-064-2.WAV,12232,WAV
SOUND\PLW\UNITSND\SE-064-3.WAV,21874,WAV
SOUND\PLW\UNITSND\SE-065-1.WAV,24932,WAV
SOUND\PLW\UNITSND\SE-065-2.WAV,16292,WAV
SOUND\PLW\UNITSND\SE-066-1.WAV,34468,WAV
SOUND\PLW\UNITSND\SE-066-2.WAV,27272,WAV
SOUND\PLW\UNITSND\SE-066-3.WAV,22194,WAV
SOUND\PLW\UNITSND\SE-067-1.WAV,19704,WAV
SOUND\PLW\UNITSND\SE-067-2.WAV,20868,WAV
SOUND\PLW\UNITSND\SE-067-3.WAV,25742,WAV
SOUND\PLW\UNITSND\SE-068-1.WAV,32572,WAV
SOUND\PLW\UNITSND\SE-068-2.WAV,16516,WAV
SOUND\PLW\UNITSND\SE-068-3.WAV,42788,WAV
SOUND\PLW\UNITSND\SE-069-1.WAV,44236,WAV
SOUND\PLW\UNITSND\SE-069-2.WAV,9830,WAV
SOUND\PLW\UNITSND\SE-069-3.WAV,43684,WAV
SOUND\PLW\UNITSND\SE-070-1.WAV,29412,WAV
SOUND\PLW\UNITSND\SE-070-2.WAV,55260,WAV
SOUND\PLW\UNITSND\SE-070-3.WAV,53056,WAV
SOUND\PLW\UNITSND\SE-071.WAV,10080,WAV
SOUND\PLW\UNITSND\SE-106.WAV,7938,WAV
SOUND\PLW\UNITSND\SE-107.WAV,7578,WAV
SOUND\PLW\UNITSND\SE-108.WAV,25388,WAV
SOUND\PLW\UNITSND\SE-109.WAV,60076,WAV
SOUND\PLW\UNITSND\SE-110.WAV,17244,WAV
SOUND\PLW\UNITSND\SE-111.WAV,20524,WAV
SOUND\PLW\UNITVOICE\TV001_0001.WAV,19566,WAV
SOUND\PLW\UNITVOICE\TV001_0002.WAV,14362,WAV
SOUND\PLW\UNITVOICE\TV001_0003.WAV,30974,WAV
SOUND\PLW\UNITVOICE\TV001_0004.WAV,62020,WAV
SOUND\PLW\UNITVOICE\TV001_0005.WAV,53436,WAV
SOUND\PLW\UNITVOICE\TV001_0006.WAV,24976,WAV
SOUND\PLW\UNITVOICE\TV001_0007.WAV,12276,WAV
SOUND\PLW\UNITVOICE\TV001_0008.WAV,8630,WAV
SOUND\PLW\UNITVOICE\TV001_0009.WAV,24418,WAV
SOUND\PLW\UNITVOICE\TV001_0010.WAV,17568,WAV
SOUND\PLW\UNITVOICE\TV001_0011.WAV,26564,WAV
SOUND\PLW\UNITVOICE\TV001_0012.WAV,26152,WAV
SOUND\PLW\UNITVOICE\TV001_0013.WAV,6630,WAV
SOUND\PLW\UNITVOICE\TV001_0014.WAV,23918,WAV
SOUND\PLW\UNITVOICE\TV001_0015.WAV,23094,WAV
SOUND\PLW\UNITVOICE\TV001_0016.WAV,10512,WAV
SOUND\PLW\UNITVOICE\TV001_0017.WAV,41088,WAV
SOUND\PLW\UNITVOICE\TV001_0018.WAV,13304,WAV
SOUND\PLW\UNITVOICE\TV001_0019.WAV,29444,WAV
SOUND\PLW\UNITVOICE\TV001_0020.WAV,11966,WAV
SOUND\PLW\UNITVOICE\TV001_0021.WAV,50142,WAV
SOUND\PLW\UNITVOICE\TV001_0022.WAV,39676,WAV
SOUND\PLW\UNITVOICE\TV001_0023.WAV,57552,WAV
SOUND\PLW\UNITVOICE\TV001_0024.WAV,13304,WAV
SOUND\PLW\UNITVOICE\TV001_0025.WAV,37206,WAV
SOUND\PLW\UNITVOICE\TV001_0026.WAV,47790,WAV
SOUND\PLW\UNITVOICE\TV001_0027.WAV,11570,WAV
SOUND\PLW\UNITVOICE\TV001_0028.WAV,21330,WAV
SOUND\PLW\UNITVOICE\TV001_0029.WAV,45026,WAV
SOUND\PLW\UNITVOICE\TV001_0030.WAV,10056,WAV
SOUND\PLW\UNITVOICE\TV001_0031.WAV,9806,WAV
SOUND\PLW\UNITVOICE\TV001_0032.WAV,15450,WAV
SOUND\PLW\UNITVOICE\TV001_0033.WAV,19802,WAV
SOUND\PLW\UNITVOICE\TV001_0034.WAV,23212,WAV
SOUND\PLW\UNITVOICE\TV001_0035.WAV,22860,WAV
SOUND\PLW\UNITVOICE\TV001_0036.WAV,24506,WAV
SOUND\PLW\UNITVOICE\TV001_0037.WAV,38264,WAV
SOUND\PLW\UNITVOICE\TV001_0038.WAV,79660,WAV
SOUND\PLW\UNITVOICE\TV001_0039.WAV,36500,WAV
SOUND\PLW\UNITVOICE\TV001_0040.WAV,30504,WAV
SOUND\PLW\UNITVOICE\TV001_0041.WAV,32620,WAV
SOUND\PLW\UNITVOICE\TV001_0042.WAV,38382,WAV
SOUND\PLW\UNITVOICE\TV001_0043.WAV,41792,WAV
SOUND\PLW\UNITVOICE\TV001_0044.WAV,32150,WAV
SOUND\PLW\UNITVOICE\TV001_0045.WAV,15568,WAV
SOUND\PLW\UNITVOICE\TV001_0046.WAV,19244,WAV
SOUND\PLW\UNITVOICE\TV001_0047.WAV,75308,WAV
SOUND\PLW\UNITVOICE\TV001_0048.WAV,20008,WAV
SOUND\PLW\UNITVOICE\TV002_0001.WAV,23212,WAV
SOUND\PLW\UNITVOICE\TV002_0002.WAV,62314,WAV
SOUND\PLW\UNITVOICE\TV002_0003.WAV,50848,WAV
SOUND\PLW\UNITVOICE\TV002_0004.WAV,19162,WAV
SOUND\PLW\UNITVOICE\TV002_0005.WAV,17156,WAV
SOUND\PLW\UNITVOICE\TV002_0006.WAV,23448,WAV
SOUND\PLW\UNITVOICE\TV002_0007.WAV,27152,WAV
SOUND\PLW\UNITVOICE\TV002_0008.WAV,17096,WAV
SOUND\PLW\UNITVOICE\TV002_0009.WAV,12864,WAV
SOUND\PLW\UNITVOICE\TV002_0010.WAV,13128,WAV
SOUND\PLW\UNITVOICE\TV002_0011.WAV,17420,WAV
SOUND\PLW\UNITVOICE\TV002_0012.WAV,18096,WAV
SOUND\PLW\UNITVOICE\TV002_0013.WAV,7336,WAV
SOUND\PLW\UNITVOICE\TV002_0014.WAV,18156,WAV
SOUND\PLW\UNITVOICE\TV002_0015.WAV,36266,WAV
SOUND\PLW\UNITVOICE\TV002_0016.WAV,9688,WAV
SOUND\PLW\UNITVOICE\TV002_0017.WAV,34736,WAV
SOUND\PLW\UNITVOICE\TV002_0018.WAV,7982,WAV
SOUND\PLW\UNITVOICE\TV002_0019.WAV,51906,WAV
SOUND\PLW\UNITVOICE\TV002_0020.WAV,9924,WAV
SOUND\PLW\UNITVOICE\TV002_0021.WAV,44498,WAV
SOUND\PLW\UNITVOICE\TV002_0022.WAV,41970,WAV
SOUND\PLW\UNITVOICE\TV002_0023.WAV,54024,WAV
SOUND\PLW\UNITVOICE\TV002_0024.WAV,23388,WAV
SOUND\PLW\UNITVOICE\TV002_0025.WAV,75780,WAV
SOUND\PLW\UNITVOICE\TV002_0026.WAV,40028,WAV
SOUND\PLW\UNITVOICE\TV002_0027.WAV,12188,WAV
SOUND\PLW\UNITVOICE\TV002_0028.WAV,30444,WAV
SOUND\PLW\UNITVOICE\TV002_0029.WAV,17862,WAV
SOUND\PLW\UNITVOICE\TV002_0030.WAV,16744,WAV
SOUND\PLW\UNITVOICE\TV002_0031.WAV,16038,WAV
SOUND\PLW\UNITVOICE\TV002_0032.WAV,15450,WAV
SOUND\PLW\UNITVOICE\TV002_0033.WAV,18714,WAV
SOUND\PLW\UNITVOICE\TV002_0034.WAV,22388,WAV
SOUND\PLW\UNITVOICE\TV002_0035.WAV,23948,WAV
SOUND\PLW\UNITVOICE\TV002_0036.WAV,78542,WAV
SOUND\PLW\UNITVOICE\TV002_0037.WAV,23918,WAV
SOUND\PLW\UNITVOICE\TV002_0038.WAV,17096,WAV
SOUND\PLW\UNITVOICE\TV002_0039.WAV,59904,WAV
SOUND\PLW\UNITVOICE\TV002_0040.WAV,40146,WAV
SOUND\PLW\UNITVOICE\TV002_0041.WAV,69546,WAV
SOUND\PLW\UNITVOICE\TV002_0042.WAV,71546,WAV
SOUND\PLW\UNITVOICE\TV002_0043.WAV,27270,WAV
SOUND\PLW\UNITVOICE\TV002_0044.WAV,36206,WAV
SOUND\PLW\UNITVOICE\TV002_0045.WAV,13922,WAV
SOUND\PLW\UNITVOICE\TV002_0046.WAV,12980,WAV
SOUND\PLW\UNITVOICE\TV002_0047.WAV,15274,WAV
SOUND\PLW\UNITVOICE\TV002_0048.WAV,29328,WAV
SOUND\PLW\UNITVOICE\TV003_0001.WAV,48144,WAV
SOUND\PLW\UNITVOICE\TV003_0002.WAV,33560,WAV
SOUND\PLW\UNITVOICE\TV003_0003.WAV,16214,WAV
SOUND\PLW\UNITVOICE\TV003_0004.WAV,41322,WAV
SOUND\PLW\UNITVOICE\TV003_0005.WAV,16980,WAV
SOUND\PLW\UNITVOICE\TV003_0006.WAV,29444,WAV
SOUND\PLW\UNITVOICE\TV003_0007.WAV,25094,WAV
SOUND\PLW\UNITVOICE\TV003_0008.WAV,18802,WAV
SOUND\PLW\UNITVOICE\TV003_0009.WAV,24094,WAV
SOUND\PLW\UNITVOICE\TV003_0010.WAV,21330,WAV
SOUND\PLW\UNITVOICE\TV003_0011.WAV,22388,WAV
SOUND\PLW\UNITVOICE\TV003_0012.WAV,22506,WAV
SOUND\PLW\UNITVOICE\TV003_0013.WAV,6484,WAV
SOUND\PLW\UNITVOICE\TV003_0014.WAV,12686,WAV
SOUND\PLW\UNITVOICE\TV003_0015.WAV,32738,WAV
SOUND\PLW\UNITVOICE\TV003_0016.WAV,21330,WAV
SOUND\PLW\UNITVOICE\TV003_0017.WAV,74016,WAV
SOUND\PLW\UNITVOICE\TV003_0018.WAV,12098,WAV
SOUND\PLW\UNITVOICE\TV003_0019.WAV,63196,WAV
SOUND\PLW\UNITVOICE\TV003_0020.WAV,30092,WAV
SOUND\PLW\UNITVOICE\TV003_0021.WAV,37912,WAV
SOUND\PLW\UNITVOICE\TV003_0022.WAV,24036,WAV
SOUND\PLW\UNITVOICE\TV003_0023.WAV,55316,WAV
SOUND\PLW\UNITVOICE\TV003_0024.WAV,38442,WAV
SOUND\PLW\UNITVOICE\TV003_0025.WAV,46850,WAV
SOUND\PLW\UNITVOICE\TV003_0026.WAV,33560,WAV
SOUND\PLW\UNITVOICE\TV003_0027.WAV,17920,WAV
SOUND\PLW\UNITVOICE\TV003_0028.WAV,18978,WAV
SOUND\PLW\UNITVOICE\TV003_0029.WAV,8586,WAV
SOUND\PLW\UNITVOICE\TV003_0030.WAV,15098,WAV
SOUND\PLW\UNITVOICE\TV003_0031.WAV,57434,WAV
SOUND\PLW\UNITVOICE\TV003_0032.WAV,14040,WAV
SOUND\PLW\UNITVOICE\TV003_0033.WAV,24858,WAV
SOUND\PLW\UNITVOICE\TV003_0034.WAV,24152,WAV
SOUND\PLW\UNITVOICE\TV003_0035.WAV,25270,WAV
SOUND\PLW\UNITVOICE\TV003_0036.WAV,23154,WAV
SOUND\PLW\UNITVOICE\TV003_0037.WAV,56492,WAV
SOUND\PLW\UNITVOICE\TV003_0038.WAV,35912,WAV
SOUND\PLW\UNITVOICE\TV003_0039.WAV,49084,WAV
SOUND\PLW\UNITVOICE\TV003_0040.WAV,40264,WAV
SOUND\PLW\UNITVOICE\TV003_0041.WAV,40382,WAV
SOUND\PLW\UNITVOICE\TV003_0042.WAV,46968,WAV
SOUND\PLW\UNITVOICE\TV003_0043.WAV,32738,WAV
SOUND\PLW\UNITVOICE\TV003_0044.WAV,23918,WAV
SOUND\PLW\UNITVOICE\TV003_0045.WAV,28152,WAV
SOUND\PLW\UNITVOICE\TV003_0046.WAV,34892,WAV
SOUND\PLW\UNITVOICE\TV003_0047.WAV,31326,WAV
SOUND\PLW\UNITVOICE\TV003_0048.WAV,36972,WAV
SOUND\PLW\UNITVOICE\TV004_0001.WAV,26034,WAV
SOUND\PLW\UNITVOICE\TV004_0002.WAV,11922,WAV
SOUND\PLW\UNITVOICE\TV004_0003.WAV,45438,WAV
SOUND\PLW\UNITVOICE\TV004_0004.WAV,36726,WAV
SOUND\PLW\UNITVOICE\TV004_0005.WAV,31326,WAV
SOUND\PLW\UNITVOICE\TV004_0006.WAV,12598,WAV
SOUND\PLW\UNITVOICE\TV004_0007.WAV,14540,WAV
SOUND\PLW\UNITVOICE\TV004_0008.WAV,14862,WAV
SOUND\PLW\UNITVOICE\TV004_0009.WAV,12510,WAV
SOUND\PLW\UNITVOICE\TV004_0010.WAV,16038,WAV
SOUND\PLW\UNITVOICE\TV004_0011.WAV,27092,WAV
SOUND\PLW\UNITVOICE\TV004_0012.WAV,17214,WAV
SOUND\PLW\UNITVOICE\TV004_0013.WAV,9100,WAV
SOUND\PLW\UNITVOICE\TV004_0014.WAV,8864,WAV
SOUND\PLW\UNITVOICE\TV004_0015.WAV,22388,WAV
SOUND\PLW\UNITVOICE\TV004_0016.WAV,8748,WAV
SOUND\PLW\UNITVOICE\TV004_0017.WAV,44732,WAV
SOUND\PLW\UNITVOICE\TV004_0018.WAV,7336,WAV
SOUND\PLW\UNITVOICE\TV004_0019.WAV,44082,WAV
SOUND\PLW\UNITVOICE\TV004_0020.WAV,9718,WAV
SOUND\PLW\UNITVOICE\TV004_0021.WAV,50730,WAV
SOUND\PLW\UNITVOICE\TV004_0022.WAV,25564,WAV
SOUND\PLW\UNITVOICE\TV004_0023.WAV,56492,WAV
SOUND\PLW\UNITVOICE\TV004_0024.WAV,27740,WAV
SOUND\PLW\UNITVOICE\TV004_0025.WAV,58962,WAV
SOUND\PLW\UNITVOICE\TV004_0026.WAV,38104,WAV
SOUND\PLW\UNITVOICE\TV004_0027.WAV,14274,WAV
SOUND\PLW\UNITVOICE\TV004_0028.WAV,14628,WAV
SOUND\PLW\UNITVOICE\TV004_0029.WAV,13480,WAV
SOUND\PLW\UNITVOICE\TV004_0030.WAV,12276,WAV
SOUND\PLW\UNITVOICE\TV004_0031.WAV,14628,WAV
SOUND\PLW\UNITVOICE\TV004_0032.WAV,16980,WAV
SOUND\PLW\UNITVOICE\TV004_0033.WAV,56740,WAV
SOUND\PLW\UNITVOICE\TV004_0034.WAV,30276,WAV
SOUND\PLW\UNITVOICE\TV004_0035.WAV,30268,WAV
SOUND\PLW\UNITVOICE\TV004_0036.WAV,55082,WAV
SOUND\PLW\UNITVOICE\TV004_0037.WAV,56566,WAV
SOUND\PLW\UNITVOICE\TV004_0038.WAV,51436,WAV
SOUND\PLW\UNITVOICE\TV004_0039.WAV,43146,WAV
SOUND\PLW\UNITVOICE\TV004_0040.WAV,41558,WAV
SOUND\PLW\UNITVOICE\TV004_0041.WAV,43146,WAV
SOUND\PLW\UNITVOICE\TV004_0042.WAV,36206,WAV
SOUND\PLW\UNITVOICE\TV004_0043.WAV,46468,WAV
SOUND\PLW\UNITVOICE\TV004_0044.WAV,43734,WAV
SOUND\PLW\UNITVOICE\TV004_0045.WAV,11194,WAV
SOUND\PLW\UNITVOICE\TV004_0046.WAV,17568,WAV
SOUND\PLW\UNITVOICE\TV004_0047.WAV,97888,WAV
SOUND\PLW\UNITVOICE\TV004_0048.WAV,26388,WAV
SOUND\PLW\UNITVOICE\TV005_0001.WAV,19802,WAV
SOUND\PLW\UNITVOICE\TV005_0002.WAV,31092,WAV
SOUND\PLW\UNITVOICE\TV005_0003.WAV,27798,WAV
SOUND\PLW\UNITVOICE\TV005_0004.WAV,63784,WAV
SOUND\PLW\UNITVOICE\TV005_0005.WAV,46732,WAV
SOUND\PLW\UNITVOICE\TV005_0006A.WAV,44616,WAV
SOUND\PLW\UNITVOICE\TV005_0006B.WAV,16274,WAV
SOUND\PLW\UNITVOICE\TV005_0007.WAV,12980,WAV
SOUND\PLW\UNITVOICE\TV005_0008.WAV,15480,WAV
SOUND\PLW\UNITVOICE\TV005_0009.WAV,27328,WAV
SOUND\PLW\UNITVOICE\TV005_0010.WAV,11040,WAV
SOUND\PLW\UNITVOICE\TV005_0011.WAV,12158,WAV
SOUND\PLW\UNITVOICE\TV005_0012.WAV,28152,WAV
SOUND\PLW\UNITVOICE\TV005_0013.WAV,11216,WAV
SOUND\PLW\UNITVOICE\TV005_0014.WAV,11688,WAV
SOUND\PLW\UNITVOICE\TV005_0015.WAV,37794,WAV
SOUND\PLW\UNITVOICE\TV005_0016.WAV,8748,WAV
SOUND\PLW\UNITVOICE\TV005_0017.WAV,44498,WAV
SOUND\PLW\UNITVOICE\TV005_0018.WAV,12510,WAV
SOUND\PLW\UNITVOICE\TV005_0019.WAV,67076,WAV
SOUND\PLW\UNITVOICE\TV005_0020.WAV,18156,WAV
SOUND\PLW\UNITVOICE\TV005_0021.WAV,54728,WAV
SOUND\PLW\UNITVOICE\TV005_0022.WAV,47556,WAV
SOUND\PLW\UNITVOICE\TV005_0023.WAV,63666,WAV
SOUND\PLW\UNITVOICE\TV005_0024.WAV,33090,WAV
SOUND\PLW\UNITVOICE\TV005_0025.WAV,60138,WAV
SOUND\PLW\UNITVOICE\TV005_0026.WAV,43910,WAV
SOUND\PLW\UNITVOICE\TV005_0027.WAV,10040,WAV
SOUND\PLW\UNITVOICE\TV005_0028.WAV,12158,WAV
SOUND\PLW\UNITVOICE\TV005_0029.WAV,17244,WAV
SOUND\PLW\UNITVOICE\TV005_0030.WAV,18390,WAV
SOUND\PLW\UNITVOICE\TV005_0031.WAV,17920,WAV
SOUND\PLW\UNITVOICE\TV005_0032.WAV,13216,WAV
SOUND\PLW\UNITVOICE\TV005_0033.WAV,52730,WAV
SOUND\PLW\UNITVOICE\TV005_0034.WAV,23330,WAV
SOUND\PLW\UNITVOICE\TV005_0035.WAV,36030,WAV
SOUND\PLW\UNITVOICE\TV005_0036.WAV,76720,WAV
SOUND\PLW\UNITVOICE\TV005_0037.WAV,28740,WAV
SOUND\PLW\UNITVOICE\TV005_0038.WAV,49790,WAV
SOUND\PLW\UNITVOICE\TV005_0039.WAV,32268,WAV
SOUND\PLW\UNITVOICE\TV005_0040.WAV,53670,WAV
SOUND\PLW\UNITVOICE\TV005_0041.WAV,37794,WAV
SOUND\PLW\UNITVOICE\TV005_0042.WAV,44028,WAV
SOUND\PLW\UNITVOICE\TV005_0043.WAV,62138,WAV
SOUND\PLW\UNITVOICE\TV005_0044.WAV,42968,WAV
SOUND\PLW\UNITVOICE\TV005_0045.WAV,18420,WAV
SOUND\PLW\UNITVOICE\TV005_0046.WAV,29386,WAV
SOUND\PLW\UNITVOICE\TV005_0047.WAV,34148,WAV
SOUND\PLW\UNITVOICE\TV005_0048.WAV,22742,WAV
SOUND\PLW\UNITVOICE\TV006_0001.WAV,27916,WAV
SOUND\PLW\UNITVOICE\TV006_0002.WAV,30738,WAV
SOUND\PLW\UNITVOICE\TV006_0003.WAV,37088,WAV
SOUND\PLW\UNITVOICE\TV006_0004.WAV,22388,WAV
SOUND\PLW\UNITVOICE\TV006_0005.WAV,49084,WAV
SOUND\PLW\UNITVOICE\TV006_0006.WAV,39794,WAV
SOUND\PLW\UNITVOICE\TV006_0007.WAV,12628,WAV
SOUND\PLW\UNITVOICE\TV006_0008.WAV,21448,WAV
SOUND\PLW\UNITVOICE\TV006_0009.WAV,10512,WAV
SOUND\PLW\UNITVOICE\TV006_0010.WAV,16508,WAV
SOUND\PLW\UNITVOICE\TV006_0011.WAV,27210,WAV
SOUND\PLW\UNITVOICE\TV006_0012.WAV,14040,WAV
SOUND\PLW\UNITVOICE\TV006_0013.WAV,7454,WAV
SOUND\PLW\UNITVOICE\TV006_0014.WAV,5808,WAV
SOUND\PLW\UNITVOICE\TV006_0015.WAV,25446,WAV
SOUND\PLW\UNITVOICE\TV006_0016.WAV,13452,WAV
SOUND\PLW\UNITVOICE\TV006_0017.WAV,42498,WAV
SOUND\PLW\UNITVOICE\TV006_0018.WAV,13480,WAV
SOUND\PLW\UNITVOICE\TV006_0019.WAV,45908,WAV
SOUND\PLW\UNITVOICE\TV006_0020.WAV,11422,WAV
SOUND\PLW\UNITVOICE\TV006_0021.WAV,68018,WAV
SOUND\PLW\UNITVOICE\TV006_0022.WAV,26034,WAV
SOUND\PLW\UNITVOICE\TV006_0023.WAV,57198,WAV
SOUND\PLW\UNITVOICE\TV006_0024.WAV,21684,WAV
SOUND\PLW\UNITVOICE\TV006_0025.WAV,57080,WAV
SOUND\PLW\UNITVOICE\TV006_0026.WAV,30032,WAV
SOUND\PLW\UNITVOICE\TV006_0027.WAV,14274,WAV
SOUND\PLW\UNITVOICE\TV006_0028.WAV,25916,WAV
SOUND\PLW\UNITVOICE\TV006_0029.WAV,20860,WAV
SOUND\PLW\UNITVOICE\TV006_0030.WAV,9762,WAV
SOUND\PLW\UNITVOICE\TV006_0031.WAV,27446,WAV
SOUND\PLW\UNITVOICE\TV006_0032.WAV,12628,WAV
SOUND\PLW\UNITVOICE\TV006_0033.WAV,78014,WAV
SOUND\PLW\UNITVOICE\TV006_0034.WAV,33914,WAV
SOUND\PLW\UNITVOICE\TV006_0035.WAV,17714,WAV
SOUND\PLW\UNITVOICE\TV006_0036.WAV,66606,WAV
SOUND\PLW\UNITVOICE\TV006_0037.WAV,44380,WAV
SOUND\PLW\UNITVOICE\TV006_0038.WAV,14156,WAV
SOUND\PLW\UNITVOICE\TV006_0039.WAV,54024,WAV
SOUND\PLW\UNITVOICE\TV006_0040.WAV,32502,WAV
SOUND\PLW\UNITVOICE\TV006_0041.WAV,18656,WAV
SOUND\PLW\UNITVOICE\TV006_0042.WAV,52376,WAV
SOUND\PLW\UNITVOICE\TV006_0043.WAV,26504,WAV
SOUND\PLW\UNITVOICE\TV006_0044.WAV,19066,WAV
SOUND\PLW\UNITVOICE\TV006_0045.WAV,11688,WAV
SOUND\PLW\UNITVOICE\TV006_0046.WAV,18656,WAV
SOUND\PLW\UNITVOICE\TV006_0047.WAV,51318,WAV
SOUND\PLW\UNITVOICE\TV006_0048.WAV,26388,WAV
SOUND\PLW\UNITVOICE\TV007_0001.WAV,19096,WAV
SOUND\PLW\UNITVOICE\TV007_0002.WAV,61564,WAV
SOUND\PLW\UNITVOICE\TV007_0003.WAV,18508,WAV
SOUND\PLW\UNITVOICE\TV007_0004A.WAV,42968,WAV
SOUND\PLW\UNITVOICE\TV007_0004B.WAV,53788,WAV
SOUND\PLW\UNITVOICE\TV007_0005.WAV,13098,WAV
SOUND\PLW\UNITVOICE\TV007_0006.WAV,36972,WAV
SOUND\PLW\UNITVOICE\TV007_0007.WAV,14040,WAV
SOUND\PLW\UNITVOICE\TV007_0008.WAV,13452,WAV
SOUND\PLW\UNITVOICE\TV007_0009.WAV,14274,WAV
SOUND\PLW\UNITVOICE\TV007_0010.WAV,17684,WAV
SOUND\PLW\UNITVOICE\TV007_0011.WAV,6042,WAV
SOUND\PLW\UNITVOICE\TV007_0012.WAV,12510,WAV
SOUND\PLW\UNITVOICE\TV007_0013.WAV,6160,WAV
SOUND\PLW\UNITVOICE\TV007_0014.WAV,5336,WAV
SOUND\PLW\UNITVOICE\TV007_0015.WAV,34502,WAV
SOUND\PLW\UNITVOICE\TV007_0016A.WAV,14128,WAV
SOUND\PLW\UNITVOICE\TV007_0016B.WAV,13922,WAV
SOUND\PLW\UNITVOICE\TV007_0017.WAV,52730,WAV
SOUND\PLW\UNITVOICE\TV007_0018.WAV,7498,WAV
SOUND\PLW\UNITVOICE\TV007_0019.WAV,39912,WAV
SOUND\PLW\UNITVOICE\TV007_0020.WAV,26152,WAV
SOUND\PLW\UNITVOICE\TV007_0021.WAV,70134,WAV
SOUND\PLW\UNITVOICE\TV007_0022.WAV,30620,WAV
SOUND\PLW\UNITVOICE\TV007_0023.WAV,73898,WAV
SOUND\PLW\UNITVOICE\TV007_0024.WAV,24506,WAV
SOUND\PLW\UNITVOICE\TV007_0025.WAV,61196,WAV
SOUND\PLW\UNITVOICE\TV007_0026.WAV,36266,WAV
SOUND\PLW\UNITVOICE\TV007_0027.WAV,12746,WAV
SOUND\PLW\UNITVOICE\TV007_0028.WAV,32972,WAV
SOUND\PLW\UNITVOICE\TV007_0029.WAV,6396,WAV
SOUND\PLW\UNITVOICE\TV007_0030.WAV,5176,WAV
SOUND\PLW\UNITVOICE\TV007_0031.WAV,21448,WAV
SOUND\PLW\UNITVOICE\TV007_0032.WAV,54728,WAV
SOUND\PLW\UNITVOICE\TV007_0033.WAV,15156,WAV
SOUND\PLW\UNITVOICE\TV007_0034.WAV,43440,WAV
SOUND\PLW\UNITVOICE\TV007_0035.WAV,16832,WAV
SOUND\PLW\UNITVOICE\TV007_0036.WAV,22036,WAV
SOUND\PLW\UNITVOICE\TV007_0037.WAV,61130,WAV
SOUND\PLW\UNITVOICE\TV007_0038.WAV,52376,WAV
SOUND\PLW\UNITVOICE\TV007_0039.WAV,33326,WAV
SOUND\PLW\UNITVOICE\TV007_0040.WAV,34266,WAV
SOUND\PLW\UNITVOICE\TV007_0041.WAV,25446,WAV
SOUND\PLW\UNITVOICE\TV007_0042.WAV,86834,WAV
SOUND\PLW\UNITVOICE\TV007_0043.WAV,68840,WAV
SOUND\PLW\UNITVOICE\TV007_0044.WAV,30738,WAV
SOUND\PLW\UNITVOICE\TV007_0045.WAV,11658,WAV
SOUND\PLW\UNITVOICE\TV007_0046.WAV,19802,WAV
SOUND\PLW\UNITVOICE\TV007_0047.WAV,37324,WAV
SOUND\PLW\UNITVOICE\TV007_0048.WAV,26858,WAV
SOUND\PLW\UNITVOICE\TV008_0001.WAV,40500,WAV
SOUND\PLW\UNITVOICE\TV008_0002.WAV,46380,WAV
SOUND\PLW\UNITVOICE\TV008_0003.WAV,19214,WAV
SOUND\PLW\UNITVOICE\TV008_0004.WAV,62138,WAV
SOUND\PLW\UNITVOICE\TV008_0005.WAV,46968,WAV
SOUND\PLW\UNITVOICE\TV008_0006.WAV,35442,WAV
SOUND\PLW\UNITVOICE\TV008_0007.WAV,23682,WAV
SOUND\PLW\UNITVOICE\TV008_0008.WAV,15304,WAV
SOUND\PLW\UNITVOICE\TV008_0009.WAV,16244,WAV
SOUND\PLW\UNITVOICE\TV008_0010.WAV,32150,WAV
SOUND\PLW\UNITVOICE\TV008_0011.WAV,27680,WAV
SOUND\PLW\UNITVOICE\TV008_0012.WAV,18978,WAV
SOUND\PLW\UNITVOICE\TV008_0013.WAV,10232,WAV
SOUND\PLW\UNITVOICE\TV008_0014.WAV,30210,WAV
SOUND\PLW\UNITVOICE\TV008_0015.WAV,16626,WAV
SOUND\PLW\UNITVOICE\TV008_0016.WAV,7336,WAV
SOUND\PLW\UNITVOICE\TV008_0017.WAV,44556,WAV
SOUND\PLW\UNITVOICE\TV008_0018.WAV,13980,WAV
SOUND\PLW\UNITVOICE\TV008_0019.WAV,55316,WAV
SOUND\PLW\UNITVOICE\TV008_0020.WAV,15422,WAV
SOUND\PLW\UNITVOICE\TV008_0021.WAV,48438,WAV
SOUND\PLW\UNITVOICE\TV008_0022.WAV,12980,WAV
SOUND\PLW\UNITVOICE\TV008_0023.WAV,47202,WAV
SOUND\PLW\UNITVOICE\TV008_0024.WAV,31562,WAV
SOUND\PLW\UNITVOICE\TV008_0025.WAV,72252,WAV
SOUND\PLW\UNITVOICE\TV008_0026.WAV,46026,WAV
SOUND\PLW\UNITVOICE\TV008_0027.WAV,20154,WAV
SOUND\PLW\UNITVOICE\TV008_0028.WAV,18508,WAV
SOUND\PLW\UNITVOICE\TV008_0029.WAV,33208,WAV
SOUND\PLW\UNITVOICE\TV008_0030.WAV,11570,WAV
SOUND\PLW\UNITVOICE\TV008_0031.WAV,9336,WAV
SOUND\PLW\UNITVOICE\TV008_0032.WAV,11922,WAV
SOUND\PLW\UNITVOICE\TV008_0033.WAV,45438,WAV
SOUND\PLW\UNITVOICE\TV008_0034.WAV,42616,WAV
SOUND\PLW\UNITVOICE\TV008_0035.WAV,41322,WAV
SOUND\PLW\UNITVOICE\TV008_0036.WAV,70958,WAV
SOUND\PLW\UNITVOICE\TV008_0037.WAV,36972,WAV
SOUND\PLW\UNITVOICE\TV008_0038.WAV,73780,WAV
SOUND\PLW\UNITVOICE\TV008_0039.WAV,35090,WAV
SOUND\PLW\UNITVOICE\TV008_0040.WAV,10982,WAV
SOUND\PLW\UNITVOICE\TV008_0041.WAV,21712,WAV
SOUND\PLW\UNITVOICE\TV008_0042.WAV,26564,WAV
SOUND\PLW\UNITVOICE\TV008_0043.WAV,34854,WAV
SOUND\PLW\UNITVOICE\TV008_0044.WAV,28974,WAV
SOUND\PLW\UNITVOICE\TV008_0045.WAV,21448,WAV
SOUND\PLW\UNITVOICE\TV008_0046.WAV,21036,WAV
SOUND\PLW\UNITVOICE\TV008_0047.WAV,18156,WAV
SOUND\PLW\UNITVOICE\TV008_0048.WAV,30620,WAV
SOUND\PLW\UNITVOICE\TV009_0001.WAV,36736,WAV
SOUND\PLW\UNITVOICE\TV009_0002.WAV,52494,WAV
SOUND\PLW\UNITVOICE\TV009_0003.WAV,8616,WAV
SOUND\PLW\UNITVOICE\TV009_0004.WAV,17684,WAV
SOUND\PLW\UNITVOICE\TV009_0005.WAV,22418,WAV
SOUND\PLW\UNITVOICE\TV009_0006.WAV,49202,WAV
SOUND\PLW\UNITVOICE\TV009_0007.WAV,14628,WAV
SOUND\PLW\UNITVOICE\TV009_0008.WAV,14128,WAV
SOUND\PLW\UNITVOICE\TV009_0009.WAV,43322,WAV
SOUND\PLW\UNITVOICE\TV009_0010.WAV,13540,WAV
SOUND\PLW\UNITVOICE\TV009_0011.WAV,6058,WAV
SOUND\PLW\UNITVOICE\TV009_0012.WAV,37442,WAV
SOUND\PLW\UNITVOICE\TV009_0013.WAV,8248,WAV
SOUND\PLW\UNITVOICE\TV009_0014.WAV,9924,WAV
SOUND\PLW\UNITVOICE\TV009_0015.WAV,42380,WAV
SOUND\PLW\UNITVOICE\TV009_0016.WAV,11246,WAV
SOUND\PLW\UNITVOICE\TV009_0017.WAV,33444,WAV
SOUND\PLW\UNITVOICE\TV009_0018.WAV,9482,WAV
SOUND\PLW\UNITVOICE\TV009_0019.WAV,83540,WAV
SOUND\PLW\UNITVOICE\TV009_0020.WAV,11804,WAV
SOUND\PLW\UNITVOICE\TV009_0021.WAV,45968,WAV
SOUND\PLW\UNITVOICE\TV009_0022.WAV,41676,WAV
SOUND\PLW\UNITVOICE\TV009_0023.WAV,74368,WAV
SOUND\PLW\UNITVOICE\TV009_0024.WAV,48260,WAV
SOUND\PLW\UNITVOICE\TV009_0025.WAV,64020,WAV
SOUND\PLW\UNITVOICE\TV009_0026.WAV,49320,WAV
SOUND\PLW\UNITVOICE\TV009_0027.WAV,10218,WAV
SOUND\PLW\UNITVOICE\TV009_0028.WAV,11820,WAV
SOUND\PLW\UNITVOICE\TV009_0029.WAV,8792,WAV
SOUND\PLW\UNITVOICE\TV009_0030.WAV,7688,WAV
SOUND\PLW\UNITVOICE\TV009_0031.WAV,14010,WAV
SOUND\PLW\UNITVOICE\TV009_0032.WAV,16274,WAV
SOUND\PLW\UNITVOICE\TV009_0033.WAV,46262,WAV
SOUND\PLW\UNITVOICE\TV009_0034.WAV,18596,WAV
SOUND\PLW\UNITVOICE\TV009_0035.WAV,38382,WAV
SOUND\PLW\UNITVOICE\TV009_0036.WAV,31738,WAV
SOUND\PLW\UNITVOICE\TV009_0037.WAV,12510,WAV
SOUND\PLW\UNITVOICE\TV009_0038.WAV,71664,WAV
SOUND\PLW\UNITVOICE\TV009_0039.WAV,58492,WAV
SOUND\PLW\UNITVOICE\TV009_0040.WAV,56022,WAV
SOUND\PLW\UNITVOICE\TV009_0041.WAV,45320,WAV
SOUND\PLW\UNITVOICE\TV009_0042.WAV,12864,WAV
SOUND\PLW\UNITVOICE\TV009_0043.WAV,22036,WAV
SOUND\PLW\UNITVOICE\TV009_0044.WAV,25682,WAV
SOUND\PLW\UNITVOICE\TV009_0045.WAV,13804,WAV
SOUND\PLW\UNITVOICE\TV009_0046.WAV,21330,WAV
SOUND\PLW\UNITVOICE\TV009_0047.WAV,15656,WAV
SOUND\PLW\UNITVOICE\TV009_0048.WAV,20154,WAV
SOUND\PLW\UNITVOICE\TV010_0001.WAV,27916,WAV
SOUND\PLW\UNITVOICE\TV010_0002.WAV,24248,WAV
SOUND\PLW\UNITVOICE\TV010_0003.WAV,18508,WAV
SOUND\PLW\UNITVOICE\TV010_0004.WAV,23682,WAV
SOUND\PLW\UNITVOICE\TV010_0005.WAV,26152,WAV
SOUND\PLW\UNITVOICE\TV010_0006.WAV,20742,WAV
SOUND\PLW\UNITVOICE\TV010_0007.WAV,4844,WAV
SOUND\PLW\UNITVOICE\TV010_0008.WAV,8982,WAV
SOUND\PLW\UNITVOICE\TV010_0009.WAV,20978,WAV
SOUND\PLW\UNITVOICE\TV010_0010.WAV,25916,WAV
SOUND\PLW\UNITVOICE\TV010_0011.WAV,14510,WAV
SOUND\PLW\UNITVOICE\TV010_0012.WAV,12158,WAV
SOUND\PLW\UNITVOICE\TV010_0013.WAV,12392,WAV
SOUND\PLW\UNITVOICE\TV010_0014.WAV,13686,WAV
SOUND\PLW\UNITVOICE\TV010_0015.WAV,21330,WAV
SOUND\PLW\UNITVOICE\TV010_0016A.WAV,13098,WAV
SOUND\PLW\UNITVOICE\TV010_0016B.WAV,12686,WAV
SOUND\PLW\UNITVOICE\TV010_0017.WAV,37088,WAV
SOUND\PLW\UNITVOICE\TV010_0018.WAV,12922,WAV
SOUND\PLW\UNITVOICE\TV010_0019.WAV,50496,WAV
SOUND\PLW\UNITVOICE\TV010_0020.WAV,28974,WAV
SOUND\PLW\UNITVOICE\TV010_0021.WAV,49320,WAV
SOUND\PLW\UNITVOICE\TV010_0022.WAV,38970,WAV
SOUND\PLW\UNITVOICE\TV010_0023A.WAV,57552,WAV
SOUND\PLW\UNITVOICE\TV010_0023B.WAV,52964,WAV
SOUND\PLW\UNITVOICE\TV010_0024.WAV,39440,WAV
SOUND\PLW\UNITVOICE\TV010_0025.WAV,43910,WAV
SOUND\PLW\UNITVOICE\TV010_0026.WAV,26622,WAV
SOUND\PLW\UNITVOICE\TV010_0027.WAV,13216,WAV
SOUND\PLW\UNITVOICE\TV010_0028.WAV,44380,WAV
SOUND\PLW\UNITVOICE\TV010_0029.WAV,17802,WAV
SOUND\PLW\UNITVOICE\TV010_0030.WAV,20390,WAV
SOUND\PLW\UNITVOICE\TV010_0031.WAV,8864,WAV
SOUND\PLW\UNITVOICE\TV010_0032.WAV,10276,WAV
SOUND\PLW\UNITVOICE\TV010_0033.WAV,33208,WAV
SOUND\PLW\UNITVOICE\TV010_0034.WAV,16508,WAV
SOUND\PLW\UNITVOICE\TV010_0035.WAV,18744,WAV
SOUND\PLW\UNITVOICE\TV010_0036.WAV,26504,WAV
SOUND\PLW\UNITVOICE\TV010_0037.WAV,18272,WAV
SOUND\PLW\UNITVOICE\TV010_0037A.WAV,15804,WAV
SOUND\PLW\UNITVOICE\TV010_0037B.WAV,18272,WAV
SOUND\PLW\UNITVOICE\TV010_0038.WAV,41970,WAV
SOUND\PLW\UNITVOICE\TV010_0039.WAV,18272,WAV
SOUND\PLW\UNITVOICE\TV010_0040.WAV,22506,WAV
SOUND\PLW\UNITVOICE\TV010_0041.WAV,37088,WAV
SOUND\PLW\UNITVOICE\TV010_0042.WAV,59550,WAV
SOUND\PLW\UNITVOICE\TV010_0043.WAV,20624,WAV
SOUND\PLW\UNITVOICE\TV010_0044.WAV,14568,WAV
SOUND\PLW\UNITVOICE\TV010_0045.WAV,13098,WAV
SOUND\PLW\UNITVOICE\TV010_0046.WAV,14156,WAV
SOUND\PLW\UNITVOICE\TV010_0047.WAV,21330,WAV
SOUND\PLW\UNITVOICE\TV010_0048.WAV,26152,WAV
SOUND\PLW\UNITVOICE\TV011_0001.WAV,25682,WAV
SOUND\PLW\UNITVOICE\TV011_0002.WAV,25682,WAV
SOUND\PLW\UNITVOICE\TV011_0003.WAV,47084,WAV
SOUND\PLW\UNITVOICE\TV011_0004.WAV,23006,WAV
SOUND\PLW\UNITVOICE\TV011_0005.WAV,26740,WAV
SOUND\PLW\UNITVOICE\TV011_0006.WAV,27078,WAV
SOUND\PLW\UNITVOICE\TV011_0007.WAV,18272,WAV
SOUND\PLW\UNITVOICE\TV011_0008.WAV,9292,WAV
SOUND\PLW\UNITVOICE\TV011_0009.WAV,11216,WAV
SOUND\PLW\UNITVOICE\TV011_0010.WAV,23212,WAV
SOUND\PLW\UNITVOICE\TV011_0011.WAV,23270,WAV
SOUND\PLW\UNITVOICE\TV011_0012.WAV,22624,WAV
SOUND\PLW\UNITVOICE\TV011_0013.WAV,8982,WAV
SOUND\PLW\UNITVOICE\TV011_0014.WAV,15804,WAV
SOUND\PLW\UNITVOICE\TV011_0015.WAV,13334,WAV
SOUND\PLW\UNITVOICE\TV011_0016A.WAV,6866,WAV
SOUND\PLW\UNITVOICE\TV011_0016B.WAV,6984,WAV
SOUND\PLW\UNITVOICE\TV011_0017.WAV,48614,WAV
SOUND\PLW\UNITVOICE\TV011_0018.WAV,12746,WAV
SOUND\PLW\UNITVOICE\TV011_0019.WAV,38618,WAV
SOUND\PLW\UNITVOICE\TV011_0020.WAV,12392,WAV
SOUND\PLW\UNITVOICE\TV011_0021.WAV,35560,WAV
SOUND\PLW\UNITVOICE\TV011_0022.WAV,14392,WAV
SOUND\PLW\UNITVOICE\TV011_0023.WAV,52494,WAV
SOUND\PLW\UNITVOICE\TV011_0024.WAV,26976,WAV
SOUND\PLW\UNITVOICE\TV011_0025.WAV,39088,WAV
SOUND\PLW\UNITVOICE\TV011_0026.WAV,29092,WAV
SOUND\PLW\UNITVOICE\TV011_0027.WAV,15568,WAV
SOUND\PLW\UNITVOICE\TV011_0028.WAV,17332,WAV
SOUND\PLW\UNITVOICE\TV011_0029.WAV,20624,WAV
SOUND\PLW\UNITVOICE\TV011_0030.WAV,11922,WAV
SOUND\PLW\UNITVOICE\TV011_0031.WAV,10276,WAV
SOUND\PLW\UNITVOICE\TV011_0032.WAV,8276,WAV
SOUND\PLW\UNITVOICE\TV011_0033.WAV,37794,WAV
SOUND\PLW\UNITVOICE\TV011_0034.WAV,27446,WAV
SOUND\PLW\UNITVOICE\TV011_0035.WAV,16980,WAV
SOUND\PLW\UNITVOICE\TV011_0036.WAV,40970,WAV
SOUND\PLW\UNITVOICE\TV011_0037.WAV,41676,WAV
SOUND\PLW\UNITVOICE\TV011_0038.WAV,38500,WAV
SOUND\PLW\UNITVOICE\TV011_0039.WAV,52752,WAV
SOUND\PLW\UNITVOICE\TV011_0040.WAV,51002,WAV
SOUND\PLW\UNITVOICE\TV011_0041.WAV,39206,WAV
SOUND\PLW\UNITVOICE\TV011_0042.WAV,51554,WAV
SOUND\PLW\UNITVOICE\TV011_0043.WAV,15098,WAV
SOUND\PLW\UNITVOICE\TV011_0044.WAV,30032,WAV
SOUND\PLW\UNITVOICE\TV011_0045.WAV,11216,WAV
SOUND\PLW\UNITVOICE\TV011_0046.WAV,13922,WAV
SOUND\PLW\UNITVOICE\TV011_0047.WAV,16626,WAV
SOUND\PLW\UNITVOICE\TV011_0048.WAV,22036,WAV
SOUND\PLW\UNITVOICE\TV012_0001.WAV,42968,WAV
SOUND\PLW\UNITVOICE\TV012_0002.WAV,33914,WAV
SOUND\PLW\UNITVOICE\TV012_0003.WAV,24624,WAV
SOUND\PLW\UNITVOICE\TV012_0004.WAV,41792,WAV
SOUND\PLW\UNITVOICE\TV012_0005.WAV,18978,WAV
SOUND\PLW\UNITVOICE\TV012_0006.WAV,38148,WAV
SOUND\PLW\UNITVOICE\TV012_0007.WAV,19272,WAV
SOUND\PLW\UNITVOICE\TV012_0008.WAV,15804,WAV
SOUND\PLW\UNITVOICE\TV012_0009.WAV,21800,WAV
SOUND\PLW\UNITVOICE\TV012_0010.WAV,13686,WAV
SOUND\PLW\UNITVOICE\TV012_0011.WAV,17920,WAV
SOUND\PLW\UNITVOICE\TV012_0012.WAV,22918,WAV
SOUND\PLW\UNITVOICE\TV012_0013.WAV,7806,WAV
SOUND\PLW\UNITVOICE\TV012_0014.WAV,7630,WAV
SOUND\PLW\UNITVOICE\TV012_0015.WAV,22506,WAV
SOUND\PLW\UNITVOICE\TV012_0016.WAV,12864,WAV
SOUND\PLW\UNITVOICE\TV012_0017.WAV,38736,WAV
SOUND\PLW\UNITVOICE\TV012_0018.WAV,17862,WAV
SOUND\PLW\UNITVOICE\TV012_0019.WAV,42498,WAV
SOUND\PLW\UNITVOICE\TV012_0020.WAV,15216,WAV
SOUND\PLW\UNITVOICE\TV012_0021.WAV,36972,WAV
SOUND\PLW\UNITVOICE\TV012_0022.WAV,34620,WAV
SOUND\PLW\UNITVOICE\TV012_0023.WAV,45204,WAV
SOUND\PLW\UNITVOICE\TV012_0024.WAV,42968,WAV
SOUND\PLW\UNITVOICE\TV012_0025.WAV,51084,WAV
SOUND\PLW\UNITVOICE\TV012_0026.WAV,46614,WAV
SOUND\PLW\UNITVOICE\TV012_0027.WAV,20154,WAV
SOUND\PLW\UNITVOICE\TV012_0028.WAV,18038,WAV
SOUND\PLW\UNITVOICE\TV012_0029.WAV,18096,WAV
SOUND\PLW\UNITVOICE\TV012_0030.WAV,21448,WAV
SOUND\PLW\UNITVOICE\TV012_0031.WAV,14274,WAV
SOUND\PLW\UNITVOICE\TV012_0032.WAV,20272,WAV
SOUND\PLW\UNITVOICE\TV012_0033.WAV,50848,WAV
SOUND\PLW\UNITVOICE\TV012_0034.WAV,16392,WAV
SOUND\PLW\UNITVOICE\TV012_0035.WAV,27210,WAV
SOUND\PLW\UNITVOICE\TV012_0036.WAV,39324,WAV
SOUND\PLW\UNITVOICE\TV012_0037.WAV,19684,WAV
SOUND\PLW\UNITVOICE\TV012_0038.WAV,27916,WAV
SOUND\PLW\UNITVOICE\TV012_0039.WAV,32502,WAV
SOUND\PLW\UNITVOICE\TV012_0040.WAV,21566,WAV
SOUND\PLW\UNITVOICE\TV012_0041.WAV,12276,WAV
SOUND\PLW\UNITVOICE\TV012_0042.WAV,52142,WAV
SOUND\PLW\UNITVOICE\TV012_0043.WAV,24976,WAV
SOUND\PLW\UNITVOICE\TV012_0044.WAV,27092,WAV
SOUND\PLW\UNITVOICE\TV012_0045.WAV,31562,WAV
SOUND\PLW\UNITVOICE\TV012_0046.WAV,30150,WAV
SOUND\PLW\UNITVOICE\TV012_0047.WAV,34032,WAV
SOUND\PLW\UNITVOICE\TV012_0048.WAV,18744,WAV
SOUND\PLW\UNITVOICE\TV013_0001.WAV,49554,WAV
SOUND\PLW\UNITVOICE\TV013_0002.WAV,50612,WAV
SOUND\PLW\UNITVOICE\TV013_0003.WAV,82600,WAV
SOUND\PLW\UNITVOICE\TV013_0004.WAV,180208,WAV
SOUND\PLW\UNITVOICE\TV013_0005.WAV,26858,WAV
SOUND\PLW\UNITVOICE\TV013_0006.WAV,60962,WAV
SOUND\PLW\UNITVOICE\TV013_0007.WAV,11216,WAV
SOUND\PLW\UNITVOICE\TV013_0008.WAV,26622,WAV
SOUND\PLW\UNITVOICE\TV013_0009.WAV,17332,WAV
SOUND\PLW\UNITVOICE\TV013_0010.WAV,26270,WAV
SOUND\PLW\UNITVOICE\TV013_0011.WAV,25094,WAV
SOUND\PLW\UNITVOICE\TV013_0012.WAV,33678,WAV
SOUND\PLW\UNITVOICE\TV013_0013.WAV,9688,WAV
SOUND\PLW\UNITVOICE\TV013_0014.WAV,25446,WAV
SOUND\PLW\UNITVOICE\TV013_0015.WAV,34854,WAV
SOUND\PLW\UNITVOICE\TV013_0016.WAV,27092,WAV
SOUND\PLW\UNITVOICE\TV013_0017.WAV,56964,WAV
SOUND\PLW\UNITVOICE\TV013_0018.WAV,29798,WAV
SOUND\PLW\UNITVOICE\TV013_0019.WAV,60492,WAV
SOUND\PLW\UNITVOICE\TV013_0020.WAV,26622,WAV
SOUND\PLW\UNITVOICE\TV013_0021.WAV,39794,WAV
SOUND\PLW\UNITVOICE\TV013_0022.WAV,12510,WAV
SOUND\PLW\UNITVOICE\TV013_0023.WAV,43556,WAV
SOUND\PLW\UNITVOICE\TV013_0024.WAV,14568,WAV
SOUND\PLW\UNITVOICE\TV013_0025.WAV,100270,WAV
SOUND\PLW\UNITVOICE\TV013_0026.WAV,67782,WAV
SOUND\PLW\UNITVOICE\TV013_0027.WAV,18156,WAV
SOUND\PLW\UNITVOICE\TV013_0028.WAV,24388,WAV
SOUND\PLW\UNITVOICE\TV013_0029.WAV,31326,WAV
SOUND\PLW\UNITVOICE\TV013_0030.WAV,10864,WAV
SOUND\PLW\UNITVOICE\TV013_0031.WAV,20036,WAV
SOUND\PLW\UNITVOICE\TV013_0032.WAV,18978,WAV
SOUND\PLW\UNITVOICE\TV013_0033.WAV,33326,WAV
SOUND\PLW\UNITVOICE\TV013_0034.WAV,46968,WAV
SOUND\PLW\UNITVOICE\TV013_0035.WAV,38264,WAV
SOUND\PLW\UNITVOICE\TV013_0036.WAV,34736,WAV
SOUND\PLW\UNITVOICE\TV013_0037.WAV,45674,WAV
SOUND\PLW\UNITVOICE\TV013_0038.WAV,46614,WAV
SOUND\PLW\UNITVOICE\TV013_0039.WAV,43086,WAV
SOUND\PLW\UNITVOICE\TV013_0040.WAV,65312,WAV
SOUND\PLW\UNITVOICE\TV013_0041.WAV,34148,WAV
SOUND\PLW\UNITVOICE\TV013_0042.WAV,47320,WAV
SOUND\PLW\UNITVOICE\TV013_0043.WAV,26152,WAV
SOUND\PLW\UNITVOICE\TV013_0044.WAV,38382,WAV
SOUND\PLW\UNITVOICE\TV013_0045.WAV,21918,WAV
SOUND\PLW\UNITVOICE\TV013_0046.WAV,22154,WAV
SOUND\PLW\UNITVOICE\TV013_0047.WAV,57198,WAV
SOUND\PLW\UNITVOICE\TV013_0048.WAV,39676,WAV
SOUND\VOICE\RV001\RV001_0001.MP3,6687,MP3
SOUND\VOICE\RV001\RV001_0002.MP3,20480,MP3
SOUND\VOICE\RV001\RV001_0003.MP3,7523,MP3
SOUND\VOICE\RV001\RV001_0004.MP3,19017,MP3
SOUND\VOICE\RV001\RV001_0005.MP3,28421,MP3
SOUND\VOICE\RV001\RV001_0006.MP3,26749,MP3
SOUND\VOICE\RV001\RV001_0007.MP3,17763,MP3
SOUND\VOICE\RV001\RV001_0008.MP3,18390,MP3
SOUND\VOICE\RV001\RV001_0009.MP3,31555,MP3
SOUND\VOICE\RV001\RV001_0010.MP3,30093,MP3
SOUND\VOICE\RV001\RV001_0011.MP3,27376,MP3
SOUND\VOICE\RV001\RV001_0012.MP3,15882,MP3
SOUND\VOICE\RV001\RV001_0013.MP3,32600,MP3
SOUND\VOICE\RV001\RV001_0014.MP3,16091,MP3
SOUND\VOICE\RV001\RV001_0015.MP3,21315,MP3
SOUND\VOICE\RV001\RV001_0016.MP3,12747,MP3
SOUND\VOICE\RV001\RV001_0017.MP3,44930,MP3
SOUND\VOICE\RV001\RV001_0018.MP3,36780,MP3
SOUND\VOICE\RV001\RV001_0019.MP3,16927,MP3
SOUND\VOICE\RV001\RV001_0020.MP3,27376,MP3
SOUND\VOICE\RV001\RV001_0021.MP3,25704,MP3
SOUND\VOICE\RV001\RV001_0022.MP3,6269,MP3
SOUND\VOICE\RV001\RV001_0023.MP3,6269,MP3
SOUND\VOICE\RV001\RV001_0024.MP3,24868,MP3
SOUND\VOICE\RV001\RV001_0025.MP3,38452,MP3
SOUND\VOICE\RV001\RV001_0026.MP3,20688,MP3
SOUND\VOICE\RV001\RV001_0027.MP3,9613,MP3
SOUND\VOICE\RV001\RV001_0028.MP3,10448,MP3
SOUND\VOICE\RV001\RV001_0029.MP3,18181,MP3
SOUND\VOICE\RV001\RV001_0030.MP3,17763,MP3
SOUND\VOICE\RV001\RV001_0031.MP3,20062,MP3
SOUND\VOICE\RV001\RV001_0032.MP3,23614,MP3
SOUND\VOICE\RV001\RV001_0033.MP3,16091,MP3
SOUND\VOICE\RV001\RV001_0034.MP3,12329,MP3
SOUND\VOICE\RV001\RV001_0035.MP3,9195,MP3
SOUND\VOICE\RV001\RV001_0036.MP3,6687,MP3
SOUND\VOICE\RV001\RV001_0037.MP3,2925,MP3
SOUND\VOICE\RV001\RV001_0038.MP3,9613,MP3
SOUND\VOICE\RV002\RV002_0001.MP3,21315,MP3
SOUND\VOICE\RV002\RV002_0002.MP3,16091,MP3
SOUND\VOICE\RV002\RV002_0003.MP3,10031,MP3
SOUND\VOICE\RV002\RV002_0004.MP3,12538,MP3
SOUND\VOICE\RV002\RV002_0005.MP3,17763,MP3
SOUND\VOICE\RV002\RV002_0006.MP3,14210,MP3
SOUND\VOICE\RV002\RV002_0007.MP3,22151,MP3
SOUND\VOICE\RV002\RV002_0008.MP3,11911,MP3
SOUND\VOICE\RV002\RV002_0009.MP3,7941,MP3
SOUND\VOICE\RV002\RV002_0010.MP3,40960,MP3
SOUND\VOICE\RV002\RV002_0011.MP3,26122,MP3
SOUND\VOICE\RV002\RV002_0012.MP3,38870,MP3
SOUND\VOICE\RV002\RV002_0013.MP3,15464,MP3
SOUND\VOICE\RV002\RV002_0014.MP3,14628,MP3
SOUND\VOICE\RV002\RV002_0015.MP3,7105,MP3
SOUND\VOICE\RV002\RV002_0016.MP3,48901,MP3
SOUND\VOICE\RV002\RV002_0017.MP3,39706,MP3
SOUND\VOICE\RV002\RV002_0018.MP3,39706,MP3
SOUND\VOICE\RV002\RV002_0019.MP3,11284,MP3
SOUND\VOICE\RV002\RV002_0020.MP3,27167,MP3
SOUND\VOICE\RV002\RV002_0021.MP3,8359,MP3
SOUND\VOICE\RV002\RV002_0022.MP3,3134,MP3
SOUND\VOICE\RV002\RV002_0023.MP3,6478,MP3
SOUND\VOICE\RV002\RV002_0024.MP3,7523,MP3
SOUND\VOICE\RV002\RV002_0025.MP3,17763,MP3
SOUND\VOICE\RV002\RV002_0026.MP3,11702,MP3
SOUND\VOICE\RV002\RV002_0027.MP3,6478,MP3
SOUND\VOICE\RV002\RV002_0028.MP3,9822,MP3
SOUND\VOICE\RV002\RV002_0029.MP3,33854,MP3
SOUND\VOICE\RV002\RV002_0030.MP3,9613,MP3
SOUND\VOICE\RV002\RV002_0031.MP3,11284,MP3
SOUND\VOICE\RV002\RV002_0032.MP3,14001,MP3
SOUND\VOICE\RV002\RV002_0033.MP3,8986,MP3
SOUND\VOICE\RV002\RV002_0034.MP3,8568,MP3
SOUND\VOICE\RV002\RV002_0035.MP3,5851,MP3
SOUND\VOICE\RV002\RV002_0036.MP3,4597,MP3
SOUND\VOICE\RV002\RV002_0037.MP3,2925,MP3
SOUND\VOICE\RV002\RV002_0038.MP3,5433,MP3
SOUND\VOICE\RV003\RV003_0001.MP3,16927,MP3
SOUND\VOICE\RV003\RV003_0002.MP3,7941,MP3
SOUND\VOICE\RV003\RV003_0003.MP3,10657,MP3
SOUND\VOICE\RV003\RV003_0004.MP3,11911,MP3
SOUND\VOICE\RV003\RV003_0005.MP3,9613,MP3
SOUND\VOICE\RV003\RV003_0006.MP3,13165,MP3
SOUND\VOICE\RV003\RV003_0007.MP3,18390,MP3
SOUND\VOICE\RV003\RV003_0008.MP3,14837,MP3
SOUND\VOICE\RV003\RV003_0009.MP3,11493,MP3
SOUND\VOICE\RV003\RV003_0010.MP3,31137,MP3
SOUND\VOICE\RV003\RV003_0011.MP3,15046,MP3
SOUND\VOICE\RV003\RV003_0012.MP3,19853,MP3
SOUND\VOICE\RV003\RV003_0013.MP3,29257,MP3
SOUND\VOICE\RV003\RV003_0014.MP3,11702,MP3
SOUND\VOICE\RV003\RV003_0015.MP3,43676,MP3
SOUND\VOICE\RV003\RV003_0016.MP3,28839,MP3
SOUND\VOICE\RV003\RV003_0017.MP3,30302,MP3
SOUND\VOICE\RV003\RV003_0018.MP3,42422,MP3
SOUND\VOICE\RV003\RV003_0019.MP3,14837,MP3
SOUND\VOICE\RV003\RV003_0020.MP3,16091,MP3
SOUND\VOICE\RV003\RV003_0021.MP3,14837,MP3
SOUND\VOICE\RV003\RV003_0022.MP3,3552,MP3
SOUND\VOICE\RV003\RV003_0023.MP3,7105,MP3
SOUND\VOICE\RV003\RV003_0024.MP3,10448,MP3
SOUND\VOICE\RV003\RV003_0025.MP3,16927,MP3
SOUND\VOICE\RV003\RV003_0026.MP3,10448,MP3
SOUND\VOICE\RV003\RV003_0027.MP3,10240,MP3
SOUND\VOICE\RV003\RV003_0028.MP3,10866,MP3
SOUND\VOICE\RV003\RV003_0029.MP3,22360,MP3
SOUND\VOICE\RV003\RV003_0030.MP3,17345,MP3
SOUND\VOICE\RV003\RV003_0031.MP3,14210,MP3
SOUND\VOICE\RV003\RV003_0032.MP3,23405,MP3
SOUND\VOICE\RV003\RV003_0033.MP3,8150,MP3
SOUND\VOICE\RV003\RV003_0034.MP3,9195,MP3
SOUND\VOICE\RV003\RV003_0035.MP3,11702,MP3
SOUND\VOICE\RV003\RV003_0036.MP3,5224,MP3
SOUND\VOICE\RV003\RV003_0037.MP3,3552,MP3
SOUND\VOICE\RV003\RV003_0038.MP3,6060,MP3
SOUND\VOICE\RV004\RV004_0001.MP3,12956,MP3
SOUND\VOICE\RV004\RV004_0002.MP3,10240,MP3
SOUND\VOICE\RV004\RV004_0003.MP3,10657,MP3
SOUND\VOICE\RV004\RV004_0004.MP3,26122,MP3
SOUND\VOICE\RV004\RV004_0005.MP3,7941,MP3
SOUND\VOICE\RV004\RV004_0006.MP3,8150,MP3
SOUND\VOICE\RV004\RV004_0007.MP3,5851,MP3
SOUND\VOICE\RV004\RV004_0008.MP3,6060,MP3
SOUND\VOICE\RV004\RV004_0009.MP3,6269,MP3
SOUND\VOICE\RV004\RV004_0010.MP3,47438,MP3
SOUND\VOICE\RV004\RV004_0011.MP3,51408,MP3
SOUND\VOICE\RV004\RV004_0012.MP3,41377,MP3
SOUND\VOICE\RV004\RV004_0013.MP3,15673,MP3
SOUND\VOICE\RV004\RV004_0014.MP3,36571,MP3
SOUND\VOICE\RV004\RV004_0015.MP3,49110,MP3
SOUND\VOICE\RV004\RV004_0016.MP3,36989,MP3
SOUND\VOICE\RV004\RV004_0017.MP3,56006,MP3
SOUND\VOICE\RV004\RV004_0018.MP3,23405,MP3
SOUND\VOICE\RV004\RV004_0019.MP3,15673,MP3
SOUND\VOICE\RV004\RV004_0020.MP3,24868,MP3
SOUND\VOICE\RV004\RV004_0021.MP3,24450,MP3
SOUND\VOICE\RV004\RV004_0022.MP3,11075,MP3
SOUND\VOICE\RV004\RV004_0023.MP3,6478,MP3
SOUND\VOICE\RV004\RV004_0024.MP3,17763,MP3
SOUND\VOICE\RV004\RV004_0025.MP3,16509,MP3
SOUND\VOICE\RV004\RV004_0026.MP3,20688,MP3
SOUND\VOICE\RV004\RV004_0027.MP3,5433,MP3
SOUND\VOICE\RV004\RV004_0028.MP3,16927,MP3
SOUND\VOICE\RV004\RV004_0029.MP3,16718,MP3
SOUND\VOICE\RV004\RV004_0030.MP3,24659,MP3
SOUND\VOICE\RV004\RV004_0031.MP3,20271,MP3
SOUND\VOICE\RV004\RV004_0032.MP3,20688,MP3
SOUND\VOICE\RV004\RV004_0033.MP3,12538,MP3
SOUND\VOICE\RV004\RV004_0034.MP3,8150,MP3
SOUND\VOICE\RV004\RV004_0035.MP3,5433,MP3
SOUND\VOICE\RV004\RV004_0036.MP3,4179,MP3
SOUND\VOICE\RV004\RV004_0037.MP3,2716,MP3
SOUND\VOICE\RV004\RV004_0038.MP3,5224,MP3
SOUND\VOICE\RV005\RV005_0001.MP3,8777,MP3
SOUND\VOICE\RV005\RV005_0002.MP3,11702,MP3
SOUND\VOICE\RV005\RV005_0003.MP3,5851,MP3
SOUND\VOICE\RV005\RV005_0004.MP3,21733,MP3
SOUND\VOICE\RV005\RV005_0005.MP3,37825,MP3
SOUND\VOICE\RV005\RV005_0006.MP3,22987,MP3
SOUND\VOICE\RV005\RV005_0007.MP3,21733,MP3
SOUND\VOICE\RV005\RV005_0008.MP3,21733,MP3
SOUND\VOICE\RV005\RV005_0009.MP3,15673,MP3
SOUND\VOICE\RV005\RV005_0010.MP3,19226,MP3
SOUND\VOICE\RV005\RV005_0011.MP3,10448,MP3
SOUND\VOICE\RV005\RV005_0012.MP3,31764,MP3
SOUND\VOICE\RV005\RV005_0013.MP3,33645,MP3
SOUND\VOICE\RV005\RV005_0014.MP3,12120,MP3
SOUND\VOICE\RV005\RV005_0015.MP3,25704,MP3
SOUND\VOICE\RV005\RV005_0016.MP3,8986,MP3
SOUND\VOICE\RV005\RV005_0017.MP3,28421,MP3
SOUND\VOICE\RV005\RV005_0018.MP3,28212,MP3
SOUND\VOICE\RV005\RV005_0019.MP3,13583,MP3
SOUND\VOICE\RV005\RV005_0020.MP3,21524,MP3
SOUND\VOICE\RV005\RV005_0021.MP3,25495,MP3
SOUND\VOICE\RV005\RV005_0022.MP3,5433,MP3
SOUND\VOICE\RV005\RV005_0023.MP3,7941,MP3
SOUND\VOICE\RV005\RV005_0024.MP3,6269,MP3
SOUND\VOICE\RV005\RV005_0025.MP3,21524,MP3
SOUND\VOICE\RV005\RV005_0026.MP3,14837,MP3
SOUND\VOICE\RV005\RV005_0027.MP3,7314,MP3
SOUND\VOICE\RV005\RV005_0028.MP3,5851,MP3
SOUND\VOICE\RV005\RV005_0029.MP3,28212,MP3
SOUND\VOICE\RV005\RV005_0030.MP3,10448,MP3
SOUND\VOICE\RV005\RV005_0031.MP3,9404,MP3
SOUND\VOICE\RV005\RV005_0032.MP3,30302,MP3
SOUND\VOICE\RV005\RV005_0033.MP3,14419,MP3
SOUND\VOICE\RV005\RV005_0034.MP3,8359,MP3
SOUND\VOICE\RV005\RV005_0035.MP3,15046,MP3
SOUND\VOICE\RV005\RV005_0036.MP3,5224,MP3
SOUND\VOICE\RV005\RV005_0037.MP3,3552,MP3
SOUND\VOICE\RV005\RV005_0038.MP3,6269,MP3
SOUND\VOICE\RV006\RV006_0001.MP3,3343,MP3
SOUND\VOICE\RV006\RV006_0002.MP3,5433,MP3
SOUND\VOICE\RV006\RV006_0003.MP3,15255,MP3
SOUND\VOICE\RV006\RV006_0004.MP3,10657,MP3
SOUND\VOICE\RV006\RV006_0005.MP3,7523,MP3
SOUND\VOICE\RV006\RV006_0006.MP3,11075,MP3
SOUND\VOICE\RV006\RV006_0007.MP3,11284,MP3
SOUND\VOICE\RV006\RV006_0008.MP3,7732,MP3
SOUND\VOICE\RV006\RV006_0009.MP3,10866,MP3
SOUND\VOICE\RV006\RV006_0010.MP3,15255,MP3
SOUND\VOICE\RV006\RV006_0011.MP3,9613,MP3
SOUND\VOICE\RV006\RV006_0012.MP3,13583,MP3
SOUND\VOICE\RV006\RV006_0013.MP3,26749,MP3
SOUND\VOICE\RV006\RV006_0014.MP3,20271,MP3
SOUND\VOICE\RV006\RV006_0015.MP3,41795,MP3
SOUND\VOICE\RV006\RV006_0016.MP3,10657,MP3
SOUND\VOICE\RV006\RV006_0017.MP3,10866,MP3
SOUND\VOICE\RV006\RV006_0018.MP3,23196,MP3
SOUND\VOICE\RV006\RV006_0019.MP3,28212,MP3
SOUND\VOICE\RV006\RV006_0020.MP3,12956,MP3
SOUND\VOICE\RV006\RV006_0021.MP3,11075,MP3
SOUND\VOICE\RV006\RV006_0022.MP3,5224,MP3
SOUND\VOICE\RV006\RV006_0023.MP3,11911,MP3
SOUND\VOICE\RV006\RV006_0024.MP3,8986,MP3
SOUND\VOICE\RV006\RV006_0025.MP3,11493,MP3
SOUND\VOICE\RV006\RV006_0026.MP3,23196,MP3
SOUND\VOICE\RV006\RV006_0027.MP3,8359,MP3
SOUND\VOICE\RV006\RV006_0028.MP3,8777,MP3
SOUND\VOICE\RV006\RV006_0029.MP3,14419,MP3
SOUND\VOICE\RV006\RV006_0030.MP3,17345,MP3
SOUND\VOICE\RV006\RV006_0031.MP3,21733,MP3
SOUND\VOICE\RV006\RV006_0032.MP3,17972,MP3
SOUND\VOICE\RV006\RV006_0033.MP3,10448,MP3
SOUND\VOICE\RV006\RV006_0034.MP3,8359,MP3
SOUND\VOICE\RV006\RV006_0035.MP3,6269,MP3
SOUND\VOICE\RV006\RV006_0036.MP3,5015,MP3
SOUND\VOICE\RV006\RV006_0037.MP3,3761,MP3
SOUND\VOICE\RV006\RV006_0038.MP3,5433,MP3
SOUND\VOICE\RV007\RV007_0001.MP3,15255,MP3
SOUND\VOICE\RV007\RV007_0002.MP3,11911,MP3
SOUND\VOICE\RV007\RV007_0003.MP3,14210,MP3
SOUND\VOICE\RV007\RV007_0004.MP3,12120,MP3
SOUND\VOICE\RV007\RV007_0005.MP3,3343,MP3
SOUND\VOICE\RV007\RV007_0006.MP3,16718,MP3
SOUND\VOICE\RV007\RV007_0007.MP3,17554,MP3
SOUND\VOICE\RV007\RV007_0008.MP3,19644,MP3
SOUND\VOICE\RV007\RV007_0009.MP3,17136,MP3
SOUND\VOICE\RV007\RV007_0010.MP3,49946,MP3
SOUND\VOICE\RV007\RV007_0011.MP3,27376,MP3
SOUND\VOICE\RV007\RV007_0012.MP3,14001,MP3
SOUND\VOICE\RV007\RV007_0013.MP3,24659,MP3
SOUND\VOICE\RV007\RV007_0014.MP3,29257,MP3
SOUND\VOICE\RV007\RV007_0015.MP3,11493,MP3
SOUND\VOICE\RV007\RV007_0016.MP3,20062,MP3
SOUND\VOICE\RV007\RV007_0017.MP3,36571,MP3
SOUND\VOICE\RV007\RV007_0018.MP3,22151,MP3
SOUND\VOICE\RV007\RV007_0019.MP3,10866,MP3
SOUND\VOICE\RV007\RV007_0020.MP3,14837,MP3
SOUND\VOICE\RV007\RV007_0021.MP3,42840,MP3
SOUND\VOICE\RV007\RV007_0022.MP3,5851,MP3
SOUND\VOICE\RV007\RV007_0023.MP3,8568,MP3
SOUND\VOICE\RV007\RV007_0024.MP3,7523,MP3
SOUND\VOICE\RV007\RV007_0025.MP3,10031,MP3
SOUND\VOICE\RV007\RV007_0026.MP3,8359,MP3
SOUND\VOICE\RV007\RV007_0027.MP3,7105,MP3
SOUND\VOICE\RV007\RV007_0028.MP3,10031,MP3
SOUND\VOICE\RV007\RV007_0029.MP3,7105,MP3
SOUND\VOICE\RV007\RV007_0030.MP3,8777,MP3
SOUND\VOICE\RV007\RV007_0031.MP3,14210,MP3
SOUND\VOICE\RV007\RV007_0032.MP3,14419,MP3
SOUND\VOICE\RV007\RV007_0033.MP3,7732,MP3
SOUND\VOICE\RV007\RV007_0034.MP3,8986,MP3
SOUND\VOICE\RV007\RV007_0035.MP3,9822,MP3
SOUND\VOICE\RV007\RV007_0036.MP3,4806,MP3
SOUND\VOICE\RV007\RV007_0037.MP3,3134,MP3
SOUND\VOICE\RV007\RV007_0038.MP3,5224,MP3
SOUND\VOICE\RV008\RV008_0001.MP3,12956,MP3
SOUND\VOICE\RV008\RV008_0002.MP3,11702,MP3
SOUND\VOICE\RV008\RV008_0003.MP3,8359,MP3
SOUND\VOICE\RV008\RV008_0004.MP3,14210,MP3
SOUND\VOICE\RV008\RV008_0005.MP3,10031,MP3
SOUND\VOICE\RV008\RV008_0006.MP3,16300,MP3
SOUND\VOICE\RV008\RV008_0007.MP3,20480,MP3
SOUND\VOICE\RV008\RV008_0008.MP3,25077,MP3
SOUND\VOICE\RV008\RV008_0009.MP3,15464,MP3
SOUND\VOICE\RV008\RV008_0010.MP3,28630,MP3
SOUND\VOICE\RV008\RV008_0011.MP3,21733,MP3
SOUND\VOICE\RV008\RV008_0012.MP3,20480,MP3
SOUND\VOICE\RV008\RV008_0013.MP3,20271,MP3
SOUND\VOICE\RV008\RV008_0014.MP3,11911,MP3
SOUND\VOICE\RV008\RV008_0015.MP3,34272,MP3
SOUND\VOICE\RV008\RV008_0016.MP3,17972,MP3
SOUND\VOICE\RV008\RV008_0017.MP3,21315,MP3
SOUND\VOICE\RV008\RV008_0018.MP3,19226,MP3
SOUND\VOICE\RV008\RV008_0019.MP3,9195,MP3
SOUND\VOICE\RV008\RV008_0020.MP3,10866,MP3
SOUND\VOICE\RV008\RV008_0021.MP3,27794,MP3
SOUND\VOICE\RV008\RV008_0022.MP3,6060,MP3
SOUND\VOICE\RV008\RV008_0023.MP3,9822,MP3
SOUND\VOICE\RV008\RV008_0024.MP3,2507,MP3
SOUND\VOICE\RV008\RV008_0024A.MP3,2507,MP3
SOUND\VOICE\RV008\RV008_0025.MP3,10448,MP3
SOUND\VOICE\RV008\RV008_0026.MP3,17136,MP3
SOUND\VOICE\RV008\RV008_0027.MP3,13583,MP3
SOUND\VOICE\RV008\RV008_0028.MP3,15255,MP3
SOUND\VOICE\RV008\RV008_0029.MP3,10657,MP3
SOUND\VOICE\RV008\RV008_0030.MP3,13165,MP3
SOUND\VOICE\RV008\RV008_0031.MP3,7314,MP3
SOUND\VOICE\RV008\RV008_0032.MP3,8150,MP3
SOUND\VOICE\RV008\RV008_0033.MP3,11075,MP3
SOUND\VOICE\RV008\RV008_0034.MP3,11911,MP3
SOUND\VOICE\RV008\RV008_0035.MP3,7523,MP3
SOUND\VOICE\RV008\RV008_0036.MP3,5642,MP3
SOUND\VOICE\RV008\RV008_0037.MP3,2925,MP3
SOUND\VOICE\RV008\RV008_0038.MP3,6896,MP3
SOUND\VOICE\RV009\RV009_0001.MP3,16300,MP3
SOUND\VOICE\RV009\RV009_0002.MP3,18599,MP3
SOUND\VOICE\RV009\RV009_0003.MP3,20271,MP3
SOUND\VOICE\RV009\RV009_0004.MP3,5224,MP3
SOUND\VOICE\RV009\RV009_0005.MP3,20062,MP3
SOUND\VOICE\RV009\RV009_0006.MP3,7732,MP3
SOUND\VOICE\RV009\RV009_0007.MP3,25077,MP3
SOUND\VOICE\RV009\RV009_0008.MP3,20480,MP3
SOUND\VOICE\RV009\RV009_0009.MP3,22360,MP3
SOUND\VOICE\RV009\RV009_0010.MP3,15882,MP3
SOUND\VOICE\RV009\RV009_0011.MP3,7314,MP3
SOUND\VOICE\RV009\RV009_0012.MP3,16300,MP3
SOUND\VOICE\RV009\RV009_0013.MP3,28212,MP3
SOUND\VOICE\RV009\RV009_0014.MP3,15673,MP3
SOUND\VOICE\RV009\RV009_0015.MP3,24659,MP3
SOUND\VOICE\RV009\RV009_0016.MP3,13165,MP3
SOUND\VOICE\RV009\RV009_0017.MP3,40542,MP3
SOUND\VOICE\RV009\RV009_0018.MP3,19853,MP3
SOUND\VOICE\RV009\RV009_0019.MP3,11075,MP3
SOUND\VOICE\RV009\RV009_0020.MP3,6687,MP3
SOUND\VOICE\RV009\RV009_0021.MP3,25704,MP3
SOUND\VOICE\RV009\RV009_0022.MP3,6687,MP3
SOUND\VOICE\RV009\RV009_0023.MP3,6060,MP3
SOUND\VOICE\RV009\RV009_0024.MP3,20062,MP3
SOUND\VOICE\RV009\RV009_0025.MP3,7523,MP3
SOUND\VOICE\RV009\RV009_0026.MP3,22360,MP3
SOUND\VOICE\RV009\RV009_0027.MP3,6060,MP3
SOUND\VOICE\RV009\RV009_0028.MP3,14837,MP3
SOUND\VOICE\RV009\RV009_0029.MP3,29048,MP3
SOUND\VOICE\RV009\RV009_0030.MP3,12120,MP3
SOUND\VOICE\RV009\RV009_0031.MP3,10657,MP3
SOUND\VOICE\RV009\RV009_0032.MP3,11075,MP3
SOUND\VOICE\RV009\RV009_0033.MP3,11493,MP3
SOUND\VOICE\RV009\RV009_0034.MP3,8777,MP3
SOUND\VOICE\RV009\RV009_0035.MP3,5642,MP3
SOUND\VOICE\RV009\RV009_0036.MP3,4806,MP3
SOUND\VOICE\RV009\RV009_0037.MP3,2925,MP3
SOUND\VOICE\RV009\RV009_0038.MP3,5642,MP3
SOUND\VOICE\RV010\RV010_0001.MP3,10031,MP3
SOUND\VOICE\RV010\RV010_0002.MP3,9613,MP3
SOUND\VOICE\RV010\RV010_0003.MP3,11911,MP3
SOUND\VOICE\RV010\RV010_0004.MP3,16300,MP3
SOUND\VOICE\RV010\RV010_0005.MP3,17763,MP3
SOUND\VOICE\RV010\RV010_0006.MP3,13583,MP3
SOUND\VOICE\RV010\RV010_0007.MP3,5015,MP3
SOUND\VOICE\RV010\RV010_0008.MP3,17763,MP3
SOUND\VOICE\RV010\RV010_0009.MP3,12538,MP3
SOUND\VOICE\RV010\RV010_0010.MP3,19017,MP3
SOUND\VOICE\RV010\RV010_0011.MP3,14837,MP3
SOUND\VOICE\RV010\RV010_0012.MP3,10031,MP3
SOUND\VOICE\RV010\RV010_0013.MP3,14001,MP3
SOUND\VOICE\RV010\RV010_0014.MP3,20062,MP3
SOUND\VOICE\RV010\RV010_0015.MP3,24032,MP3
SOUND\VOICE\RV010\RV010_0016.MP3,6687,MP3
SOUND\VOICE\RV010\RV010_0017.MP3,32600,MP3
SOUND\VOICE\RV010\RV010_0018.MP3,19226,MP3
SOUND\VOICE\RV010\RV010_0019.MP3,11702,MP3
SOUND\VOICE\RV010\RV010_0020.MP3,15882,MP3
SOUND\VOICE\RV010\RV010_0021.MP3,30093,MP3
SOUND\VOICE\RV010\RV010_0022.MP3,2298,MP3
SOUND\VOICE\RV010\RV010_0023.MP3,3970,MP3
SOUND\VOICE\RV010\RV010_0024.MP3,12956,MP3
SOUND\VOICE\RV010\RV010_0025.MP3,9613,MP3
SOUND\VOICE\RV010\RV010_0026.MP3,17345,MP3
SOUND\VOICE\RV010\RV010_0027.MP3,7941,MP3
SOUND\VOICE\RV010\RV010_0028.MP3,7732,MP3
SOUND\VOICE\RV010\RV010_0029.MP3,7314,MP3
SOUND\VOICE\RV010\RV010_0030.MP3,8777,MP3
SOUND\VOICE\RV010\RV010_0031.MP3,20480,MP3
SOUND\VOICE\RV010\RV010_0032.MP3,7314,MP3
SOUND\VOICE\RV010\RV010_0033.MP3,6478,MP3
SOUND\VOICE\RV010\RV010_0034.MP3,8777,MP3
SOUND\VOICE\RV010\RV010_0035.MP3,8568,MP3
SOUND\VOICE\RV010\RV010_0036.MP3,5015,MP3
SOUND\VOICE\RV010\RV010_0037.MP3,2716,MP3
SOUND\VOICE\RV010\RV010_0038.MP3,4806,MP3
SOUND\VOICE\RV011\RV011_0001.MP3,5224,MP3
SOUND\VOICE\RV011\RV011_0002.MP3,5851,MP3
SOUND\VOICE\RV011\RV011_0003.MP3,11075,MP3
SOUND\VOICE\RV011\RV011_0004.MP3,14628,MP3
SOUND\VOICE\RV011\RV011_0005.MP3,16927,MP3
SOUND\VOICE\RV011\RV011_0006.MP3,34272,MP3
SOUND\VOICE\RV011\RV011_0007.MP3,4388,MP3
SOUND\VOICE\RV011\RV011_0008.MP3,17345,MP3
SOUND\VOICE\RV011\RV011_0009.MP3,23405,MP3
SOUND\VOICE\RV011\RV011_0010.MP3,25704,MP3
SOUND\VOICE\RV011\RV011_0011.MP3,13583,MP3
SOUND\VOICE\RV011\RV011_0012.MP3,16718,MP3
SOUND\VOICE\RV011\RV011_0013.MP3,15673,MP3
SOUND\VOICE\RV011\RV011_0014.MP3,8150,MP3
SOUND\VOICE\RV011\RV011_0015.MP3,23196,MP3
SOUND\VOICE\RV011\RV011_0016.MP3,7523,MP3
SOUND\VOICE\RV011\RV011_0017.MP3,12747,MP3
SOUND\VOICE\RV011\RV011_0018.MP3,30928,MP3
SOUND\VOICE\RV011\RV011_0019.MP3,7732,MP3
SOUND\VOICE\RV011\RV011_0020.MP3,8359,MP3
SOUND\VOICE\RV011\RV011_0021.MP3,10448,MP3
SOUND\VOICE\RV011\RV011_0022.MP3,6269,MP3
SOUND\VOICE\RV011\RV011_0023.MP3,5642,MP3
SOUND\VOICE\RV011\RV011_0024.MP3,6478,MP3
SOUND\VOICE\RV011\RV011_0025.MP3,8359,MP3
SOUND\VOICE\RV011\RV011_0026.MP3,10031,MP3
SOUND\VOICE\RV011\RV011_0027.MP3,5224,MP3
SOUND\VOICE\RV011\RV011_0028.MP3,7941,MP3
SOUND\VOICE\RV011\RV011_0029.MP3,14210,MP3
SOUND\VOICE\RV011\RV011_0030.MP3,15673,MP3
SOUND\VOICE\RV011\RV011_0031.MP3,7941,MP3
SOUND\VOICE\RV011\RV011_0032.MP3,15882,MP3
SOUND\VOICE\RV011\RV011_0033.MP3,8150,MP3
SOUND\VOICE\RV011\RV011_0034.MP3,7523,MP3
SOUND\VOICE\RV011\RV011_0035.MP3,13374,MP3
SOUND\VOICE\RV011\RV011_0036.MP3,3970,MP3
SOUND\VOICE\RV011\RV011_0037.MP3,3134,MP3
SOUND\VOICE\RV011\RV011_0038.MP3,5224,MP3
SOUND\VOICE\RV012\RV012_0001.MP3,6478,MP3
SOUND\VOICE\RV012\RV012_0002.MP3,12747,MP3
SOUND\VOICE\RV012\RV012_0003.MP3,12329,MP3
SOUND\VOICE\RV012\RV012_0004.MP3,22987,MP3
SOUND\VOICE\RV012\RV012_0005.MP3,20062,MP3
SOUND\VOICE\RV012\RV012_0006.MP3,22987,MP3
SOUND\VOICE\RV012\RV012_0007.MP3,24659,MP3
SOUND\VOICE\RV012\RV012_0008.MP3,10866,MP3
SOUND\VOICE\RV012\RV012_0009.MP3,16091,MP3
SOUND\VOICE\RV012\RV012_0010.MP3,20897,MP3
SOUND\VOICE\RV012\RV012_0011.MP3,17345,MP3
SOUND\VOICE\RV012\RV012_0012.MP3,37616,MP3
SOUND\VOICE\RV012\RV012_0013.MP3,22778,MP3
SOUND\VOICE\RV012\RV012_0014.MP3,15882,MP3
SOUND\VOICE\RV012\RV012_0015.MP3,17554,MP3
SOUND\VOICE\RV012\RV012_0016.MP3,11911,MP3
SOUND\VOICE\RV012\RV012_0017.MP3,15673,MP3
SOUND\VOICE\RV012\RV012_0018.MP3,8359,MP3
SOUND\VOICE\RV012\RV012_0019.MP3,9404,MP3
SOUND\VOICE\RV012\RV012_0020.MP3,11702,MP3
SOUND\VOICE\RV012\RV012_0021.MP3,46184,MP3
SOUND\VOICE\RV012\RV012_0022.MP3,7105,MP3
SOUND\VOICE\RV012\RV012_0023.MP3,6060,MP3
SOUND\VOICE\RV012\RV012_0024.MP3,7314,MP3
SOUND\VOICE\RV012\RV012_0025.MP3,7941,MP3
SOUND\VOICE\RV012\RV012_0026.MP3,16300,MP3
SOUND\VOICE\RV012\RV012_0027.MP3,10240,MP3
SOUND\VOICE\RV012\RV012_0028.MP3,8359,MP3
SOUND\VOICE\RV012\RV012_0029.MP3,7732,MP3
SOUND\VOICE\RV012\RV012_0030.MP3,10657,MP3
SOUND\VOICE\RV012\RV012_0031.MP3,9195,MP3
SOUND\VOICE\RV012\RV012_0032.MP3,10866,MP3
SOUND\VOICE\RV012\RV012_0033.MP3,8777,MP3
SOUND\VOICE\RV012\RV012_0034.MP3,8568,MP3
SOUND\VOICE\RV012\RV012_0035.MP3,14210,MP3
SOUND\VOICE\RV012\RV012_0036.MP3,6060,MP3
SOUND\VOICE\RV012\RV012_0037.MP3,3552,MP3
SOUND\VOICE\RV012\RV012_0038.MP3,5015,MP3
SOUND\VOICE\RV013\RV013_0001.MP3,17763,MP3
SOUND\VOICE\RV013\RV013_0002.MP3,24241,MP3
SOUND\VOICE\RV013\RV013_0003.MP3,6060,MP3
SOUND\VOICE\RV013\RV013_0004.MP3,24241,MP3
SOUND\VOICE\RV013\RV013_0005.MP3,52244,MP3
SOUND\VOICE\RV013\RV013_0006.MP3,24241,MP3
SOUND\VOICE\RV013\RV013_0007.MP3,15255,MP3
SOUND\VOICE\RV013\RV013_0008.MP3,19435,MP3
SOUND\VOICE\RV013\RV013_0009.MP3,16091,MP3
SOUND\VOICE\RV013\RV013_0010.MP3,77531,MP3
SOUND\VOICE\RV013\RV013_0011.MP3,18390,MP3
SOUND\VOICE\RV013\RV013_0012.MP3,23196,MP3
SOUND\VOICE\RV013\RV013_0013.MP3,37616,MP3
SOUND\VOICE\RV013\RV013_0014.MP3,16300,MP3
SOUND\VOICE\RV013\RV013_0015.MP3,13583,MP3
SOUND\VOICE\RV013\RV013_0016.MP3,48692,MP3
SOUND\VOICE\RV013\RV013_0017.MP3,61440,MP3
SOUND\VOICE\RV013\RV013_0018.MP3,38661,MP3
SOUND\VOICE\RV013\RV013_0019.MP3,40333,MP3
SOUND\VOICE\RV013\RV013_0020.MP3,22151,MP3
SOUND\VOICE\RV013\RV013_0021.MP3,32600,MP3
SOUND\VOICE\RV013\RV013_0022.MP3,7314,MP3
SOUND\VOICE\RV013\RV013_0023.MP3,15464,MP3
SOUND\VOICE\RV013\RV013_0024.MP3,15464,MP3
SOUND\VOICE\RV013\RV013_0025.MP3,22151,MP3
SOUND\VOICE\RV013\RV013_0026.MP3,16718,MP3
SOUND\VOICE\RV013\RV013_0027.MP3,36989,MP3
SOUND\VOICE\RV013\RV013_0028.MP3,11284,MP3
SOUND\VOICE\RV013\RV013_0029.MP3,27376,MP3
SOUND\VOICE\RV013\RV013_0030.MP3,29466,MP3
SOUND\VOICE\RV013\RV013_0031.MP3,21524,MP3
SOUND\VOICE\RV013\RV013_0032A.MP3,30720,MP3
SOUND\VOICE\RV013\RV013_0032B.MP3,25495,MP3
SOUND\VOICE\RV013\RV013_0033.MP3,6478,MP3
SOUND\VOICE\RV013\RV013_0034.MP3,7523,MP3
SOUND\VOICE\RV013\RV013_0035.MP3,7941,MP3
SOUND\VOICE\RV013\RV013_0036.MP3,7105,MP3
SOUND\VOICE\RV013\RV013_0037.MP3,4597,MP3
SOUND\VOICE\RV013\RV013_0038.MP3,8986,MP3
SOUND\VOICE\V002\V002_001_01.MP3,30302,MP3
SOUND\VOICE\V002\V002_002_01.MP3,102400,MP3
SOUND\VOICE\V002\V002_002_02.MP3,88189,MP3
SOUND\VOICE\V002\V002_002_03.MP3,81711,MP3
SOUND\VOICE\V002\V002_002_04.MP3,100728,MP3
SOUND\VOICE\V002\V002_003_01.MP3,61648,MP3
SOUND\VOICE\V002\V002_003_02.MP3,115147,MP3
SOUND\VOICE\V002\V002_003_03.MP3,106161,MP3
SOUND\VOICE\V002\V002_003_04.MP3,77113,MP3
SOUND\VOICE\V002\V002_004_01.MP3,62693,MP3
SOUND\VOICE\V002\V002_004_02.MP3,48483,MP3
SOUND\VOICE\V002\V002_004_03.MP3,71471,MP3
SOUND\VOICE\V002\V002_004_04.MP3,66664,MP3
SOUND\VOICE\V002\V002_005_01.MP3,84427,MP3
SOUND\VOICE\V002\V002_005_02.MP3,73351,MP3
SOUND\VOICE\V002\V002_005_03.MP3,38034,MP3
SOUND\VOICE\V002\V002_006_01.MP3,87980,MP3
SOUND\VOICE\V002\V002_006_02.MP3,39288,MP3
SOUND\VOICE\V002\V002_006_03.MP3,54125,MP3
SOUND\VOICE\V002\V002_006_04.MP3,67918,MP3
SOUND\VOICE\V002\V002_006_05.MP3,67082,MP3
SOUND\VOICE\V002\V002_007_01.MP3,46184,MP3
SOUND\VOICE\V002\V002_007_02.MP3,77322,MP3
SOUND\VOICE\V002\V002_007_03.MP3,31555,MP3
SOUND\VOICE\V002\V002_007_04.MP3,64365,MP3
SOUND\VOICE\V002\V002_007_05.MP3,68545,MP3
SOUND\VOICE\V002\V002_007_06.MP3,63320,MP3
SOUND\VOICE\V002\V002_007_07.MP3,67709,MP3
SOUND\VOICE\V002\V002_008_01.MP3,48901,MP3
SOUND\VOICE\V002\V002_008_02.MP3,71262,MP3
SOUND\VOICE\V002\V002_009_01.MP3,55797,MP3
SOUND\VOICE\V002\V002_009_02.MP3,72306,MP3
SOUND\VOICE\V002\V002_009_03.MP3,68545,MP3
SOUND\VOICE\V002\V002_009_04.MP3,83800,MP3
SOUND\VOICE\V002\V002_010_01.MP3,54334,MP3
SOUND\VOICE\V002\V002_010_02.MP3,50991,MP3
SOUND\VOICE\V002\V002_010_03.MP3,58305,MP3
SOUND\VOICE\V002\V002_010_04.MP3,50782,MP3
SOUND\VOICE\V002\V002_010_05.MP3,62484,MP3
SOUND\VOICE\V002\V002_011_01.MP3,74187,MP3
SOUND\VOICE\V002\V002_011_02.MP3,76904,MP3
SOUND\VOICE\V002\V002_012_01.MP3,16509,MP3
SOUND\VOICE\V002\V002_012_02.MP3,21733,MP3
SOUND\VOICE\V002\V002_013_01.MP3,10657,MP3
SOUND\VOICE\V002\V002_014_01.MP3,60813,MP3
SOUND\VOICE\V002\V002_014_02.MP3,71680,MP3
SOUND\VOICE\V002A\V002A_001_01.MP3,29675,MP3
SOUND\VOICE\V002A\V002A_002_01.MP3,107415,MP3
SOUND\VOICE\V002A\V002A_002_02.MP3,95712,MP3
SOUND\VOICE\V002A\V002A_002_03.MP3,83382,MP3
SOUND\VOICE\V002A\V002A_002_04.MP3,91533,MP3
SOUND\VOICE\V002A\V002A_003_01.MP3,73769,MP3
SOUND\VOICE\V002A\V002A_003_02.MP3,102817,MP3
SOUND\VOICE\V002A\V002A_003_03.MP3,111804,MP3
SOUND\VOICE\V002A\V002A_003_04.MP3,81920,MP3
SOUND\VOICE\V002A\V002A_004_01.MP3,69172,MP3
SOUND\VOICE\V002A\V002A_004_02.MP3,62902,MP3
SOUND\VOICE\V002A\V002A_004_03.MP3,78994,MP3
SOUND\VOICE\V002A\V002A_004_04.MP3,77740,MP3
SOUND\VOICE\V002A\V002A_005_01.MP3,98847,MP3
SOUND\VOICE\V002A\V002A_005_02.MP3,79830,MP3
SOUND\VOICE\V002A\V002A_005_03.MP3,43049,MP3
SOUND\VOICE\V002A\V002A_006_01.MP3,90070,MP3
SOUND\VOICE\V002A\V002A_006_02.MP3,38243,MP3
SOUND\VOICE\V002A\V002A_006_03.MP3,60604,MP3
SOUND\VOICE\V002A\V002A_006_04.MP3,82546,MP3
SOUND\VOICE\V002A\V002A_006_05.MP3,71888,MP3
SOUND\VOICE\V002A\V002A_007_01.MP3,55379,MP3
SOUND\VOICE\V002A\V002A_007_02.MP3,94458,MP3
SOUND\VOICE\V002A\V002A_007_03.MP3,25077,MP3
SOUND\VOICE\V002A\V002A_007_04.MP3,70217,MP3
SOUND\VOICE\V002A\V002A_007_05.MP3,71471,MP3
SOUND\VOICE\V002A\V002A_007_06.MP3,74814,MP3
SOUND\VOICE\V002A\V002A_007_07.MP3,89234,MP3
SOUND\VOICE\V002A\V002A_008_01.MP3,48483,MP3
SOUND\VOICE\V002A\V002A_008_02.MP3,64365,MP3
SOUND\VOICE\V002A\V002A_009_01.MP3,55379,MP3
SOUND\VOICE\V002A\V002A_009_02.MP3,74605,MP3
SOUND\VOICE\V002A\V002A_009_03.MP3,77531,MP3
SOUND\VOICE\V002A\V002A_009_04.MP3,85054,MP3
SOUND\VOICE\V002A\V002A_010_01.MP3,53498,MP3
SOUND\VOICE\V002A\V002A_010_02.MP3,43049,MP3
SOUND\VOICE\V002A\V002A_010_03.MP3,73560,MP3
SOUND\VOICE\V002A\V002A_010_04.MP3,53707,MP3
SOUND\VOICE\V002A\V002A_010_05.MP3,59559,MP3
SOUND\VOICE\V002A\V002A_011_01.MP3,72097,MP3
SOUND\VOICE\V002A\V002A_011_02.MP3,80457,MP3
SOUND\VOICE\V002A\V002A_012_01.MP3,24032,MP3
SOUND\VOICE\V002A\V002A_012_02.MP3,21524,MP3
SOUND\VOICE\V002A\V002A_013_01.MP3,11702,MP3
SOUND\VOICE\V002A\V002A_014_01A.MP3,60813,MP3
SOUND\VOICE\V002A\V002A_014_01B.MP3,54543,MP3
SOUND\VOICE\V002A\V002A_014_02A.MP3,78994,MP3
SOUND\VOICE\V002A\V002A_014_02B.MP3,80875,MP3
SOUND\VOICE\V003\V003_001_01.MP3,14837,MP3
SOUND\VOICE\V003\V003_002_01.MP3,9613,MP3
SOUND\VOICE\V003\V003_002_02.MP3,12956,MP3
SOUND\VOICE\V003\V003_003_01.MP3,10866,MP3
SOUND\VOICE\V003\V003_003_02.MP3,28630,MP3
SOUND\VOICE\V003\V003_004_01A.MP3,3134,MP3
SOUND\VOICE\V003\V003_004_01B.MP3,4179,MP3
SOUND\VOICE\V003\V003_005_01.MP3,17763,MP3
SOUND\VOICE\V003\V003_005_02.MP3,20271,MP3
SOUND\VOICE\V003\V003_005_03.MP3,5433,MP3
SOUND\VOICE\V003\V003_005_04.MP3,33018,MP3
SOUND\VOICE\V003\V003_006_01.MP3,17972,MP3
SOUND\VOICE\V003\V003_006_02.MP3,41795,MP3
SOUND\VOICE\V003\V003_007_01.MP3,39497,MP3
SOUND\VOICE\V003\V003_007_02.MP3,10448,MP3
SOUND\VOICE\V003\V003_007_03.MP3,25077,MP3
SOUND\VOICE\V003\V003_008_01.MP3,18390,MP3
SOUND\VOICE\V003\V003_009_01.MP3,29675,MP3
SOUND\VOICE\V003\V003_010_01.MP3,13792,MP3
SOUND\VOICE\V003\V003_010_02.MP3,36362,MP3
SOUND\VOICE\V003\V003_011_01.MP3,24659,MP3
SOUND\VOICE\V003\V003_011_02.MP3,68963,MP3
SOUND\VOICE\V003\V003_012_01.MP3,18808,MP3
SOUND\VOICE\V003\V003_012_02.MP3,35944,MP3
SOUND\VOICE\V003\V003_012_03.MP3,40960,MP3
SOUND\VOICE\V003\V003_013_01.MP3,37616,MP3
SOUND\VOICE\V003\V003_013_02.MP3,31346,MP3
SOUND\VOICE\V003\V003_014_01.MP3,38870,MP3
SOUND\VOICE\V003\V003_014_02.MP3,22360,MP3
SOUND\VOICE\V003\V003_015_01.MP3,51200,MP3
SOUND\VOICE\V003\V003_015_02.MP3,22778,MP3
SOUND\VOICE\V003\V003_015_03.MP3,69172,MP3
SOUND\VOICE\V003\V003_016_01.MP3,7732,MP3
SOUND\VOICE\V003\V003_016_02.MP3,13165,MP3
SOUND\VOICE\V003\V003_016_03.MP3,22987,MP3
SOUND\VOICE\V003\V003_016_04.MP3,6478,MP3
SOUND\VOICE\V003\V003_016_05.MP3,15046,MP3
SOUND\VOICE\V003\V003_017_01.MP3,31555,MP3
SOUND\VOICE\V003\V003_017_02.MP3,16300,MP3
SOUND\VOICE\V003\V003_017_03.MP3,27376,MP3
SOUND\VOICE\V003\V003_018_01.MP3,37616,MP3
SOUND\VOICE\V003\V003_019_01.MP3,9613,MP3
SOUND\VOICE\V003\V003_020_01.MP3,29257,MP3
SOUND\VOICE\V003\V003_020_02.MP3,38452,MP3
SOUND\VOICE\V003\V003_021_01.MP3,7941,MP3
SOUND\VOICE\V003\V003_022_01.MP3,13792,MP3
SOUND\VOICE\V003\V003_023_01.MP3,21733,MP3
SOUND\VOICE\V003\V003_024_01.MP3,18390,MP3
SOUND\VOICE\V003\V003_024_02.MP3,26331,MP3
SOUND\VOICE\V003\V003_025_01.MP3,31346,MP3
SOUND\VOICE\V003\V003_025_02.MP3,57678,MP3
SOUND\VOICE\V003\V003_025_03.MP3,58096,MP3
SOUND\VOICE\V003\V003_026_01.MP3,10240,MP3
SOUND\VOICE\V003\V003_026_02.MP3,13792,MP3
SOUND\VOICE\V003\V003_027_01.MP3,6687,MP3
SOUND\VOICE\V003\V003_028_01.MP3,21942,MP3
SOUND\VOICE\V003\V003_028_02.MP3,29048,MP3
SOUND\VOICE\V003\V003_029_01.MP3,26540,MP3
SOUND\VOICE\V003\V003_029_02.MP3,29675,MP3
SOUND\VOICE\V003\V003_029_03.MP3,17972,MP3
SOUND\VOICE\V003\V003_030_01.MP3,11702,MP3
SOUND\VOICE\V003\V003_031_01.MP3,3761,MP3
SOUND\VOICE\V003\V003_032_01.MP3,8568,MP3
SOUND\VOICE\V003\V003_032_02.MP3,17554,MP3
SOUND\VOICE\V003\V003_032_03.MP3,25495,MP3
SOUND\VOICE\V003\V003_033_01.MP3,6269,MP3
SOUND\VOICE\V003\V003_033_02.MP3,44094,MP3
SOUND\VOICE\V003\V003_033_03.MP3,8150,MP3
SOUND\VOICE\V003\V003_034_01.MP3,5851,MP3
SOUND\VOICE\V003\V003_035_01.MP3,31555,MP3
SOUND\VOICE\V003\V003_036_01.MP3,2507,MP3
SOUND\VOICE\V003\V003_037_01.MP3,7105,MP3
SOUND\VOICE\V003\V003_038_01.MP3,33227,MP3
SOUND\VOICE\V003\V003_039_01.MP3,21106,MP3
SOUND\VOICE\V003\V003_040_01.MP3,14210,MP3
SOUND\VOICE\V003\V003_040_02.MP3,15882,MP3
SOUND\VOICE\V003\V003_041_01.MP3,2925,MP3
SOUND\VOICE\V003\V003_042_01.MP3,18390,MP3
SOUND\VOICE\V003\V003_043_01.MP3,12956,MP3
SOUND\VOICE\V003\V003_043_02.MP3,10866,MP3
SOUND\VOICE\V003\V003_044_01.MP3,19853,MP3
SOUND\VOICE\V003\V003_044_02.MP3,18390,MP3
SOUND\VOICE\V003\V003_045_01.MP3,13374,MP3
SOUND\VOICE\V003\V003_046_01.MP3,30093,MP3
SOUND\VOICE\V003\V003_047_01.MP3,21942,MP3
SOUND\VOICE\V003\V003_048_01.MP3,15464,MP3
SOUND\VOICE\V003\V003_049_01.MP3,6269,MP3
SOUND\VOICE\V003\V003_049_02.MP3,29675,MP3
SOUND\VOICE\V003\V003_049_03.MP3,13165,MP3
SOUND\VOICE\V003\V003_050_01.MP3,10240,MP3
SOUND\VOICE\V003\V003_051_01.MP3,11075,MP3
SOUND\VOICE\V003\V003_052_01.MP3,6687,MP3
SOUND\VOICE\V006\V006_001_01.MP3,10240,MP3
SOUND\VOICE\V006\V006_001_02.MP3,13165,MP3
SOUND\VOICE\V006\V006_002_01.MP3,8568,MP3
SOUND\VOICE\V006\V006_002_02.MP3,77322,MP3
SOUND\VOICE\V006\V006_002_03.MP3,56006,MP3
SOUND\VOICE\V006\V006_003_01.MP3,20688,MP3
SOUND\VOICE\V006\V006_003_02.MP3,20271,MP3
SOUND\VOICE\V006\V006_003_03.MP3,15673,MP3
SOUND\VOICE\V006\V006_003_04.MP3,59977,MP3
SOUND\VOICE\V006\V006_004_01.MP3,9822,MP3
SOUND\VOICE\V006\V006_004_02.MP3,30093,MP3
SOUND\VOICE\V006\V006_004_03.MP3,31137,MP3
SOUND\VOICE\V006\V006_004_04.MP3,14419,MP3
SOUND\VOICE\V006\V006_005_01.MP3,19853,MP3
SOUND\VOICE\V006\V006_005_02.MP3,20897,MP3
SOUND\VOICE\V006\V006_006_01.MP3,23823,MP3
SOUND\VOICE\V006\V006_007_01.MP3,11493,MP3
SOUND\VOICE\V006\V006_007_02.MP3,34063,MP3
SOUND\VOICE\V006\V006_007_03.MP3,29466,MP3
SOUND\VOICE\V006\V006_008_01.MP3,30928,MP3
SOUND\VOICE\V006\V006_008_02.MP3,50991,MP3
SOUND\VOICE\V006\V006_008_03.MP3,21524,MP3
SOUND\VOICE\V006\V006_009_01.MP3,40751,MP3
SOUND\VOICE\V006\V006_009_02.MP3,37616,MP3
SOUND\VOICE\V006\V006_010_01.MP3,34899,MP3
SOUND\VOICE\V006\V006_010_02.MP3,35317,MP3
SOUND\VOICE\V006\V006_011_01.MP3,43467,MP3
SOUND\VOICE\V006\V006_011_02.MP3,35944,MP3
SOUND\VOICE\V006\V006_011_03.MP3,35526,MP3
SOUND\VOICE\V006\V006_012_01.MP3,50155,MP3
SOUND\VOICE\V006\V006_013_01.MP3,10240,MP3
SOUND\VOICE\V006\V006_013_02.MP3,65201,MP3
SOUND\VOICE\V006\V006_013_03.MP3,46184,MP3
SOUND\VOICE\V006\V006_014_01.MP3,74187,MP3
SOUND\VOICE\V006\V006_014_02.MP3,62902,MP3
SOUND\VOICE\V006\V006_014_03.MP3,77949,MP3
SOUND\VOICE\V006\V006_015_01.MP3,46602,MP3
SOUND\VOICE\V006\V006_015_02.MP3,22778,MP3
SOUND\VOICE\V006\V006_016_01.MP3,44303,MP3
SOUND\VOICE\V006\V006_016_02.MP3,35108,MP3
SOUND\VOICE\V006\V006_016_03.MP3,36989,MP3
SOUND\VOICE\V006\V006_017_01.MP3,48483,MP3
SOUND\VOICE\V006\V006_017_02.MP3,45348,MP3
SOUND\VOICE\V006\V006_018_01.MP3,69381,MP3
SOUND\VOICE\V006\V006_018_02.MP3,14001,MP3
SOUND\VOICE\V006\V006_018_03.MP3,40542,MP3
SOUND\VOICE\V006\V006_019_01.MP3,19853,MP3
SOUND\VOICE\V006\V006_020_01.MP3,81084,MP3
SOUND\VOICE\V006\V006_020_02.MP3,29048,MP3
SOUND\VOICE\V006\V006_020_03.MP3,53707,MP3
SOUND\VOICE\V006\V006_021_01.MP3,16509,MP3
SOUND\VOICE\V006\V006_021_02.MP3,30720,MP3
SOUND\VOICE\V006\V006_022_01.MP3,93204,MP3
SOUND\VOICE\V006\V006_022_02.MP3,46811,MP3
SOUND\VOICE\V006\V006_022_03.MP3,71680,MP3
SOUND\VOICE\V006\V006_023_01.MP3,7732,MP3
SOUND\VOICE\V006\V006_024_01.MP3,38034,MP3
SOUND\VOICE\V006\V006_025_01.MP3,14837,MP3
SOUND\VOICE\V006\V006_025_02.MP3,67500,MP3
SOUND\VOICE\V006\V006_025_03.MP3,13165,MP3
SOUND\VOICE\V006\V006_025_04.MP3,22987,MP3
SOUND\VOICE\V006\V006_026_01.MP3,16509,MP3
SOUND\VOICE\V006\V006_027_01.MP3,7314,MP3
SOUND\VOICE\V006\V006_028_01.MP3,9195,MP3
SOUND\VOICE\V006\V006_029_01.MP3,6269,MP3
SOUND\VOICE\V006\V006_030_01.MP3,16927,MP3
SOUND\VOICE\V006\V006_030_02.MP3,12538,MP3
SOUND\VOICE\V006\V006_031_01.MP3,8150,MP3
SOUND\VOICE\V006\V006_031_02.MP3,16718,MP3
SOUND\VOICE\V006\V006_031_03.MP3,26749,MP3
SOUND\VOICE\V006\V006_032_01.MP3,3134,MP3
SOUND\VOICE\V006\V006_033_01.MP3,27167,MP3
SOUND\VOICE\V006\V006_034_01.MP3,17763,MP3
SOUND\VOICE\V006\V006_034_02.MP3,19435,MP3
SOUND\VOICE\V006\V006_035_01.MP3,5642,MP3
SOUND\VOICE\V006\V006_036_01.MP3,6687,MP3
SOUND\VOICE\V006\V006_037_01.MP3,4179,MP3
SOUND\VOICE\V006\V006_038_01.MP3,32809,MP3
SOUND\VOICE\V006\V006_039_01.MP3,3761,MP3
SOUND\VOICE\V006\V006_040_01.MP3,5851,MP3
SOUND\VOICE\V006\V006_041_01.MP3,2298,MP3
SOUND\VOICE\V006\V006_042_01.MP3,2925,MP3
SOUND\VOICE\V006\V006_043_01.MP3,9195,MP3
SOUND\VOICE\V006\V006_044_01.MP3,11911,MP3
SOUND\VOICE\V006\V006_045_01.MP3,22151,MP3
SOUND\VOICE\V006\V006_045_02.MP3,30302,MP3
SOUND\VOICE\V006\V006_046_01.MP3,11075,MP3
SOUND\VOICE\V006\V006_046_02.MP3,25286,MP3
SOUND\VOICE\V006\V006_047_01.MP3,6269,MP3
SOUND\VOICE\V006\V006_048_01.MP3,10866,MP3
SOUND\VOICE\V006\V006_049_01.MP3,7314,MP3
SOUND\VOICE\V006\V006_050_01.MP3,13165,MP3
SOUND\VOICE\V006\V006_051_01.MP3,13374,MP3
SOUND\VOICE\V006\V006_052_01.MP3,12747,MP3
SOUND\VOICE\V007\V007_001_01.MP3,17972,MP3
SOUND\VOICE\V007\V007_001_02.MP3,7105,MP3
SOUND\VOICE\V007\V007_001_03.MP3,23405,MP3
SOUND\VOICE\V007\V007_002_01.MP3,39497,MP3
SOUND\VOICE\V007\V007_002_02.MP3,22151,MP3
SOUND\VOICE\V007\V007_002_03.MP3,41795,MP3
SOUND\VOICE\V007\V007_002_04.MP3,28421,MP3
SOUND\VOICE\V007\V007_002_05.MP3,8150,MP3
SOUND\VOICE\V007\V007_002_06.MP3,33018,MP3
SOUND\VOICE\V007\V007_003_01.MP3,20062,MP3
SOUND\VOICE\V007\V007_004_01.MP3,1880,MP3
SOUND\VOICE\V007\V007_005_01.MP3,11075,MP3
SOUND\VOICE\V007\V007_005_02.MP3,9613,MP3
SOUND\VOICE\V007\V007_005_03.MP3,12329,MP3
SOUND\VOICE\V007\V007_006_01.MP3,7314,MP3
SOUND\VOICE\V007\V007_007_01.MP3,26540,MP3
SOUND\VOICE\V007\V007_007_02.MP3,22569,MP3
SOUND\VOICE\V007\V007_007_03.MP3,33436,MP3
SOUND\VOICE\V007\V007_008_01.MP3,3761,MP3
SOUND\VOICE\V007\V007_009_01.MP3,25077,MP3
SOUND\VOICE\V007\V007_009_02.MP3,33854,MP3
SOUND\VOICE\V007\V007_010_01.MP3,35735,MP3
SOUND\VOICE\V007\V007_011_01.MP3,20062,MP3
SOUND\VOICE\V007\V007_011_02.MP3,28421,MP3
SOUND\VOICE\V007\V007_011_03.MP3,16718,MP3
SOUND\VOICE\V007\V007_012_01.MP3,29884,MP3
SOUND\VOICE\V007\V007_013_01.MP3,24450,MP3
SOUND\VOICE\V007\V007_013_02.MP3,20062,MP3
SOUND\VOICE\V007\V007_013_03.MP3,9195,MP3
SOUND\VOICE\V007\V007_013_04.MP3,7523,MP3
SOUND\VOICE\V007\V007_013_05.MP3,46811,MP3
SOUND\VOICE\V007\V007_014_01.MP3,32600,MP3
SOUND\VOICE\V007\V007_015_01.MP3,6269,MP3
SOUND\VOICE\V007\V007_015_02.MP3,29466,MP3
SOUND\VOICE\V007\V007_015_03.MP3,5015,MP3
SOUND\VOICE\V007\V007_015_04.MP3,8986,MP3
SOUND\VOICE\V007\V007_016_01.MP3,7732,MP3
SOUND\VOICE\V007\V007_017_01.MP3,28212,MP3
SOUND\VOICE\V007\V007_017_02.MP3,5015,MP3
SOUND\VOICE\V007\V007_017_03.MP3,32600,MP3
SOUND\VOICE\V007\V007_017_04.MP3,25495,MP3
SOUND\VOICE\V008\V008_001_01.MP3,4597,MP3
SOUND\VOICE\V008\V008_002_01.MP3,6687,MP3
SOUND\VOICE\V008\V008_002_02.MP3,16718,MP3
SOUND\VOICE\V008\V008_003_01.MP3,39079,MP3
SOUND\VOICE\V008\V008_003_02.MP3,9195,MP3
SOUND\VOICE\V008\V008_003_03.MP3,35317,MP3
SOUND\VOICE\V008\V008_004_01.MP3,17554,MP3
SOUND\VOICE\V008\V008_004_02.MP3,6687,MP3
SOUND\VOICE\V008\V008_005_01.MP3,10866,MP3
SOUND\VOICE\V008\V008_005_02.MP3,27376,MP3
SOUND\VOICE\V008\V008_005_03.MP3,42840,MP3
SOUND\VOICE\V008\V008_005_04.MP3,18390,MP3
SOUND\VOICE\V008\V008_006_01.MP3,7314,MP3
SOUND\VOICE\V008\V008_007_01.MP3,55170,MP3
SOUND\VOICE\V008\V008_007_02.MP3,22987,MP3
SOUND\VOICE\V008\V008_007_03.MP3,22360,MP3
SOUND\VOICE\V008\V008_008_01.MP3,34690,MP3
SOUND\VOICE\V008\V008_008_02.MP3,28212,MP3
SOUND\VOICE\V008\V008_009_01.MP3,43258,MP3
SOUND\VOICE\V008\V008_010_01.MP3,11284,MP3
SOUND\VOICE\V008\V008_010_02.MP3,53080,MP3
SOUND\VOICE\V008\V008_011_01.MP3,5224,MP3
SOUND\VOICE\V008\V008_011_02.MP3,30720,MP3
SOUND\VOICE\V008\V008_011_03.MP3,18390,MP3
SOUND\VOICE\V008\V008_011_04.MP3,20062,MP3
SOUND\VOICE\V008\V008_012_01.MP3,3134,MP3
SOUND\VOICE\V008\V008_013_01.MP3,16718,MP3
SOUND\VOICE\V008\V008_014_01.MP3,7523,MP3
SOUND\VOICE\V008\V008_015_01.MP3,7941,MP3
SOUND\VOICE\V008\V008_016_01.MP3,4597,MP3
SOUND\VOICE\V008\V008_017_01.MP3,29884,MP3
SOUND\VOICE\V008\V008_017_02.MP3,41795,MP3
SOUND\VOICE\V008\V008_018_01.MP3,14001,MP3
SOUND\VOICE\V008\V008_019_01.MP3,7941,MP3
SOUND\VOICE\V008\V008_020_01.MP3,19853,MP3
SOUND\VOICE\V008\V008_020_02.MP3,38034,MP3
SOUND\VOICE\V008\V008_021_01.MP3,17554,MP3
SOUND\VOICE\V008\V008_022_01.MP3,6269,MP3
SOUND\VOICE\V008\V008_023_01.MP3,7523,MP3
SOUND\VOICE\V008\V008_023_02.MP3,20897,MP3
SOUND\VOICE\V008\V008_024_01.MP3,6060,MP3
SOUND\VOICE\V008\V008_024_02.MP3,48274,MP3
SOUND\VOICE\V008\V008_024_03.MP3,40960,MP3
SOUND\VOICE\V008\V008_025_01.MP3,9613,MP3
SOUND\VOICE\V008\V008_025_02.MP3,9613,MP3
SOUND\VOICE\V008\V008_025_03.MP3,37616,MP3
SOUND\VOICE\V008\V008_026_01.MP3,12538,MP3
SOUND\VOICE\V008\V008_026_02.MP3,51200,MP3
SOUND\VOICE\V008\V008_026_03.MP3,65619,MP3
SOUND\VOICE\V008\V008_027_01.MP3,36989,MP3
SOUND\VOICE\V008\V008_027_02.MP3,12329,MP3
SOUND\VOICE\V008\V008_027_03.MP3,38243,MP3
SOUND\VOICE\V008\V008_027_04.MP3,37198,MP3
SOUND\VOICE\V008\V008_028_01.MP3,6478,MP3
SOUND\VOICE\V008\V008_029_01.MP3,4806,MP3
SOUND\VOICE\V010\V010_001_01.MP3,24450,MP3
SOUND\VOICE\V010\V010_002_01.MP3,9404,MP3
SOUND\VOICE\V010\V010_002_02.MP3,18390,MP3
SOUND\VOICE\V010\V010_003_01.MP3,10657,MP3
SOUND\VOICE\V010\V010_004_01.MP3,20480,MP3
SOUND\VOICE\V010\V010_005_01.MP3,8568,MP3
SOUND\VOICE\V010\V010_005_02.MP3,36571,MP3
SOUND\VOICE\V010\V010_006_01.MP3,17345,MP3
SOUND\VOICE\V010\V010_006_02.MP3,45557,MP3
SOUND\VOICE\V010\V010_006_03.MP3,13165,MP3
SOUND\VOICE\V010\V010_007_01.MP3,8986,MP3
SOUND\VOICE\V010\V010_008_01.MP3,6896,MP3
SOUND\VOICE\V010\V010_009_01.MP3,9822,MP3
SOUND\VOICE\V010\V010_010_01.MP3,6687,MP3
SOUND\VOICE\V010\V010_011_01.MP3,50364,MP3
SOUND\VOICE\V010\V010_012_01.MP3,9195,MP3
SOUND\VOICE\V010\V010_012_02.MP3,5851,MP3
SOUND\VOICE\V010\V010_013_01.MP3,7941,MP3
SOUND\VOICE\V010\V010_014_01.MP3,3134,MP3
SOUND\VOICE\V010\V010_014_02.MP3,20688,MP3
SOUND\VOICE\V010\V010_014_03.MP3,37825,MP3
SOUND\VOICE\V010\V010_014_04.MP3,30302,MP3
SOUND\VOICE\V010\V010_014_05.MP3,17345,MP3
SOUND\VOICE\V010\V010_014_06.MP3,41586,MP3
SOUND\VOICE\V010\V010_014_07.MP3,31346,MP3
SOUND\VOICE\V010\V010_015_01.MP3,32182,MP3
SOUND\VOICE\V010\V010_015_02.MP3,26958,MP3
SOUND\VOICE\V010\V010_016_01.MP3,12747,MP3
SOUND\VOICE\V010\V010_016_02.MP3,40542,MP3
SOUND\VOICE\V010\V010_016_03.MP3,14628,MP3
SOUND\VOICE\V010\V010_016_04.MP3,41377,MP3
SOUND\VOICE\V010\V010_016_05.MP3,23614,MP3
SOUND\VOICE\V010\V010_017_01.MP3,14628,MP3
SOUND\VOICE\V010\V010_017_02.MP3,39706,MP3
SOUND\VOICE\V010\V010_018_01.MP3,23614,MP3
SOUND\VOICE\V010\V010_018_02.MP3,25077,MP3
SOUND\VOICE\V010\V010_019_01.MP3,16300,MP3
SOUND\VOICE\V010\V010_019_02.MP3,21315,MP3
SOUND\VOICE\V010\V010_020_01.MP3,13165,MP3
SOUND\VOICE\V010\V010_021_01.MP3,3134,MP3
SOUND\VOICE\V010\V010_021_02.MP3,8777,MP3
SOUND\VOICE\V010\V010_022_01.MP3,28212,MP3
SOUND\VOICE\V010\V010_022_02.MP3,17972,MP3
SOUND\VOICE\V010\V010_022_03.MP3,32391,MP3
SOUND\VOICE\V010\V010_023_01.MP3,8359,MP3
SOUND\VOICE\V010\V010_023_02.MP3,7941,MP3
SOUND\VOICE\V010\V010_024_01.MP3,12747,MP3
SOUND\VOICE\V010\V010_025_01.MP3,7523,MP3
SOUND\VOICE\V010\V010_026_01.MP3,6687,MP3
SOUND\VOICE\V010\V010_027_01.MP3,33436,MP3
SOUND\VOICE\V010\V010_028_01.MP3,5433,MP3
SOUND\VOICE\V010\V010_029_01.MP3,6896,MP3
SOUND\VOICE\V010\V010_029_02.MP3,17554,MP3
SOUND\VOICE\V010\V010_030_01.MP3,4806,MP3
SOUND\VOICE\V010\V010_030_02.MP3,14001,MP3
SOUND\VOICE\V010\V010_031_01.MP3,6896,MP3
SOUND\VOICE\V010\V010_031_02.MP3,34063,MP3
SOUND\VOICE\V010\V010_032_01.MP3,15046,MP3
SOUND\VOICE\V010\V010_032_02.MP3,30720,MP3
SOUND\VOICE\V010\V010_032_03.MP3,8150,MP3
SOUND\VOICE\V010\V010_032_04.MP3,36362,MP3
SOUND\VOICE\V010\V010_033_01.MP3,12120,MP3
SOUND\VOICE\V010\V010_033_02.MP3,15673,MP3
SOUND\VOICE\V010\V010_034_01.MP3,8359,MP3
SOUND\VOICE\V010\V010_035_01.MP3,17972,MP3
SOUND\VOICE\V010\V010_035_02.MP3,40960,MP3
SOUND\VOICE\V010\V010_035_03.MP3,36780,MP3
SOUND\VOICE\V010\V010_036_01.MP3,21106,MP3
SOUND\VOICE\V010\V010_036_02.MP3,31973,MP3
SOUND\VOICE\V010\V010_036_03.MP3,29466,MP3
SOUND\VOICE\V010\V010_037_01.MP3,44512,MP3
SOUND\VOICE\V010\V010_037_02.MP3,13583,MP3
SOUND\VOICE\V010\V010_038_01.MP3,14419,MP3
SOUND\VOICE\V010\V010_039_01.MP3,4806,MP3
SOUND\VOICE\V010\V010_039_02.MP3,32600,MP3
SOUND\VOICE\V010\V010_039_03.MP3,47647,MP3
SOUND\VOICE\V010\V010_040_01.MP3,45139,MP3
SOUND\VOICE\V010\V010_041_01.MP3,14628,MP3
SOUND\VOICE\V010\V010_042_01.MP3,21315,MP3
SOUND\VOICE\V010\V010_042_02.MP3,49528,MP3
SOUND\VOICE\V010\V010_043_01.MP3,41586,MP3
SOUND\VOICE\V010\V010_043_02.MP3,34690,MP3
SOUND\VOICE\V010\V010_043_03.MP3,14210,MP3
SOUND\VOICE\V010\V010_044_01.MP3,8359,MP3
SOUND\VOICE\V010\V010_045_01.MP3,21315,MP3
SOUND\VOICE\V010\V010_045_02.MP3,8150,MP3
SOUND\VOICE\V010\V010_045_03.MP3,33436,MP3
SOUND\VOICE\V010\V010_046_01.MP3,16927,MP3
SOUND\VOICE\V010\V010_046_02.MP3,17345,MP3
SOUND\VOICE\V010\V010_047_01.MP3,9613,MP3
SOUND\VOICE\V010\V010_048_01.MP3,31764,MP3
SOUND\VOICE\V010\V010_048_02.MP3,7105,MP3
SOUND\VOICE\V010\V010_049_01.MP3,8777,MP3
SOUND\VOICE\V010\V010_049_02.MP3,7105,MP3
SOUND\VOICE\V010\V010_049_03.MP3,27376,MP3
SOUND\VOICE\V010\V010_050_01.MP3,27794,MP3
SOUND\VOICE\V010\V010_051_01.MP3,7523,MP3
SOUND\VOICE\V010\V010_052_01A.MP3,14837,MP3
SOUND\VOICE\V010\V010_052_01B.MP3,18808,MP3
SOUND\VOICE\V010\V010_053_01.MP3,28839,MP3
SOUND\VOICE\V010\V010_053_02.MP3,8777,MP3
SOUND\VOICE\V010\V010_053_03.MP3,20271,MP3
SOUND\VOICE\V010\V010_054_01.MP3,6687,MP3
SOUND\VOICE\V010\V010_055_01.MP3,52453,MP3
SOUND\VOICE\V010\V010_056_01.MP3,16091,MP3
SOUND\VOICE\V010\V010_056_02.MP3,29884,MP3
SOUND\VOICE\V010\V010_057_01.MP3,19226,MP3
SOUND\VOICE\V010\V010_058_01.MP3,7314,MP3
SOUND\VOICE\V010\V010_059_01.MP3,10657,MP3
SOUND\VOICE\V010\V010_059_02.MP3,12538,MP3
SOUND\VOICE\V010\V010_059_03.MP3,21733,MP3
SOUND\VOICE\V010\V010_059_04.MP3,40960,MP3
SOUND\VOICE\V010\V010_060_01.MP3,23196,MP3
SOUND\VOICE\V010\V010_060_02.MP3,22360,MP3
SOUND\VOICE\V010\V010_060_03.MP3,18599,MP3
SOUND\VOICE\V010\V010_061_01.MP3,7523,MP3
SOUND\VOICE\V010\V010_062_01.MP3,6687,MP3
SOUND\VOICE\V010\V010_063_01.MP3,12747,MP3
SOUND\VOICE\V011\V011_001_01.MP3,23614,MP3
SOUND\VOICE\V011\V011_001_02.MP3,11493,MP3
SOUND\VOICE\V011\V011_001_03.MP3,22360,MP3
SOUND\VOICE\V011\V011_002_01.MP3,14628,MP3
SOUND\VOICE\V011\V011_002_02.MP3,29675,MP3
SOUND\VOICE\V011\V011_002_03.MP3,31764,MP3
SOUND\VOICE\V011\V011_002_04.MP3,20271,MP3
SOUND\VOICE\V011\V011_003_01.MP3,14001,MP3
SOUND\VOICE\V011\V011_003_02.MP3,20480,MP3
SOUND\VOICE\V011\V011_003_03.MP3,25495,MP3
SOUND\VOICE\V011\V011_004_01.MP3,9195,MP3
SOUND\VOICE\V011\V011_005_01.MP3,4806,MP3
SOUND\VOICE\V011\V011_006_01.MP3,42213,MP3
SOUND\VOICE\V011\V011_006_02.MP3,27585,MP3
SOUND\VOICE\V011\V011_007_01.MP3,22569,MP3
SOUND\VOICE\V011\V011_007_02.MP3,10866,MP3
SOUND\VOICE\V011\V011_007_03.MP3,31346,MP3
SOUND\VOICE\V011\V011_008_01.MP3,19853,MP3
SOUND\VOICE\V011\V011_008_02.MP3,30093,MP3
SOUND\VOICE\V011\V011_009_01.MP3,21524,MP3
SOUND\VOICE\V011\V011_009_02.MP3,33227,MP3
SOUND\VOICE\V011\V011_009_03.MP3,26331,MP3
SOUND\VOICE\V011\V011_010_01.MP3,4597,MP3
SOUND\VOICE\V011\V011_011_01.MP3,54752,MP3
SOUND\VOICE\V011\V011_011_02.MP3,38243,MP3
SOUND\VOICE\V011\V011_012_01.MP3,40124,MP3
SOUND\VOICE\V011\V011_012_02.MP3,51408,MP3
SOUND\VOICE\V011\V011_012_03.MP3,26749,MP3
SOUND\VOICE\V011\V011_013_01.MP3,37825,MP3
SOUND\VOICE\V011\V011_013_02.MP3,11702,MP3
SOUND\VOICE\V011\V011_013_03.MP3,22778,MP3
SOUND\VOICE\V011\V011_014_01.MP3,3552,MP3
SOUND\VOICE\V011\V011_014_02.MP3,39288,MP3
SOUND\VOICE\V011\V011_014_03.MP3,23196,MP3
SOUND\VOICE\V011\V011_014_04.MP3,20480,MP3
SOUND\VOICE\V011\V011_014_05.MP3,37616,MP3
SOUND\VOICE\V011\V011_014_06.MP3,22569,MP3
SOUND\VOICE\V011\V011_014_07.MP3,18181,MP3
SOUND\VOICE\V011\V011_014_08.MP3,6687,MP3
SOUND\VOICE\V011\V011_014_09.MP3,27585,MP3
SOUND\VOICE\V011\V011_015_01.MP3,29675,MP3
SOUND\VOICE\V011\V011_016_01.MP3,3970,MP3
SOUND\VOICE\V011\V011_017_01.MP3,30720,MP3
SOUND\VOICE\V011\V011_018_01.MP3,17345,MP3
SOUND\VOICE\V011\V011_019_01.MP3,7314,MP3
SOUND\VOICE\V011\V011_019_02.MP3,27794,MP3
SOUND\VOICE\V011\V011_019_03.MP3,31346,MP3
SOUND\VOICE\V011\V011_020_01.MP3,10031,MP3
SOUND\VOICE\V012\V012_001_01.MP3,22151,MP3
SOUND\VOICE\V012\V012_001_02.MP3,58723,MP3
SOUND\VOICE\V012\V012_002_01.MP3,29675,MP3
SOUND\VOICE\V012\V012_003_01.MP3,16718,MP3
SOUND\VOICE\V012\V012_003_02.MP3,43885,MP3
SOUND\VOICE\V012\V012_003_03.MP3,22151,MP3
SOUND\VOICE\V012\V012_003_04.MP3,23405,MP3
SOUND\VOICE\V012\V012_004_01.MP3,9404,MP3
SOUND\VOICE\V012\V012_004_02.MP3,9195,MP3
SOUND\VOICE\V012\V012_005_01.MP3,31346,MP3
SOUND\VOICE\V012\V012_006_01.MP3,36989,MP3
SOUND\VOICE\V012\V012_006_02.MP3,38661,MP3
SOUND\VOICE\V012\V012_007_01.MP3,31346,MP3
SOUND\VOICE\V012\V012_007_02.MP3,31346,MP3
SOUND\VOICE\V012\V012_007_03.MP3,36989,MP3
SOUND\VOICE\V012\V012_007_04.MP3,64992,MP3
SOUND\VOICE\V012\V012_008_01.MP3,14628,MP3
SOUND\VOICE\V012\V012_008_02.MP3,20688,MP3
SOUND\VOICE\V013\V013_001_01.MP3,7732,MP3
SOUND\VOICE\V013\V013_001_02.MP3,31346,MP3
SOUND\VOICE\V013\V013_002_01.MP3,11911,MP3
SOUND\VOICE\V013\V013_003_01.MP3,8359,MP3
SOUND\VOICE\V013\V013_004_01.MP3,14210,MP3
SOUND\VOICE\V013\V013_004_02.MP3,23196,MP3
SOUND\VOICE\V013\V013_005_01.MP3,3970,MP3
SOUND\VOICE\V013\V013_005_02.MP3,3761,MP3
SOUND\VOICE\V013\V013_006_01.MP3,10031,MP3
SOUND\VOICE\V013\V013_007_01.MP3,11493,MP3
SOUND\VOICE\V013\V013_007_02.MP3,26540,MP3
SOUND\VOICE\V013\V013_007_03.MP3,9195,MP3
SOUND\VOICE\V013\V013_007_04.MP3,29884,MP3
SOUND\VOICE\V013\V013_007_05.MP3,19644,MP3
SOUND\VOICE\V013\V013_007_06.MP3,35317,MP3
SOUND\VOICE\V013\V013_007_07.MP3,17763,MP3
SOUND\VOICE\V013\V013_007_08.MP3,46811,MP3
SOUND\VOICE\V013\V013_007_09.MP3,34063,MP3
SOUND\VOICE\V014\V014_001_01.MP3,6687,MP3
SOUND\VOICE\V014\V014_002_01.MP3,5642,MP3
SOUND\VOICE\V014\V014_003_01.MP3,19853,MP3
SOUND\VOICE\V014\V014_003_02.MP3,54543,MP3
SOUND\VOICE\V014\V014_003_03.MP3,17345,MP3
SOUND\VOICE\V014\V014_004_01.MP3,9613,MP3
SOUND\VOICE\V014\V014_004_02.MP3,12747,MP3
SOUND\VOICE\V014\V014_005_01.MP3,72933,MP3
SOUND\VOICE\V014\V014_005_02.MP3,33854,MP3
SOUND\VOICE\V014\V014_005_03.MP3,59977,MP3
SOUND\VOICE\V014\V014_006_01.MP3,11284,MP3
SOUND\VOICE\V014\V014_006_02.MP3,9404,MP3
SOUND\VOICE\V014\V014_006_03.MP3,61857,MP3
SOUND\VOICE\V014\V014_006_04.MP3,25286,MP3
SOUND\VOICE\V014\V014_006_05.MP3,11702,MP3
SOUND\VOICE\V014\V014_007_01.MP3,6687,MP3
SOUND\VOICE\V014\V014_008_01.MP3,6060,MP3
SOUND\VOICE\V014\V014_008_02.MP3,26749,MP3
SOUND\VOICE\V014\V014_008_03.MP3,39288,MP3
SOUND\VOICE\V014\V014_008_04.MP3,39497,MP3
SOUND\VOICE\V014\V014_009_01.MP3,3761,MP3
SOUND\VOICE\V014\V014_010_01.MP3,25913,MP3
SOUND\VOICE\V014\V014_011_01.MP3,17136,MP3
SOUND\VOICE\V014\V014_011_02.MP3,7732,MP3
SOUND\VOICE\V014\V014_011_03.MP3,62902,MP3
SOUND\VOICE\V014\V014_012_01.MP3,6478,MP3
SOUND\VOICE\V014\V014_012_02.MP3,21315,MP3
SOUND\VOICE\V014\V014_012_03.MP3,63738,MP3
SOUND\VOICE\V014\V014_012_04.MP3,35108,MP3
SOUND\VOICE\V014\V014_013_01.MP3,5224,MP3
SOUND\VOICE\V014\V014_013_02.MP3,52244,MP3
SOUND\VOICE\V014\V014_013_03.MP3,18599,MP3
SOUND\VOICE\V014\V014_014_01.MP3,8150,MP3
SOUND\VOICE\V014\V014_015_01.MP3,6896,MP3
SOUND\VOICE\V014\V014_015_02.MP3,18181,MP3
SOUND\VOICE\V014\V014_015_03.MP3,18599,MP3
SOUND\VOICE\V014\V014_015_04.MP3,68963,MP3
SOUND\VOICE\V014\V014_016_01.MP3,15046,MP3
SOUND\VOICE\V014\V014_017_01.MP3,15464,MP3
SOUND\VOICE\V014\V014_017_02.MP3,44303,MP3
SOUND\VOICE\V014\V014_017_03.MP3,48483,MP3
SOUND\VOICE\V014\V014_018_01.MP3,8777,MP3
SOUND\VOICE\V014\V014_018_02.MP3,42213,MP3
SOUND\VOICE\V014\V014_019_01.MP3,3552,MP3
SOUND\VOICE\V014\V014_020_01.MP3,39706,MP3
SOUND\VOICE\V014\V014_021_01.MP3,4806,MP3
SOUND\VOICE\V014\V014_022_01.MP3,42631,MP3
SOUND\VOICE\V014\V014_022_02.MP3,32809,MP3
SOUND\VOICE\V014\V014_022_03.MP3,32600,MP3
SOUND\VOICE\V014\V014_023_01.MP3,5851,MP3
SOUND\VOICE\V014\V014_024_01.MP3,36780,MP3
SOUND\VOICE\V014\V014_024_02.MP3,7523,MP3
SOUND\VOICE\V014\V014_024_03.MP3,22360,MP3
SOUND\VOICE\V014\V014_024_04.MP3,34272,MP3
SOUND\VOICE\V014\V014_025_01.MP3,14001,MP3
SOUND\VOICE\V014\V014_026_01.MP3,6269,MP3
SOUND\VOICE\V014\V014_027_01.MP3,2925,MP3
SOUND\VOICE\V014\V014_028_01.MP3,45766,MP3
SOUND\VOICE\V014\V014_029_01.MP3,5224,MP3
SOUND\VOICE\V014\V014_030_01.MP3,13583,MP3
SOUND\VOICE\V014\V014_031_01.MP3,20897,MP3
SOUND\VOICE\V014\V014_032_01.MP3,16300,MP3
SOUND\VOICE\V014\V014_032_02.MP3,50155,MP3
SOUND\VOICE\V014\V014_032_03.MP3,14419,MP3
SOUND\VOICE\V014\V014_032_04.MP3,11702,MP3
SOUND\VOICE\V014\V014_032_05.MP3,11075,MP3
SOUND\VOICE\V014\V014_032_06.MP3,30302,MP3
SOUND\VOICE\V014\V014_033_01.MP3,8568,MP3
SOUND\VOICE\V014\V014_034_01.MP3,31346,MP3
SOUND\VOICE\V014\V014_035_01.MP3,11911,MP3
SOUND\VOICE\V014\V014_035_02.MP3,8359,MP3
SOUND\VOICE\V014\V014_035_03.MP3,16300,MP3
SOUND\VOICE\V014\V014_036_01.MP3,5851,MP3
SOUND\VOICE\V014\V014_037_01.MP3,5642,MP3
SOUND\VOICE\V014\V014_038_01.MP3,3552,MP3
SOUND\VOICE\V014\V014_039_01.MP3,3552,MP3
SOUND\VOICE\V014\V014_040_01.MP3,9613,MP3
SOUND\VOICE\V014\V014_040_02.MP3,7105,MP3
SOUND\VOICE\V014\V014_041_01.MP3,14837,MP3
SOUND\VOICE\V014\V014_042_01.MP3,25704,MP3
SOUND\VOICE\V014\V014_042_02.MP3,19226,MP3
SOUND\VOICE\V014\V014_042_03.MP3,20271,MP3
SOUND\VOICE\V015\V015_001_01.MP3,15255,MP3
SOUND\VOICE\V015\V015_002_01.MP3,19853,MP3
SOUND\VOICE\V015\V015_002_02.MP3,17554,MP3
SOUND\VOICE\V015\V015_002_03.MP3,32600,MP3
SOUND\VOICE\V015\V015_003_01.MP3,20480,MP3
SOUND\VOICE\V015\V015_004_01.MP3,8777,MP3
SOUND\VOICE\V015\V015_005_01.MP3,13165,MP3
SOUND\VOICE\V015\V015_005_02.MP3,18390,MP3
SOUND\VOICE\V015\V015_006_01.MP3,28003,MP3
SOUND\VOICE\V015\V015_007_01.MP3,19435,MP3
SOUND\VOICE\V015\V015_007_02.MP3,46602,MP3
SOUND\VOICE\V015\V015_008_01.MP3,5015,MP3
SOUND\VOICE\V015\V015_009_01.MP3,27794,MP3
SOUND\VOICE\V015\V015_009_02.MP3,26958,MP3
SOUND\VOICE\V015\V015_010_01.MP3,41377,MP3
SOUND\VOICE\V015\V015_010_02.MP3,29884,MP3
SOUND\VOICE\V015\V015_010_03.MP3,15464,MP3
SOUND\VOICE\V015\V015_011_01A.MP3,26122,MP3
SOUND\VOICE\V015\V015_011_01B.MP3,32809,MP3
SOUND\VOICE\V015\V015_011_02A.MP3,17763,MP3
SOUND\VOICE\V015\V015_011_02B.MP3,18599,MP3
SOUND\VOICE\V015\V015_012_01.MP3,10866,MP3
SOUND\VOICE\V015\V015_012_02.MP3,18599,MP3
SOUND\VOICE\V016\V016_001_01.MP3,5433,MP3
SOUND\VOICE\V016\V016_002_01.MP3,4597,MP3
SOUND\VOICE\V016\V016_003_01.MP3,16509,MP3
SOUND\VOICE\V016\V016_004_01.MP3,8777,MP3
SOUND\VOICE\V016\V016_005_01.MP3,5642,MP3
SOUND\VOICE\V016\V016_006_01.MP3,10031,MP3
SOUND\VOICE\V016\V016_007_01.MP3,42213,MP3
SOUND\VOICE\V016\V016_008_01.MP3,43049,MP3
SOUND\VOICE\V016\V016_009_01.MP3,11075,MP3
SOUND\VOICE\V016\V016_010_01.MP3,6269,MP3
SOUND\VOICE\V016\V016_011_01.MP3,12120,MP3
SOUND\VOICE\V016\V016_012_01.MP3,10448,MP3
SOUND\VOICE\V016\V016_013_01.MP3,12956,MP3
SOUND\VOICE\V016\V016_014_01.MP3,2716,MP3
SOUND\VOICE\V016\V016_015_01.MP3,6687,MP3
SOUND\VOICE\V016\V016_016_01.MP3,5642,MP3
SOUND\VOICE\V016\V016_016_02.MP3,27167,MP3
SOUND\VOICE\V016\V016_017_01.MP3,19435,MP3
SOUND\VOICE\V016\V016_018_01.MP3,3343,MP3
SOUND\VOICE\V016\V016_019_01.MP3,7523,MP3
SOUND\VOICE\V016\V016_020_01.MP3,7941,MP3
SOUND\VOICE\V016\V016_020_02.MP3,21524,MP3
SOUND\VOICE\V016\V016_021_01.MP3,15046,MP3
SOUND\VOICE\V016\V016_021_02.MP3,10448,MP3
SOUND\VOICE\V016\V016_022_01.MP3,8150,MP3
SOUND\VOICE\V017\V017_001_01.MP3,7732,MP3
SOUND\VOICE\V017\V017_002_01.MP3,40124,MP3
SOUND\VOICE\V017\V017_003_01.MP3,6060,MP3
SOUND\VOICE\V017\V017_003_02.MP3,22151,MP3
SOUND\VOICE\V017\V017_003_03.MP3,15882,MP3
SOUND\VOICE\V017\V017_003_04.MP3,53707,MP3
SOUND\VOICE\V017\V017_003_05.MP3,22987,MP3
SOUND\VOICE\V017\V017_003_06.MP3,55170,MP3
SOUND\VOICE\V017\V017_004_01.MP3,24868,MP3
SOUND\VOICE\V017\V017_004_02.MP3,5433,MP3
SOUND\VOICE\V017\V017_005_01A.MP3,8150,MP3
SOUND\VOICE\V017\V017_005_01B.MP3,12329,MP3
SOUND\VOICE\V017\V017_005_02A.MP3,18808,MP3
SOUND\VOICE\V017\V017_005_02B.MP3,25077,MP3
SOUND\VOICE\V017\V017_006_01.MP3,32809,MP3
SOUND\VOICE\V017\V017_007_01.MP3,23614,MP3
SOUND\VOICE\V017\V017_008_01.MP3,36362,MP3
SOUND\VOICE\V017\V017_009_01.MP3,4597,MP3
SOUND\VOICE\V017\V017_010_01.MP3,16509,MP3
SOUND\VOICE\V017\V017_010_02.MP3,27794,MP3
SOUND\VOICE\V017\V017_011_01.MP3,7314,MP3
SOUND\VOICE\V017\V017_011_02.MP3,6687,MP3
SOUND\VOICE\V017\V017_011_03.MP3,7105,MP3
SOUND\VOICE\V017\V017_011_04.MP3,5642,MP3
SOUND\VOICE\V017\V017_011_05.MP3,7105,MP3
SOUND\VOICE\V017\V017_012_01.MP3,7314,MP3
SOUND\VOICE\V017\V017_013_02.MP3,25913,MP3
SOUND\VOICE\V017\V017_013_03.MP3,21733,MP3
SOUND\VOICE\V017\V017_013_04.MP3,24450,MP3
SOUND\VOICE\V017\V017_014_01.MP3,24659,MP3
SOUND\VOICE\V017\V017_014_02.MP3,28630,MP3
SOUND\VOICE\V017\V017_014_03.MP3,13583,MP3
SOUND\VOICE\V017\V017_015_01.MP3,21106,MP3
SOUND\VOICE\V017\V017_015_02.MP3,32600,MP3
SOUND\VOICE\V017\V017_016_01.MP3,5224,MP3
SOUND\VOICE\V017\V017_017_01.MP3,28003,MP3
SOUND\VOICE\V017\V017_017_02.MP3,37616,MP3
SOUND\VOICE\V017\V017_018_01.MP3,44512,MP3
SOUND\VOICE\V017\V017_018_02.MP3,20271,MP3
SOUND\VOICE\V017\V017_018_03.MP3,21524,MP3
SOUND\VOICE\V018\V018_001_01.MP3,21106,MP3
SOUND\VOICE\V018\V018_002_01.MP3,8359,MP3
SOUND\VOICE\V018\V018_002_02.MP3,10240,MP3
SOUND\VOICE\V018\V018_002_03.MP3,10866,MP3
SOUND\VOICE\V018\V018_003_01.MP3,48274,MP3
SOUND\VOICE\V018\V018_004_01.MP3,7105,MP3
SOUND\VOICE\V018\V018_004_02.MP3,35526,MP3
SOUND\VOICE\V018\V018_004_03.MP3,50573,MP3
SOUND\VOICE\V018\V018_005_01.MP3,4388,MP3
SOUND\VOICE\V018\V018_005_02.MP3,21106,MP3
SOUND\VOICE\V018\V018_005_03.MP3,33227,MP3
SOUND\VOICE\V018\V018_006_01.MP3,38034,MP3
SOUND\VOICE\V018\V018_006_02.MP3,8359,MP3
SOUND\VOICE\V018\V018_006_03.MP3,45139,MP3
SOUND\VOICE\V018\V018_006_04.MP3,23405,MP3
SOUND\VOICE\V018\V018_007_01.MP3,8359,MP3
SOUND\VOICE\V018\V018_008_01.MP3,5224,MP3
SOUND\VOICE\V018\V018_009_01.MP3,11702,MP3
SOUND\VOICE\V018\V018_009_02.MP3,19435,MP3
SOUND\VOICE\V018\V018_010_01.MP3,2089,MP3
SOUND\VOICE\V018\V018_010_02.MP3,9404,MP3
SOUND\VOICE\V018\V018_010_03.MP3,45139,MP3
SOUND\VOICE\V018\V018_011_01.MP3,23405,MP3
SOUND\VOICE\V018\V018_012_01.MP3,6478,MP3
SOUND\VOICE\V018\V018_012_02.MP3,12538,MP3
SOUND\VOICE\V018\V018_013_01.MP3,5851,MP3
SOUND\VOICE\V018\V018_013_02.MP3,37825,MP3
SOUND\VOICE\V018\V018_013_03.MP3,54125,MP3
SOUND\VOICE\V018\V018_014_01.MP3,8777,MP3
SOUND\VOICE\V018\V018_014_02.MP3,36780,MP3
SOUND\VOICE\V018\V018_014_03.MP3,30093,MP3
SOUND\VOICE\V018\V018_015_01.MP3,23823,MP3
SOUND\VOICE\V018\V018_015_02.MP3,21733,MP3
SOUND\VOICE\V018\V018_016_01.MP3,35944,MP3
SOUND\VOICE\V018\V018_016_02.MP3,37825,MP3
SOUND\VOICE\V018\V018_016_03.MP3,15464,MP3
SOUND\VOICE\V018\V018_017_01.MP3,9822,MP3
SOUND\VOICE\V018\V018_018_01.MP3,6896,MP3
SOUND\VOICE\V018\V018_018_02.MP3,23405,MP3
SOUND\VOICE\V018\V018_018_03.MP3,22778,MP3
SOUND\VOICE\V018\V018_018_04.MP3,37407,MP3
SOUND\VOICE\V018\V018_018_05.MP3,36571,MP3
SOUND\VOICE\V018\V018_018_06.MP3,26122,MP3
SOUND\VOICE\V018\V018_019_01.MP3,6060,MP3
SOUND\VOICE\V018\V018_020_01.MP3,47647,MP3
SOUND\VOICE\V018\V018_020_02.MP3,5642,MP3
SOUND\VOICE\V018\V018_020_03.MP3,25495,MP3
SOUND\VOICE\V018\V018_021_01.MP3,6269,MP3
SOUND\VOICE\V018\V018_021_02.MP3,5642,MP3
SOUND\VOICE\V018\V018_022_01.MP3,13374,MP3
SOUND\VOICE\V018\V018_022_02.MP3,20480,MP3
SOUND\VOICE\V018\V018_023_01.MP3,4806,MP3
SOUND\VOICE\V018\V018_023_02.MP3,11075,MP3
SOUND\VOICE\V018\V018_023_03.MP3,5642,MP3
SOUND\VOICE\V018\V018_024_01.MP3,6060,MP3
SOUND\VOICE\V018\V018_024_02.MP3,17136,MP3
SOUND\VOICE\V018\V018_025_01.MP3,14001,MP3
SOUND\VOICE\V018\V018_025_02.MP3,11911,MP3
SOUND\VOICE\V018\V018_026_01.MP3,5224,MP3
SOUND\VOICE\V018\V018_027_01.MP3,20480,MP3
SOUND\VOICE\V018\V018_027_02.MP3,22151,MP3
SOUND\VOICE\V018\V018_027_03.MP3,27376,MP3
SOUND\VOICE\V018\V018_027_04.MP3,40124,MP3
SOUND\VOICE\V018\V018_028_01.MP3,7105,MP3
SOUND\VOICE\V018\V018_029_01.MP3,13792,MP3
SOUND\VOICE\V018\V018_029_02.MP3,8986,MP3
SOUND\VOICE\V018\V018_029_03.MP3,32182,MP3
SOUND\VOICE\V018\V018_029_04.MP3,13583,MP3
SOUND\VOICE\V018\V018_030_01.MP3,3343,MP3
SOUND\VOICE\V018\V018_030_02.MP3,12747,MP3
SOUND\VOICE\V018\V018_031_01.MP3,3761,MP3
SOUND\VOICE\V018\V018_032_01.MP3,4806,MP3
SOUND\VOICE\V018\V018_033_01.MP3,50991,MP3
SOUND\VOICE\V018\V018_033_02.MP3,21315,MP3
SOUND\VOICE\V018\V018_034_01.MP3,36362,MP3
SOUND\VOICE\V018\V018_034_02.MP3,7523,MP3
SOUND\VOICE\V018\V018_034_03.MP3,32182,MP3
SOUND\VOICE\V018\V018_035_01.MP3,6478,MP3
SOUND\VOICE\V018\V018_035_02.MP3,48274,MP3
SOUND\VOICE\V018\V018_036_01.MP3,18390,MP3
SOUND\VOICE\V018\V018_036_02.MP3,17554,MP3
SOUND\VOICE\V018\V018_037_01.MP3,15464,MP3
SOUND\VOICE\V018\V018_037_02.MP3,21524,MP3
SOUND\VOICE\V018\V018_038_01.MP3,19853,MP3
SOUND\VOICE\V018\V018_038_02.MP3,23823,MP3
SOUND\VOICE\V018\V018_038_03.MP3,19853,MP3
SOUND\VOICE\V018\V018_038_04.MP3,16927,MP3
SOUND\VOICE\V018\V018_039_01.MP3,27794,MP3
SOUND\VOICE\V018\V018_040_01.MP3,6269,MP3
SOUND\VOICE\V018\V018_040_02.MP3,10448,MP3
SOUND\VOICE\V018\V018_041_01.MP3,28630,MP3
SOUND\VOICE\V018\V018_041_02.MP3,34063,MP3
SOUND\VOICE\V018\V018_042_01.MP3,8777,MP3
SOUND\VOICE\V018\V018_042_02.MP3,11493,MP3
SOUND\VOICE\V018\V018_043_01.MP3,30720,MP3
SOUND\VOICE\V018\V018_044_01.MP3,33854,MP3
SOUND\VOICE\V018\V018_044_02.MP3,32182,MP3
SOUND\VOICE\V018\V018_044_03.MP3,26540,MP3
SOUND\VOICE\V018\V018_045_01.MP3,14837,MP3
SOUND\VOICE\V018\V018_045_02.MP3,22987,MP3
SOUND\VOICE\V018\V018_046_01.MP3,4597,MP3
SOUND\VOICE\V018\V018_046_02.MP3,15882,MP3
SOUND\VOICE\V018\V018_046_03.MP3,10866,MP3
SOUND\VOICE\V018\V018_047_01.MP3,8777,MP3
SOUND\VOICE\V019\V019_001_01.MP3,5642,MP3
SOUND\VOICE\V019\V019_002_01.MP3,10240,MP3
SOUND\VOICE\V019\V019_003_01.MP3,26331,MP3
SOUND\VOICE\V019\V019_004_01.MP3,17763,MP3
SOUND\VOICE\V019\V019_004_02.MP3,14001,MP3
SOUND\VOICE\V019\V019_005_01.MP3,9613,MP3
SOUND\VOICE\V019\V019_005_02.MP3,7941,MP3
SOUND\VOICE\V019\V019_006_01.MP3,13374,MP3
SOUND\VOICE\V019\V019_006_02.MP3,24241,MP3
SOUND\VOICE\V019\V019_007_01.MP3,7105,MP3
SOUND\VOICE\V019\V019_008_01.MP3,7105,MP3
SOUND\VOICE\V019\V019_009_01.MP3,7314,MP3
SOUND\VOICE\V019\V019_010_01.MP3,7314,MP3
SOUND\VOICE\V019\V019_011_01.MP3,13165,MP3
SOUND\VOICE\V019\V019_012_01.MP3,15255,MP3
SOUND\VOICE\V019\V019_012_02.MP3,24659,MP3
SOUND\VOICE\V019\V019_013_01.MP3,11284,MP3
SOUND\VOICE\V019\V019_013_02.MP3,10866,MP3
SOUND\VOICE\V019\V019_014_01.MP3,8359,MP3
SOUND\VOICE\V019\V019_015_01.MP3,11702,MP3
SOUND\VOICE\V019\V019_015_02.MP3,17136,MP3
SOUND\VOICE\V019\V019_015_03.MP3,15464,MP3
SOUND\VOICE\V019\V019_016_01.MP3,7732,MP3
SOUND\VOICE\V019\V019_016_02.MP3,22987,MP3
SOUND\VOICE\V019\V019_017_01.MP3,21942,MP3
SOUND\VOICE\V019\V019_017_02.MP3,26331,MP3
SOUND\VOICE\V019\V019_017_03.MP3,22151,MP3
SOUND\VOICE\V019\V019_018_01.MP3,19853,MP3
SOUND\VOICE\V019\V019_019_01.MP3,11911,MP3
SOUND\VOICE\V019\V019_020_01.MP3,15255,MP3
SOUND\VOICE\V019\V019_020_02.MP3,19853,MP3
SOUND\VOICE\V019\V019_020_03.MP3,36780,MP3
SOUND\VOICE\V019\V019_020_04.MP3,37407,MP3
SOUND\VOICE\V019\V019_021_01.MP3,14419,MP3
SOUND\VOICE\V019\V019_021_02.MP3,18390,MP3
SOUND\VOICE\V019\V019_021_03.MP3,9195,MP3
SOUND\VOICE\V019\V019_022_01.MP3,13792,MP3
SOUND\VOICE\V019\V019_023_01.MP3,7732,MP3
SOUND\VOICE\V019\V019_023_02.MP3,14419,MP3
SOUND\VOICE\V019\V019_023_03.MP3,9822,MP3
SOUND\VOICE\V019\V019_023_04.MP3,10448,MP3
SOUND\VOICE\V019\V019_024_01.MP3,11075,MP3
SOUND\VOICE\V019\V019_024_02.MP3,31137,MP3
SOUND\VOICE\V019\V019_024_03.MP3,23405,MP3
SOUND\VOICE\V019\V019_025_01.MP3,10866,MP3
SOUND\VOICE\V019\V019_025_02.MP3,17554,MP3
SOUND\VOICE\V019\V019_025_03.MP3,25077,MP3
SOUND\VOICE\V019\V019_025_04.MP3,5433,MP3
SOUND\VOICE\V019\V019_026_01.MP3,21524,MP3
SOUND\VOICE\V020\V020_001_01.MP3,7523,MP3
SOUND\VOICE\V020\V020_001_02.MP3,23196,MP3
SOUND\VOICE\V020\V020_001_03.MP3,8777,MP3
SOUND\VOICE\V020\V020_002_01.MP3,17136,MP3
SOUND\VOICE\V020\V020_003_01.MP3,25286,MP3
SOUND\VOICE\V020\V020_003_02.MP3,3970,MP3
SOUND\VOICE\V020\V020_004_01.MP3,4806,MP3
SOUND\VOICE\V020\V020_004_02.MP3,17554,MP3
SOUND\VOICE\V020\V020_004_03.MP3,38661,MP3
SOUND\VOICE\V020\V020_004_04.MP3,20271,MP3
SOUND\VOICE\V020\V020_005_01.MP3,11702,MP3
SOUND\VOICE\V020\V020_005_02.MP3,26749,MP3
SOUND\VOICE\V020\V020_005_03.MP3,35735,MP3
SOUND\VOICE\V020\V020_006_01.MP3,4806,MP3
SOUND\VOICE\V020\V020_006_02.MP3,17136,MP3
SOUND\VOICE\V020\V020_007_01.MP3,12956,MP3
SOUND\VOICE\V020\V020_008_01.MP3,14210,MP3
SOUND\VOICE\V020\V020_009_01.MP3,23823,MP3
SOUND\VOICE\V020\V020_009_02.MP3,17136,MP3
SOUND\VOICE\V020\V020_010_01.MP3,16718,MP3
SOUND\VOICE\V020\V020_011_01.MP3,16509,MP3
SOUND\VOICE\V020\V020_011_02.MP3,8986,MP3
SOUND\VOICE\V020\V020_012_01.MP3,13165,MP3
SOUND\VOICE\V020\V020_012_02.MP3,4388,MP3
SOUND\VOICE\V020\V020_013_01.MP3,16300,MP3
SOUND\VOICE\V020\V020_013_02.MP3,40542,MP3
SOUND\VOICE\V020\V020_013_03.MP3,22569,MP3
SOUND\VOICE\V020\V020_014_01.MP3,10240,MP3
SOUND\VOICE\V020\V020_015_01.MP3,7732,MP3
SOUND\VOICE\V020\V020_015_02.MP3,18390,MP3
SOUND\VOICE\V020\V020_015_03.MP3,42004,MP3
SOUND\VOICE\V020\V020_016_01.MP3,5642,MP3
SOUND\VOICE\V020\V020_017_01.MP3,42004,MP3
SOUND\VOICE\V020\V020_017_02.MP3,7732,MP3
SOUND\VOICE\V020\V020_018_01.MP3,13792,MP3
SOUND\VOICE\V020\V020_018_02.MP3,9195,MP3
SOUND\VOICE\V020\V020_018_03.MP3,52662,MP3
SOUND\VOICE\V020\V020_019_01.MP3,21315,MP3
SOUND\VOICE\V020\V020_020_01.MP3,25077,MP3
SOUND\VOICE\V020\V020_020_02.MP3,38870,MP3
SOUND\VOICE\V020\V020_020_03.MP3,36362,MP3
SOUND\VOICE\V020\V020_021_01.MP3,11075,MP3
SOUND\VOICE\V020\V020_022_01.MP3,62484,MP3
SOUND\VOICE\V020\V020_023_01.MP3,8777,MP3
SOUND\VOICE\V020\V020_024_01.MP3,4597,MP3
SOUND\VOICE\V020\V020_024_02.MP3,26749,MP3
SOUND\VOICE\V020\V020_024_03.MP3,23823,MP3
SOUND\VOICE\V020\V020_024_04.MP3,9195,MP3
SOUND\VOICE\V020\V020_024_05.MP3,11284,MP3
SOUND\VOICE\V020\V020_024_06.MP3,34690,MP3
SOUND\VOICE\V020\V020_024_07.MP3,4806,MP3
SOUND\VOICE\V020\V020_024_08.MP3,24241,MP3
SOUND\VOICE\V020\V020_025_01.MP3,6269,MP3
SOUND\VOICE\V020\V020_026_01.MP3,32809,MP3
SOUND\VOICE\V020\V020_026_02.MP3,33645,MP3
SOUND\VOICE\V020\V020_026_03.MP3,23196,MP3
SOUND\VOICE\V020\V020_026_04.MP3,31555,MP3
SOUND\VOICE\V020\V020_027_01.MP3,9613,MP3
SOUND\VOICE\V020\V020_027_02.MP3,8150,MP3
SOUND\VOICE\V020\V020_027_03.MP3,16509,MP3
SOUND\VOICE\V020\V020_027_04.MP3,24450,MP3
SOUND\VOICE\V020\V020_028_01.MP3,19226,MP3
SOUND\VOICE\V020\V020_029_01.MP3,5224,MP3
SOUND\VOICE\V020\V020_029_02.MP3,9195,MP3
SOUND\VOICE\V020\V020_029_03.MP3,15046,MP3
SOUND\VOICE\V020\V020_030_01.MP3,6060,MP3
SOUND\VOICE\V020\V020_031_01.MP3,5224,MP3
SOUND\VOICE\V020\V020_031_02.MP3,19017,MP3
SOUND\VOICE\V020\V020_032_01.MP3,4179,MP3
SOUND\VOICE\V020\V020_032_02.MP3,16927,MP3
SOUND\VOICE\V020\V020_033_01.MP3,12120,MP3
SOUND\VOICE\V020\V020_034_01.MP3,6478,MP3
SOUND\VOICE\V020\V020_034_02.MP3,8777,MP3
SOUND\VOICE\V020\V020_035_01.MP3,6060,MP3
SOUND\VOICE\V020\V020_036_01.MP3,33854,MP3
SOUND\VOICE\V020\V020_037_01.MP3,5224,MP3
SOUND\VOICE\V020\V020_038_01.MP3,19644,MP3
SOUND\VOICE\V020\V020_039_01.MP3,19644,MP3
SOUND\VOICE\V020\V020_039_02.MP3,15255,MP3
SOUND\VOICE\V020\V020_039_03.MP3,6060,MP3
SOUND\VOICE\V020\V020_039_04.MP3,6269,MP3
SOUND\VOICE\V020\V020_040_01.MP3,7523,MP3
SOUND\VOICE\V020\V020_040_02.MP3,21315,MP3
SOUND\VOICE\V020\V020_040_03.MP3,22360,MP3
SOUND\VOICE\V020\V020_041_01.MP3,13165,MP3
SOUND\VOICE\V020\V020_042_01.MP3,10031,MP3
SOUND\VOICE\V020\V020_042_02.MP3,32391,MP3
SOUND\VOICE\V020\V020_043_01.MP3,37198,MP3
SOUND\VOICE\V020\V020_043_02.MP3,42631,MP3
SOUND\VOICE\V020\V020_044_01.MP3,7105,MP3
SOUND\VOICE\V020\V020_045_01.MP3,6060,MP3
SOUND\VOICE\V020\V020_045_02.MP3,35735,MP3
SOUND\VOICE\V020\V020_046_01.MP3,7941,MP3
SOUND\VOICE\V020\V020_047_01.MP3,33854,MP3
SOUND\VOICE\V020\V020_047_02.MP3,33645,MP3
SOUND\VOICE\V020\V020_048_01.MP3,12956,MP3
SOUND\VOICE\V020\V020_048_02.MP3,16300,MP3
SOUND\VOICE\V020\V020_049_01.MP3,27376,MP3
SOUND\VOICE\V020\V020_050_01.MP3,2507,MP3
SOUND\VOICE\V020\V020_051_01.MP3,3134,MP3
SOUND\VOICE\V020\V020_052_01.MP3,5642,MP3
SOUND\VOICE\V020\V020_052_02.MP3,11075,MP3
SOUND\VOICE\V020\V020_053_01.MP3,5015,MP3
SOUND\VOICE\V020\V020_053_02.MP3,8777,MP3
SOUND\VOICE\V020\V020_054_01.MP3,20062,MP3
SOUND\VOICE\V020\V020_054_02.MP3,15046,MP3
SOUND\VOICE\V020\V020_054_03.MP3,4388,MP3
SOUND\VOICE\V020\V020_054_04.MP3,12329,MP3
SOUND\VOICE\V020\V020_055_01A.MP3,10866,MP3
SOUND\VOICE\V020\V020_055_01B.MP3,10657,MP3
SOUND\VOICE\V020\V020_055_02A.MP3,18390,MP3
SOUND\VOICE\V020\V020_055_02B.MP3,17972,MP3
SOUND\VOICE\V020\V020_055_03A.MP3,17554,MP3
SOUND\VOICE\V020\V020_055_03B.MP3,17345,MP3
SOUND\VOICE\V020\V020_055_04A.MP3,35317,MP3
SOUND\VOICE\V020\V020_055_04B.MP3,37616,MP3
SOUND\VOICE\V020\V020_056_01.MP3,20062,MP3
SOUND\VOICE\V020\V020_056_02.MP3,33854,MP3
SOUND\VOICE\V020\V020_057_01.MP3,15464,MP3
SOUND\VOICE\V020\V020_057_02.MP3,14001,MP3
SOUND\VOICE\V020\V020_057_03.MP3,16091,MP3
SOUND\VOICE\V020\V020_057_04.MP3,20271,MP3
SOUND\VOICE\V020\V020_057_05.MP3,23405,MP3
SOUND\VOICE\V020\V020_058_01.MP3,27167,MP3
SOUND\VOICE\V020\V020_059_01.MP3,10240,MP3
SOUND\VOICE\V020\V020_059_02.MP3,20480,MP3
SOUND\VOICE\V020\V020_060_01A.MP3,6687,MP3
SOUND\VOICE\V020\V020_060_01B.MP3,7105,MP3
SOUND\VOICE\V020\V020_060_02A.MP3,15673,MP3
SOUND\VOICE\V020\V020_060_02B.MP3,17972,MP3
SOUND\VOICE\V020\V020_060_03A.MP3,7105,MP3
SOUND\VOICE\V020\V020_060_03B.MP3,5015,MP3
SOUND\VOICE\V020\V020_060_04A.MP3,30928,MP3
SOUND\VOICE\V020\V020_060_04B.MP3,35317,MP3
SOUND\VOICE\V020\V020_061_01.MP3,15882,MP3
SOUND\VOICE\V020\V020_061_02.MP3,35735,MP3
SOUND\VOICE\V020\V020_061_03.MP3,32391,MP3
SOUND\VOICE\V020\V020_061_04.MP3,53916,MP3
SOUND\VOICE\V020\V020_061_05.MP3,26749,MP3
SOUND\VOICE\V020\V020_061_06.MP3,31555,MP3
SOUND\VOICE\V020\V020_062_01.MP3,15882,MP3
SOUND\VOICE\V020\V020_062_02.MP3,8777,MP3
SOUND\VOICE\V020\V020_062_03.MP3,31555,MP3
SOUND\VOICE\V020\V020_062_04.MP3,22360,MP3
SOUND\VOICE\V020\V020_063_01.MP3,21315,MP3
SOUND\VOICE\V020\V020_063_02.MP3,17136,MP3
SOUND\VOICE\V020\V020_063_03.MP3,4806,MP3
SOUND\VOICE\V020\V020_064_01.MP3,12747,MP3
SOUND\VOICE\V020\V020_065_01.MP3,31137,MP3
SOUND\VOICE\V020\V020_066_01.MP3,24450,MP3
SOUND\VOICE\V020\V020_066_02.MP3,25077,MP3
SOUND\VOICE\V020\V020_066_03.MP3,12329,MP3
SOUND\VOICE\V020\V020_066_04.MP3,15882,MP3
SOUND\VOICE\V020\V020_067_01.MP3,6269,MP3
SOUND\VOICE\V020\V020_068_01.MP3,5851,MP3
SOUND\VOICE\V020\V020_068_02.MP3,11075,MP3
SOUND\VOICE\V020\V020_069_01.MP3,17972,MP3
SOUND\VOICE\V020\V020_069_02.MP3,49319,MP3
SOUND\VOICE\V020\V020_070_01.MP3,8777,MP3
SOUND\VOICE\V020\V020_070_02.MP3,15255,MP3
SOUND\VOICE\V020\V020_071_01.MP3,15255,MP3
SOUND\VOICE\V020\V020_072_01.MP3,8777,MP3
SOUND\VOICE\V020\V020_073_01.MP3,30302,MP3
SOUND\VOICE\V020\V020_074_01.MP3,7732,MP3
SOUND\VOICE\V020\V020_075_01.MP3,40124,MP3
SOUND\VOICE\V020\V020_075_02.MP3,21315,MP3
SOUND\VOICE\V020\V020_076_01.MP3,2716,MP3
SOUND\VOICE\V020\V020_076_02.MP3,32182,MP3
SOUND\VOICE\V020\V020_076_03.MP3,36571,MP3
SOUND\VOICE\V020\V020_077_01.MP3,13165,MP3
SOUND\VOICE\V020\V020_077_02.MP3,15046,MP3
SOUND\VOICE\V020\V020_078_01.MP3,16091,MP3
SOUND\VOICE\V020\V020_078_02.MP3,21315,MP3
SOUND\VOICE\V020\V020_078_03.MP3,43467,MP3
SOUND\VOICE\V020\V020_079_01.MP3,17554,MP3
SOUND\VOICE\V020\V020_079_02.MP3,18181,MP3
SOUND\VOICE\V020\V020_080_01A.MP3,15255,MP3
SOUND\VOICE\V020\V020_080_01B.MP3,7732,MP3
SOUND\VOICE\V020\V020_080_02.MP3,8359,MP3
SOUND\VOICE\V020\V020_080_03.MP3,26749,MP3
SOUND\VOICE\V020\V020_080_04.MP3,30302,MP3
SOUND\VOICE\V020\V020_081_01.MP3,20688,MP3
SOUND\VOICE\V020\V020_081_02.MP3,25913,MP3
SOUND\VOICE\V020\V020_081_03.MP3,23614,MP3
SOUND\VOICE\V020\V020_082_01.MP3,21942,MP3
SOUND\VOICE\V020\V020_082_02.MP3,17136,MP3
SOUND\VOICE\V020\V020_083_01A.MP3,10240,MP3
SOUND\VOICE\V020\V020_083_01B.MP3,10657,MP3
SOUND\VOICE\V020\V020_083_02A.MP3,19017,MP3
SOUND\VOICE\V020\V020_083_02B.MP3,17554,MP3
SOUND\VOICE\V020\V020_084_01.MP3,8777,MP3
SOUND\VOICE\V020\V020_085_01.MP3,19226,MP3
SOUND\VOICE\V020\V020_085_02.MP3,14837,MP3
SOUND\VOICE\V020\V020_085_03.MP3,33227,MP3
SOUND\VOICE\V020\V020_086_01A.MP3,25286,MP3
SOUND\VOICE\V020\V020_086_01B.MP3,25704,MP3
SOUND\VOICE\V020\V020_086_02A.MP3,22987,MP3
SOUND\VOICE\V020\V020_086_02B.MP3,25077,MP3
SOUND\VOICE\V020\V020_086_03A.MP3,10031,MP3
SOUND\VOICE\V020\V020_086_03B.MP3,7732,MP3
SOUND\VOICE\V020\V020_086_04A.MP3,9404,MP3
SOUND\VOICE\V020\V020_086_04B.MP3,9195,MP3
SOUND\VOICE\V020\V020_087_01.MP3,25286,MP3
SOUND\VOICE\V020\V020_087_02.MP3,40124,MP3
SOUND\VOICE\V020\V020_088_01.MP3,14837,MP3
SOUND\VOICE\V020\V020_088_02.MP3,22778,MP3
SOUND\VOICE\V020\V020_088_03.MP3,21106,MP3
SOUND\VOICE\V020\V020_089_01.MP3,2716,MP3
SOUND\VOICE\V020\V020_090_01.MP3,27376,MP3
SOUND\VOICE\V020\V020_090_02.MP3,17763,MP3
SOUND\VOICE\V020\V020_090_03.MP3,61022,MP3
SOUND\VOICE\V020\V020_090_04.MP3,53916,MP3
SOUND\VOICE\V020\V020_091_01.MP3,22151,MP3
SOUND\VOICE\V020\V020_091_02.MP3,56424,MP3
SOUND\VOICE\V020\V020_091_03.MP3,73560,MP3
SOUND\VOICE\V020\V020_092_01.MP3,10657,MP3
SOUND\VOICE\V020\V020_092_02.MP3,55379,MP3
SOUND\VOICE\V020\V020_092_03.MP3,51408,MP3
SOUND\VOICE\V020\V020_092_04.MP3,48483,MP3
SOUND\VOICE\V020\V020_092_05.MP3,40960,MP3
SOUND\VOICE\V020\V020_093_01.MP3,48483,MP3
SOUND\VOICE\V020\V020_094_01.MP3,10031,MP3
SOUND\VOICE\V020\V020_094_02.MP3,15255,MP3
SOUND\VOICE\V020\V020_095_01.MP3,7523,MP3
SOUND\VOICE\V020\V020_096_01.MP3,28630,MP3
SOUND\VOICE\V020\V020_097_01.MP3,15464,MP3
SOUND\VOICE\V022\V022_001_01.MP3,17345,MP3
SOUND\VOICE\V022\V022_001_02.MP3,9195,MP3
SOUND\VOICE\V022\V022_001_03.MP3,23196,MP3
SOUND\VOICE\V022\V022_001_04.MP3,26122,MP3
SOUND\VOICE\V022\V022_001_05.MP3,22151,MP3
SOUND\VOICE\V022\V022_001_06.MP3,19017,MP3
SOUND\VOICE\V022\V022_002_01.MP3,13165,MP3
SOUND\VOICE\V022\V022_002_02.MP3,25704,MP3
SOUND\VOICE\V022\V022_002_03.MP3,26122,MP3
SOUND\VOICE\V022\V022_002_04.MP3,29257,MP3
SOUND\VOICE\V022\V022_002_05.MP3,23823,MP3
SOUND\VOICE\V022\V022_002_06.MP3,33436,MP3
SOUND\VOICE\V022\V022_003_01.MP3,15673,MP3
SOUND\VOICE\V022\V022_004_01.MP3,7523,MP3
SOUND\VOICE\V022\V022_004_02.MP3,23196,MP3
SOUND\VOICE\V022\V022_004_03.MP3,20062,MP3
SOUND\VOICE\V022\V022_004_04.MP3,42004,MP3
SOUND\VOICE\V022\V022_005_01.MP3,8568,MP3
SOUND\VOICE\V022\V022_006_01.MP3,8986,MP3
SOUND\VOICE\V022\V022_007_01.MP3,8986,MP3
SOUND\VOICE\V022\V022_008_01.MP3,8150,MP3
SOUND\VOICE\V022\V022_009_01.MP3,7105,MP3
SOUND\VOICE\V022\V022_009_02.MP3,26958,MP3
SOUND\VOICE\V022\V022_010_01.MP3,13374,MP3
SOUND\VOICE\V022\V022_010_02.MP3,42004,MP3
SOUND\VOICE\V022\V022_011_01.MP3,8986,MP3
SOUND\VOICE\V022\V022_012_01.MP3,10448,MP3
SOUND\VOICE\V022\V022_012_02.MP3,10866,MP3
SOUND\VOICE\V022\V022_013_01.MP3,9613,MP3
SOUND\VOICE\V022\V022_014_01.MP3,6478,MP3
SOUND\VOICE\V022\V022_014_02.MP3,7523,MP3
SOUND\VOICE\V022\V022_015_01.MP3,11702,MP3
SOUND\VOICE\V022\V022_015_02.MP3,21315,MP3
SOUND\VOICE\V022\V022_015_03.MP3,25286,MP3
SOUND\VOICE\V022\V022_016_01.MP3,10866,MP3
SOUND\VOICE\V022\V022_017_01.MP3,2716,MP3
SOUND\VOICE\V022\V022_018_01.MP3,13374,MP3
SOUND\VOICE\V022\V022_018_02.MP3,9404,MP3
SOUND\VOICE\V022\V022_018_03.MP3,14837,MP3
SOUND\VOICE\V022\V022_019_01.MP3,13165,MP3
SOUND\VOICE\V022\V022_019_02.MP3,11702,MP3
SOUND\VOICE\V022\V022_020_01.MP3,3134,MP3
SOUND\VOICE\V022\V022_021_01.MP3,11911,MP3
SOUND\VOICE\V022\V022_021_02.MP3,15255,MP3
SOUND\VOICE\V022\V022_021_03.MP3,14419,MP3
SOUND\VOICE\V022\V022_022_01.MP3,13374,MP3
SOUND\VOICE\V022\V022_023_01.MP3,10866,MP3
SOUND\VOICE\V022\V022_024_01.MP3,2298,MP3
SOUND\VOICE\V022\V022_025_01.MP3,8986,MP3
SOUND\VOICE\V022\V022_025_02.MP3,19017,MP3
SOUND\VOICE\V022\V022_026_01.MP3,11284,MP3
SOUND\VOICE\V022\V022_026_02.MP3,8150,MP3
SOUND\VOICE\V022\V022_026_03.MP3,22360,MP3
SOUND\VOICE\V022\V022_026_04.MP3,24241,MP3
SOUND\VOICE\V022\V022_027_01.MP3,14210,MP3
SOUND\VOICE\V022\V022_028_01.MP3,5851,MP3
SOUND\VOICE\V022\V022_029_01.MP3,5642,MP3
SOUND\VOICE\V022\V022_029_02.MP3,7941,MP3
SOUND\VOICE\V022\V022_030_01.MP3,7523,MP3
SOUND\VOICE\V022\V022_030_02.MP3,16927,MP3
SOUND\VOICE\V022\V022_031_01.MP3,14210,MP3
SOUND\VOICE\V022\V022_031_02.MP3,17345,MP3
SOUND\VOICE\V022\V022_032_01A.MP3,12538,MP3
SOUND\VOICE\V022\V022_032_01B.MP3,12120,MP3
SOUND\VOICE\V022\V022_033_01.MP3,7105,MP3
SOUND\VOICE\V022\V022_034_01.MP3,2716,MP3
SOUND\VOICE\V022\V022_035_01.MP3,35526,MP3
SOUND\VOICE\V022\V022_036_01.MP3,13583,MP3
SOUND\VOICE\V022\V022_037_01.MP3,21315,MP3
SOUND\VOICE\V022\V022_038_01.MP3,5224,MP3
SOUND\VOICE\V022\V022_039_01.MP3,7732,MP3
SOUND\VOICE\V022\V022_039_02.MP3,22569,MP3
SOUND\VOICE\V022\V022_040_01.MP3,8986,MP3
SOUND\VOICE\V022\V022_040_02.MP3,7941,MP3
SOUND\VOICE\V022\V022_040_03.MP3,8150,MP3
SOUND\VOICE\V022\V022_041_01.MP3,14628,MP3
SOUND\VOICE\V022\V022_041_02.MP3,20480,MP3
SOUND\VOICE\V022\V022_042_01.MP3,5851,MP3
SOUND\VOICE\V022\V022_043_01.MP3,22569,MP3
SOUND\VOICE\V024\V024_001_01.MP3,24450,MP3
SOUND\VOICE\V024\V024_001_02.MP3,22778,MP3
SOUND\VOICE\V024\V024_001_03.MP3,44512,MP3
SOUND\VOICE\V024\V024_001_04.MP3,77531,MP3
SOUND\VOICE\V024\V024_002_01.MP3,44303,MP3
SOUND\VOICE\V024\V024_002_02.MP3,50573,MP3
SOUND\VOICE\V024\V024_003_01.MP3,47647,MP3
SOUND\VOICE\V024\V024_003_02.MP3,39706,MP3
SOUND\VOICE\V024\V024_003_03.MP3,48901,MP3
SOUND\VOICE\V024\V024_004_01.MP3,35108,MP3
SOUND\VOICE\V024\V024_004_02.MP3,35526,MP3
SOUND\VOICE\V024\V024_004_03.MP3,23823,MP3
SOUND\VOICE\V024\V024_004_04.MP3,38870,MP3
SOUND\VOICE\V024\V024_005_01.MP3,35735,MP3
SOUND\VOICE\V024\V024_005_02.MP3,25286,MP3
SOUND\VOICE\V024\V024_005_03.MP3,91742,MP3
SOUND\VOICE\V024\V024_005_04.MP3,44303,MP3
SOUND\VOICE\V024\V024_006_01.MP3,65201,MP3
SOUND\VOICE\V024\V024_006_02.MP3,21733,MP3
SOUND\VOICE\V024\V024_006_03.MP3,11284,MP3
SOUND\VOICE\V024\V024_007_01.MP3,14001,MP3
SOUND\VOICE\V024\V024_008_01.MP3,5642,MP3
SOUND\VOICE\V024\V024_009_01.MP3,2507,MP3
SOUND\VOICE\V024\V024_010_01.MP3,31137,MP3
SOUND\VOICE\V024\V024_010_02.MP3,86308,MP3
SOUND\VOICE\V024\V024_011_01.MP3,57051,MP3
SOUND\VOICE\V024\V024_011_02.MP3,51617,MP3
SOUND\VOICE\V024\V024_012_01.MP3,65619,MP3
SOUND\VOICE\V024\V024_012_02.MP3,51200,MP3
SOUND\VOICE\V024\V024_012_03.MP3,53707,MP3
SOUND\VOICE\V024\V024_012_04.MP3,78158,MP3
SOUND\VOICE\V024\V024_013_01.MP3,71680,MP3
SOUND\VOICE\V024\V024_013_02.MP3,88189,MP3
SOUND\VOICE\V024\V024_013_03.MP3,66037,MP3
SOUND\VOICE\V024\V024_013_04.MP3,43885,MP3
SOUND\VOICE\V024\V024_014_01.MP3,66037,MP3
SOUND\VOICE\V024\V024_014_02.MP3,44512,MP3
SOUND\VOICE\V024\V024_015_01.MP3,23823,MP3
SOUND\VOICE\V024\V024_015_02.MP3,11075,MP3
SOUND\VOICE\V024\V024_015_03.MP3,34690,MP3
SOUND\VOICE\V024\V024_016_01.MP3,2089,MP3
SOUND\VOICE\V024\V024_017_01.MP3,28212,MP3
SOUND\VOICE\V024\V024_017_02.MP3,50782,MP3
SOUND\VOICE\V024\V024_018_01.MP3,59141,MP3
SOUND\VOICE\V024\V024_018_02.MP3,44303,MP3
SOUND\VOICE\V024\V024_018_03.MP3,17554,MP3
SOUND\VOICE\V024\V024_019_01.MP3,37407,MP3
SOUND\VOICE\V024\V024_019_02.MP3,40542,MP3
SOUND\VOICE\V024\V024_020_01.MP3,75859,MP3
SOUND\VOICE\V024\V024_020_02.MP3,67291,MP3
SOUND\VOICE\V024\V024_020_03.MP3,27376,MP3
SOUND\VOICE\V024\V024_020_04.MP3,30302,MP3
SOUND\VOICE\V024\V024_021_01.MP3,10866,MP3
SOUND\VOICE\V024\V024_021_02.MP3,9613,MP3
SOUND\VOICE\V024\V024_022_01.MP3,37825,MP3
SOUND\VOICE\V024\V024_022_02.MP3,52035,MP3
SOUND\VOICE\V024\V024_023_01.MP3,38452,MP3
SOUND\VOICE\V024\V024_023_02.MP3,47020,MP3
SOUND\VOICE\V024\V024_023_03.MP3,27794,MP3
SOUND\VOICE\V024\V024_024_01.MP3,38870,MP3
SOUND\VOICE\V024\V024_024_02.MP3,17972,MP3
SOUND\VOICE\V024\V024_024_03.MP3,73142,MP3
SOUND\VOICE\V024\V024_024_04.MP3,52035,MP3
SOUND\VOICE\V024\V024_025_01.MP3,35526,MP3
SOUND\VOICE\V024\V024_025_02.MP3,42213,MP3
SOUND\VOICE\V024\V024_025_03.MP3,25704,MP3
SOUND\VOICE\V024\V024_025_04.MP3,18181,MP3
SOUND\VOICE\V024\V024_026_01.MP3,44094,MP3
SOUND\VOICE\V024\V024_026_02.MP3,54961,MP3
SOUND\VOICE\V024\V024_026_03.MP3,12956,MP3
SOUND\VOICE\V024\V024_026_04.MP3,21106,MP3
SOUND\VOICE\V024\V024_026_05.MP3,10866,MP3
SOUND\VOICE\V024\V024_027_01.MP3,2298,MP3
SOUND\VOICE\V024\V024_027_02.MP3,63320,MP3
SOUND\VOICE\V024\V024_028_01.MP3,68336,MP3
SOUND\VOICE\V024\V024_028_02.MP3,45139,MP3
SOUND\VOICE\V024\V024_029_01.MP3,40960,MP3
SOUND\VOICE\V024\V024_029_02.MP3,25077,MP3
SOUND\VOICE\V024\V024_029_03.MP3,14419,MP3
SOUND\VOICE\V024\V024_030_01.MP3,3761,MP3
SOUND\VOICE\V024\V024_030_02.MP3,14837,MP3
SOUND\VOICE\V024\V024_030_03.MP3,16509,MP3
SOUND\VOICE\V024\V024_030_04.MP3,20271,MP3
SOUND\VOICE\V024\V024_030_05.MP3,15673,MP3
SOUND\VOICE\V024\V024_031_01.MP3,7314,MP3
SOUND\VOICE\V024\V024_032_01.MP3,22987,MP3
SOUND\VOICE\V024\V024_033_01.MP3,41586,MP3
SOUND\VOICE\V024\V024_033_02.MP3,29257,MP3
SOUND\VOICE\V024\V024_033_03.MP3,30928,MP3
SOUND\VOICE\V024\V024_034_01.MP3,13165,MP3
SOUND\VOICE\V024\V024_034_02.MP3,8359,MP3
SOUND\VOICE\V024\V024_034_03.MP3,22151,MP3
SOUND\VOICE\V024\V024_035_01.MP3,6687,MP3
SOUND\VOICE\V024\V024_036_02.MP3,30302,MP3
SOUND\VOICE\V024\V024_037_01.MP3,4388,MP3
SOUND\VOICE\V024\V024_038_01.MP3,8359,MP3
SOUND\VOICE\V024\V024_038_02.MP3,2298,MP3
SOUND\VOICE\V024\V024_039_01.MP3,2925,MP3
SOUND\VOICE\V024\V024_040_01.MP3,2716,MP3
SOUND\VOICE\V026\V026_001_01.MP3,3970,MP3
SOUND\VOICE\V026\V026_001_02.MP3,5851,MP3
SOUND\VOICE\V026\V026_002_01.MP3,5015,MP3
SOUND\VOICE\V026\V026_002_02.MP3,15046,MP3
SOUND\VOICE\V026\V026_003_01.MP3,5642,MP3
SOUND\VOICE\V026\V026_004_01.MP3,15255,MP3
SOUND\VOICE\V026\V026_005_01.MP3,6478,MP3
SOUND\VOICE\V026\V026_005_02.MP3,4806,MP3
SOUND\VOICE\V026\V026_005_03.MP3,41795,MP3
SOUND\VOICE\V026\V026_005_04.MP3,22778,MP3
SOUND\VOICE\V026\V026_006_01.MP3,5433,MP3
SOUND\VOICE\V026\V026_007_01.MP3,7523,MP3
SOUND\VOICE\V026\V026_007_02.MP3,33018,MP3
SOUND\VOICE\V026\V026_008_01.MP3,8568,MP3
SOUND\VOICE\V026\V026_008_02.MP3,27167,MP3
SOUND\VOICE\V026\V026_009_01.MP3,3343,MP3
SOUND\VOICE\V026\V026_010_01.MP3,16927,MP3
SOUND\VOICE\V026\V026_010_02.MP3,20897,MP3
SOUND\VOICE\V026\V026_011_01.MP3,10240,MP3
SOUND\VOICE\V026\V026_011_02.MP3,10448,MP3
SOUND\VOICE\V026\V026_011_03.MP3,26749,MP3
SOUND\VOICE\V026\V026_012_01.MP3,3134,MP3
SOUND\VOICE\V026\V026_012_02.MP3,16927,MP3
SOUND\VOICE\V026\V026_013_01.MP3,2925,MP3
SOUND\VOICE\V026\V026_014_01.MP3,2716,MP3
SOUND\VOICE\V026\V026_015_01.MP3,3970,MP3
SOUND\VOICE\V026\V026_015_02.MP3,17554,MP3
SOUND\VOICE\V026\V026_016_01.MP3,20480,MP3
SOUND\VOICE\V026\V026_016_02.MP3,33645,MP3
SOUND\VOICE\V026\V026_016_03.MP3,6896,MP3
SOUND\VOICE\V026\V026_016_04.MP3,18390,MP3
SOUND\VOICE\V026\V026_016_05.MP3,10657,MP3
SOUND\VOICE\V026\V026_017_01.MP3,5851,MP3
SOUND\VOICE\V026\V026_017_02.MP3,28630,MP3
SOUND\VOICE\V026\V026_018_01.MP3,30720,MP3
SOUND\VOICE\V026\V026_018_02.MP3,13374,MP3
SOUND\VOICE\V026\V026_019_01.MP3,5851,MP3
SOUND\VOICE\V026\V026_019_02.MP3,23196,MP3
SOUND\VOICE\V026\V026_020_01.MP3,10448,MP3
SOUND\VOICE\V026\V026_020_02.MP3,26749,MP3
SOUND\VOICE\V026\V026_020_03.MP3,12956,MP3
SOUND\VOICE\V026\V026_020_04.MP3,17554,MP3
SOUND\VOICE\V026\V026_020_05.MP3,38243,MP3
SOUND\VOICE\V026\V026_021_01.MP3,30928,MP3
SOUND\VOICE\V026\V026_021_02.MP3,33436,MP3
SOUND\VOICE\V026\V026_022_01.MP3,16300,MP3
SOUND\VOICE\V026\V026_022_02.MP3,19017,MP3
SOUND\VOICE\V026\V026_023_01.MP3,21733,MP3
SOUND\VOICE\V026\V026_023_02.MP3,20688,MP3
SOUND\VOICE\V026\V026_024_01.MP3,41168,MP3
SOUND\VOICE\V026\V026_024_02.MP3,21942,MP3
SOUND\VOICE\V026\V026_025_01.MP3,2507,MP3
SOUND\VOICE\V026\V026_026_01.MP3,6478,MP3
SOUND\VOICE\V026\V026_026_02.MP3,24032,MP3
SOUND\VOICE\V026\V026_027_01.MP3,12747,MP3
SOUND\VOICE\V026\V026_028_01.MP3,76486,MP3
SOUND\VOICE\V026\V026_028_02.MP3,76277,MP3
SOUND\VOICE\V026\V026_029_01.MP3,21524,MP3
SOUND\VOICE\V026\V026_029_02.MP3,6478,MP3
SOUND\VOICE\V026\V026_029_03.MP3,8359,MP3
SOUND\VOICE\V026\V026_030_01.MP3,23405,MP3
SOUND\VOICE\V026\V026_031_01.MP3,2716,MP3
SOUND\VOICE\V026\V026_032_01.MP3,31973,MP3
SOUND\VOICE\V026\V026_032_02.MP3,2716,MP3
SOUND\VOICE\V026\V026_033_01.MP3,15255,MP3
SOUND\VOICE\V026\V026_034_01.MP3,13374,MP3
SOUND\VOICE\V026\V026_034_02.MP3,18599,MP3
SOUND\VOICE\V026\V026_034_03.MP3,12956,MP3
SOUND\VOICE\V026\V026_034_04.MP3,23614,MP3
SOUND\VOICE\V026\V026_034_05.MP3,26749,MP3
SOUND\VOICE\V026\V026_034_06.MP3,38243,MP3
SOUND\VOICE\V026\V026_035_01.MP3,6269,MP3
SOUND\VOICE\V026\V026_036_01.MP3,2089,MP3
SOUND\VOICE\V026\V026_037_01.MP3,21733,MP3
SOUND\VOICE\V026\V026_037_02.MP3,21315,MP3
SOUND\VOICE\V026\V026_038_01.MP3,6896,MP3
SOUND\VOICE\V026\V026_039_01.MP3,12120,MP3
SOUND\VOICE\V026\V026_040_01.MP3,25286,MP3
SOUND\VOICE\V026\V026_040_02.MP3,42004,MP3
SOUND\VOICE\V026\V026_040_03.MP3,43885,MP3
SOUND\VOICE\V026\V026_040_04.MP3,41795,MP3
SOUND\VOICE\V026\V026_040_05.MP3,6687,MP3
SOUND\VOICE\V026\V026_040_06.MP3,18390,MP3
SOUND\VOICE\V026\V026_041_01.MP3,35108,MP3
SOUND\VOICE\V026\V026_041_02.MP3,13583,MP3
SOUND\VOICE\V026\V026_042_01.MP3,41168,MP3
SOUND\VOICE\V026\V026_043_01.MP3,24032,MP3
SOUND\VOICE\V026\V026_043_02.MP3,22778,MP3
SOUND\VOICE\V026\V026_044_01.MP3,9404,MP3
SOUND\VOICE\V026\V026_044_02.MP3,14419,MP3
SOUND\VOICE\V026\V026_044_03.MP3,37825,MP3
SOUND\VOICE\V026\V026_045_01.MP3,5642,MP3
SOUND\VOICE\V026\V026_046_01.MP3,5015,MP3
SOUND\VOICE\V026\V026_047_01.MP3,9404,MP3
SOUND\VOICE\V027\V027_001_01.MP3,12329,MP3
SOUND\VOICE\V027\V027_001_02.MP3,37198,MP3
SOUND\VOICE\V027\V027_001_03.MP3,24241,MP3
SOUND\VOICE\V027\V027_001_04.MP3,12747,MP3
SOUND\VOICE\V027\V027_001_05.MP3,19017,MP3
SOUND\VOICE\V027\V027_002_01.MP3,34481,MP3
SOUND\VOICE\V027\V027_002_02.MP3,46811,MP3
SOUND\VOICE\V027\V027_003_01.MP3,12120,MP3
SOUND\VOICE\V027\V027_003_02.MP3,26540,MP3
SOUND\VOICE\V027\V027_004_01.MP3,22360,MP3
SOUND\VOICE\V027\V027_004_02.MP3,10866,MP3
SOUND\VOICE\V027\V027_004_03.MP3,23823,MP3
SOUND\VOICE\V027\V027_005_01.MP3,10240,MP3
SOUND\VOICE\V027\V027_005_02.MP3,24241,MP3
SOUND\VOICE\V027\V027_005_03.MP3,32182,MP3
SOUND\VOICE\V027\V027_005_04.MP3,18181,MP3
SOUND\VOICE\V027\V027_006_01.MP3,7941,MP3
SOUND\VOICE\V027\V027_006_02.MP3,31346,MP3
SOUND\VOICE\V027\V027_007_01.MP3,23823,MP3
SOUND\VOICE\V027\V027_007_02.MP3,47647,MP3
SOUND\VOICE\V027\V027_007_03.MP3,13374,MP3
SOUND\VOICE\V027\V027_007_04.MP3,19853,MP3
SOUND\VOICE\V027\V027_008_01A.MP3,41795,MP3
SOUND\VOICE\V027\V027_008_01B.MP3,42004,MP3
SOUND\VOICE\V027\V027_008_02A.MP3,8359,MP3
SOUND\VOICE\V027\V027_008_02B.MP3,8568,MP3
SOUND\VOICE\V027\V027_008_03.MP3,31973,MP3
SOUND\VOICE\V027\V027_008_04.MP3,54752,MP3
SOUND\VOICE\V027\V027_009_01.MP3,9195,MP3
SOUND\VOICE\V027\V027_010_01.MP3,28421,MP3
SOUND\VOICE\V027\V027_010_02.MP3,43467,MP3
SOUND\VOICE\V027\V027_010_03.MP3,27376,MP3
SOUND\VOICE\V027\V027_011_01.MP3,10448,MP3
SOUND\VOICE\V027\V027_011_02.MP3,29048,MP3
SOUND\VOICE\V027\V027_012_01.MP3,32182,MP3
SOUND\VOICE\V027\V027_012_02.MP3,9404,MP3
SOUND\VOICE\V027\V027_012_03.MP3,42213,MP3
SOUND\VOICE\V027\V027_012_04.MP3,40124,MP3
SOUND\VOICE\V027\V027_012_05.MP3,28003,MP3
SOUND\VOICE\V027\V027_013_01.MP3,21733,MP3
SOUND\VOICE\V027\V027_013_02.MP3,15255,MP3
SOUND\VOICE\V027\V027_013_03.MP3,37407,MP3
SOUND\VOICE\V027\V027_014_01.MP3,8777,MP3
SOUND\VOICE\V027\V027_014_02.MP3,53916,MP3
SOUND\VOICE\V027\V027_015_01.MP3,11075,MP3
SOUND\VOICE\V027\V027_015_02.MP3,35317,MP3
SOUND\VOICE\V027\V027_016_01.MP3,55797,MP3
SOUND\VOICE\V027\V027_016_02.MP3,41586,MP3
SOUND\VOICE\V027\V027_017_01.MP3,19644,MP3
SOUND\VOICE\V027\V027_017_02.MP3,16718,MP3
SOUND\VOICE\V027\V027_018_01.MP3,5224,MP3
SOUND\VOICE\V027\V027_018_02.MP3,19853,MP3
SOUND\VOICE\V027\V027_018_03.MP3,43885,MP3
SOUND\VOICE\V027\V027_018_04.MP3,22569,MP3
SOUND\VOICE\V027\V027_018_05.MP3,66246,MP3
SOUND\VOICE\V027\V027_019_01.MP3,31973,MP3
SOUND\VOICE\V027\V027_019_02.MP3,33018,MP3
SOUND\VOICE\V027\V027_020_01.MP3,18808,MP3
SOUND\VOICE\V027\V027_021_01.MP3,17136,MP3
SOUND\VOICE\V027\V027_021_02.MP3,46393,MP3
SOUND\VOICE\V027\V027_022_01.MP3,6687,MP3
SOUND\VOICE\V027\V027_022_02.MP3,39915,MP3
SOUND\VOICE\V027\V027_022_03.MP3,34063,MP3
SOUND\VOICE\V027\V027_022_04.MP3,5642,MP3
SOUND\VOICE\V027\V027_022_05.MP3,39497,MP3
SOUND\VOICE\V027\V027_023_01.MP3,30720,MP3
SOUND\VOICE\V027\V027_023_02.MP3,8777,MP3
SOUND\VOICE\V027\V027_023_03A.MP3,39079,MP3
SOUND\VOICE\V027\V027_023_03B.MP3,34690,MP3
SOUND\VOICE\V027\V027_024_01.MP3,16091,MP3
SOUND\VOICE\V027\V027_024_02.MP3,15255,MP3
SOUND\VOICE\V027\V027_024_03.MP3,47647,MP3
SOUND\VOICE\V027\V027_025_01.MP3,8568,MP3
SOUND\VOICE\V027\V027_025_02.MP3,38661,MP3
SOUND\VOICE\V027\V027_025_03.MP3,30302,MP3
SOUND\VOICE\V027\V027_025_04.MP3,25913,MP3
SOUND\VOICE\V027\V027_025_05.MP3,55379,MP3
SOUND\VOICE\V027\V027_026_01.MP3,4179,MP3
SOUND\VOICE\V027\V027_027_01.MP3,38243,MP3
SOUND\VOICE\V027\V027_027_02.MP3,31346,MP3
SOUND\VOICE\V027\V027_028_01.MP3,19435,MP3
SOUND\VOICE\V027\V027_029_01.MP3,16509,MP3
SOUND\VOICE\V027\V027_029_02.MP3,7732,MP3
SOUND\VOICE\V027\V027_029_03.MP3,42631,MP3
SOUND\VOICE\V027\V027_030_01.MP3,8359,MP3
SOUND\VOICE\V027\V027_030_02.MP3,32809,MP3
SOUND\VOICE\V027\V027_030_03.MP3,63738,MP3
SOUND\VOICE\V027\V027_030_03B.MP3,64365,MP3
SOUND\VOICE\V027\V027_030_04.MP3,26331,MP3
SOUND\VOICE\V027\V027_031_01.MP3,31346,MP3
SOUND\VOICE\V027\V027_032_01.MP3,12956,MP3
SOUND\VOICE\V027\V027_033_01A.MP3,15673,MP3
SOUND\VOICE\V027\V027_033_01B.MP3,13792,MP3
SOUND\VOICE\V027\V027_033_01C.MP3,20480,MP3
SOUND\VOICE\V027\V027_034_01A.MP3,12956,MP3
SOUND\VOICE\V027\V027_034_01B.MP3,11702,MP3
SOUND\VOICE\V027\V027_035_01.MP3,45766,MP3
SOUND\VOICE\V027\V027_035_02.MP3,14001,MP3
SOUND\VOICE\V027\V027_035_03.MP3,29466,MP3
SOUND\VOICE\V027\V027_035_04.MP3,26331,MP3
SOUND\VOICE\V027\V027_035_05.MP3,30302,MP3
SOUND\VOICE\V027\V027_035_06.MP3,24450,MP3
SOUND\VOICE\V027\V027_036_01.MP3,5015,MP3
SOUND\VOICE\V027\V027_037_01.MP3,27167,MP3
SOUND\VOICE\V027\V027_037_02.MP3,23614,MP3
SOUND\VOICE\V027\V027_038_01.MP3,4179,MP3
SOUND\VOICE\V027\V027_038_02.MP3,16091,MP3
SOUND\VOICE\V027\V027_038_03.MP3,32391,MP3
SOUND\VOICE\V027\V027_038_04.MP3,21733,MP3
SOUND\VOICE\V027\V027_038_05.MP3,40124,MP3
SOUND\VOICE\V027\V027_039_01A.MP3,10657,MP3
SOUND\VOICE\V027\V027_039_01B.MP3,11284,MP3
SOUND\VOICE\V027\V027_040_01.MP3,25704,MP3
SOUND\VOICE\V027\V027_040_02.MP3,35526,MP3
SOUND\VOICE\V027\V027_041_01.MP3,8568,MP3
SOUND\VOICE\V027\V027_042_01.MP3,13583,MP3
SOUND\VOICE\V027\V027_042_02.MP3,30302,MP3
SOUND\VOICE\V027\V027_043_01.MP3,11075,MP3
SOUND\VOICE\V027\V027_043_02.MP3,30093,MP3
SOUND\VOICE\V027\V027_043_03.MP3,38034,MP3
SOUND\VOICE\V027\V027_044_01.MP3,26122,MP3
SOUND\VOICE\V027\V027_045_01.MP3,3552,MP3
SOUND\VOICE\V027\V027_046_02.MP3,10657,MP3
SOUND\VOICE\V027\V027_047_01.MP3,6478,MP3
SOUND\VOICE\V027\V027_047_02.MP3,5224,MP3
SOUND\VOICE\V027\V027_048_01.MP3,18599,MP3
SOUND\VOICE\V027\V027_049_01.MP3,11075,MP3
SOUND\VOICE\V027\V027_049_02.MP3,19853,MP3
SOUND\VOICE\V027\V027_050_01.MP3,10866,MP3
SOUND\VOICE\V027\V027_050_02.MP3,12329,MP3
SOUND\VOICE\V027\V027_051_01.MP3,7941,MP3
SOUND\VOICE\V027\V027_051_02.MP3,21315,MP3
SOUND\VOICE\V027\V027_052_01.MP3,10240,MP3
SOUND\VOICE\V027\V027_052_02.MP3,33018,MP3
SOUND\VOICE\V027\V027_053_01.MP3,33018,MP3
SOUND\VOICE\V027\V027_054_02.MP3,1880,MP3
SOUND\VOICE\V027\V027_055_01.MP3,28421,MP3
SOUND\VOICE\V027\V027_055_02.MP3,23614,MP3
SOUND\VOICE\V027\V027_055_03.MP3,18599,MP3
SOUND\VOICE\V027\V027_055_04.MP3,16509,MP3
SOUND\VOICE\V027\V027_056_01A.MP3,27376,MP3
SOUND\VOICE\V027\V027_056_01B.MP3,25704,MP3
SOUND\VOICE\V027\V027_056_02A.MP3,16091,MP3
SOUND\VOICE\V027\V027_056_02B.MP3,17972,MP3
SOUND\VOICE\V027\V027_057_01.MP3,11075,MP3
SOUND\VOICE\V027\V027_058_01A.MP3,13792,MP3
SOUND\VOICE\V027\V027_058_01B.MP3,14210,MP3
SOUND\VOICE\V027\V027_058_02A.MP3,22360,MP3
SOUND\VOICE\V027\V027_058_02B.MP3,25286,MP3
SOUND\VOICE\V027\V027_058_03A.MP3,20271,MP3
SOUND\VOICE\V027\V027_058_03B.MP3,21942,MP3
SOUND\VOICE\V027\V027_058_04A.MP3,38870,MP3
SOUND\VOICE\V027\V027_058_04B.MP3,36571,MP3
SOUND\VOICE\V027\V027_059_01.MP3,2716,MP3
SOUND\VOICE\V027\V027_059_02.MP3,9822,MP3
SOUND\VOICE\V027\V027_060_01.MP3,15673,MP3
SOUND\VOICE\V027\V027_060_02.MP3,20480,MP3
SOUND\VOICE\V027\V027_061_01.MP3,9613,MP3
SOUND\VOICE\V027\V027_061_02.MP3,15046,MP3
SOUND\VOICE\V027\V027_062_01.MP3,6478,MP3
SOUND\VOICE\V027\V027_062_02.MP3,21106,MP3
SOUND\VOICE\V027\V027_063_01.MP3,3134,MP3
SOUND\VOICE\V027\V027_063_02.MP3,51617,MP3
SOUND\VOICE\V027\V027_063_03.MP3,47647,MP3
SOUND\VOICE\V027\V027_064_01.MP3,8777,MP3
SOUND\VOICE\V027\V027_064_02.MP3,4179,MP3
SOUND\VOICE\V027\V027_065_01.MP3,5224,MP3
SOUND\VOICE\V027\V027_066_01.MP3,10240,MP3
SOUND\VOICE\V027\V027_066_02.MP3,25704,MP3
SOUND\VOICE\V027\V027_066_03.MP3,13792,MP3
SOUND\VOICE\V027\V027_067_01.MP3,7105,MP3
SOUND\VOICE\V027\V027_068_01.MP3,11075,MP3
SOUND\VOICE\V027\V027_069_01.MP3,8777,MP3
SOUND\VOICE\V027\V027_070_01.MP3,12120,MP3
SOUND\VOICE\V027\V027_071_01.MP3,12956,MP3
SOUND\VOICE\V027\V027_072_01.MP3,5642,MP3
SOUND\VOICE\V027\V027_073_01.MP3,15673,MP3
SOUND\VOICE\V027\V027_074_01.MP3,2507,MP3
SOUND\VOICE\V027\V027_075_01.MP3,17136,MP3
SOUND\VOICE\V027\V027_075_02.MP3,9195,MP3
SOUND\VOICE\V027\V027_076_01.MP3,9613,MP3
SOUND\VOICE\V027\V027_077_01.MP3,12538,MP3
SOUND\VOICE\V027\V027_077_02.MP3,28630,MP3
SOUND\VOICE\V027\V027_077_03.MP3,15255,MP3
SOUND\VOICE\V027\V027_078_01.MP3,5851,MP3
SOUND\VOICE\V027\V027_079_01.MP3,2716,MP3
SOUND\VOICE\V027\V027_080_01.MP3,24450,MP3
SOUND\VOICE\V027\V027_080_02.MP3,13792,MP3
SOUND\VOICE\V027\V027_081_01.MP3,20062,MP3
SOUND\VOICE\V027\V027_081_02.MP3,45348,MP3
SOUND\VOICE\V027\V027_082_01.MP3,15673,MP3
SOUND\VOICE\V027\V027_082_02.MP3,4388,MP3
SOUND\VOICE\V027\V027_083_01.MP3,25495,MP3
SOUND\VOICE\V027\V027_083_02.MP3,12329,MP3
SOUND\VOICE\V027\V027_083_03.MP3,38661,MP3
SOUND\VOICE\V027\V027_083_04.MP3,18390,MP3
SOUND\VOICE\V027\V027_084_01.MP3,6060,MP3
SOUND\VOICE\V027\V027_085_01.MP3,3343,MP3
SOUND\VOICE\V027\V027_085_02.MP3,14210,MP3
SOUND\VOICE\V027\V027_086_01.MP3,12329,MP3
SOUND\VOICE\V027\V027_087_01.MP3,5015,MP3
SOUND\VOICE\V027\V027_088_01.MP3,15673,MP3
SOUND\VOICE\V027\V027_089_01.MP3,4806,MP3
SOUND\VOICE\V027\V027_090_01.MP3,2716,MP3
SOUND\VOICE\V027\V027_091_01.MP3,24032,MP3
SOUND\VOICE\V027\V027_091_02.MP3,26122,MP3
SOUND\VOICE\V027\V027_092_01.MP3,5224,MP3
SOUND\VOICE\V027\V027_092_02.MP3,22151,MP3
SOUND\VOICE\V027\V027_093_01.MP3,10657,MP3
SOUND\VOICE\V027\V027_094_01.MP3,3552,MP3
SOUND\VOICE\V027\V027_095_01.MP3,16091,MP3
SOUND\VOICE\V027\V027_096_01.MP3,11284,MP3
SOUND\VOICE\V027\V027_096_02.MP3,6896,MP3
SOUND\VOICE\V027\V027_096_03.MP3,11702,MP3
SOUND\VOICE\V027\V027_096_04.MP3,22360,MP3
SOUND\VOICE\V027\V027_096_05.MP3,18181,MP3
SOUND\VOICE\V028\V028_001_01.MP3,23405,MP3
SOUND\VOICE\V028\V028_001_02.MP3,10657,MP3
SOUND\VOICE\V028\V028_001_03.MP3,41795,MP3
SOUND\VOICE\V028\V028_001_04.MP3,21733,MP3
SOUND\VOICE\V028\V028_001_05.MP3,32391,MP3
SOUND\VOICE\V028\V028_002_01.MP3,8777,MP3
SOUND\VOICE\V028\V028_002_02.MP3,20688,MP3
SOUND\VOICE\V028\V028_002_03.MP3,54125,MP3
SOUND\VOICE\V028\V028_002_04.MP3,48065,MP3
SOUND\VOICE\V028\V028_003_01.MP3,34063,MP3
SOUND\VOICE\V028\V028_003_02.MP3,4179,MP3
SOUND\VOICE\V028\V028_003_03.MP3,54961,MP3
SOUND\VOICE\V028\V028_003_04.MP3,26540,MP3
SOUND\VOICE\V028\V028_004_01.MP3,10657,MP3
SOUND\VOICE\V028\V028_004_02.MP3,21733,MP3
SOUND\VOICE\V028\V028_004_03.MP3,21315,MP3
SOUND\VOICE\V028\V028_005_01.MP3,45975,MP3
SOUND\VOICE\V028\V028_006_01.MP3,29257,MP3
SOUND\VOICE\V028\V028_006_02.MP3,29048,MP3
SOUND\VOICE\V028\V028_006_03.MP3,28421,MP3
SOUND\VOICE\V028\V028_006_04.MP3,49737,MP3
SOUND\VOICE\V028\V028_006_05.MP3,21524,MP3
SOUND\VOICE\V028\V028_007_01.MP3,7314,MP3
SOUND\VOICE\V028\V028_007_02.MP3,30093,MP3
SOUND\VOICE\V029\V029_001_01.MP3,9404,MP3
SOUND\VOICE\V029\V029_002_01.MP3,29675,MP3
SOUND\VOICE\V029\V029_003_01.MP3,21106,MP3
SOUND\VOICE\V029\V029_003_02.MP3,44721,MP3
SOUND\VOICE\V029\V029_004_01.MP3,3970,MP3
SOUND\VOICE\V029\V029_005_01.MP3,3761,MP3
SOUND\VOICE\V029\V029_006_01.MP3,21315,MP3
SOUND\VOICE\V029\V029_007_01.MP3,10031,MP3
SOUND\VOICE\V029\V029_008_01.MP3,26540,MP3
SOUND\VOICE\V029\V029_008_02.MP3,18181,MP3
SOUND\VOICE\V029\V029_008_03.MP3,26540,MP3
SOUND\VOICE\V029\V029_009_01.MP3,20897,MP3
SOUND\VOICE\V029\V029_009_02.MP3,25077,MP3
SOUND\VOICE\V029\V029_009_03.MP3,32809,MP3
SOUND\VOICE\V029\V029_010_01.MP3,35317,MP3
SOUND\VOICE\V029\V029_010_02.MP3,15673,MP3
SOUND\VOICE\V029\V029_011_01.MP3,30302,MP3
SOUND\VOICE\V029\V029_011_02.MP3,21942,MP3
SOUND\VOICE\V029\V029_012_01.MP3,25704,MP3
SOUND\VOICE\V029\V029_013_01.MP3,22360,MP3
SOUND\VOICE\V029\V029_013_02.MP3,21524,MP3
SOUND\VOICE\V029\V029_014_01.MP3,18599,MP3
SOUND\VOICE\V029\V029_014_02.MP3,31137,MP3
SOUND\VOICE\V029\V029_015_01.MP3,8359,MP3
SOUND\VOICE\V029\V029_016_01.MP3,46184,MP3
SOUND\VOICE\V029\V029_017_01.MP3,6269,MP3
SOUND\VOICE\V029\V029_018_01.MP3,7105,MP3
SOUND\VOICE\V029\V029_019_01.MP3,12538,MP3
SOUND\VOICE\V029\V029_019_02.MP3,29466,MP3
SOUND\VOICE\V029\V029_020_01.MP3,3552,MP3
SOUND\VOICE\V029\V029_020_02.MP3,19853,MP3
SOUND\VOICE\V029\V029_021_01.MP3,25077,MP3
SOUND\VOICE\V029\V029_021_02.MP3,47438,MP3
SOUND\VOICE\V029\V029_021_03.MP3,33645,MP3
SOUND\VOICE\V029\V029_021_04.MP3,28839,MP3
SOUND\VOICE\V029\V029_022_01.MP3,6060,MP3
SOUND\VOICE\V029\V029_022_02.MP3,30511,MP3
SOUND\VOICE\V029\V029_023_01.MP3,30511,MP3
SOUND\VOICE\V029\V029_023_02.MP3,17136,MP3
SOUND\VOICE\V029\V029_023_03.MP3,10448,MP3
SOUND\VOICE\V029\V029_023_04.MP3,28003,MP3
SOUND\VOICE\V029\V029_024_01.MP3,12329,MP3
SOUND\VOICE\V029\V029_024_02.MP3,27794,MP3
SOUND\VOICE\V029\V029_025_01.MP3,6896,MP3
SOUND\VOICE\V029\V029_025_02.MP3,4806,MP3
SOUND\VOICE\V029\V029_026_01.MP3,31973,MP3
SOUND\VOICE\V029\V029_027_01.MP3,2716,MP3
SOUND\VOICE\V029\V029_028_01.MP3,19017,MP3
SOUND\VOICE\V029\V029_029_01.MP3,28839,MP3
SOUND\VOICE\V029\V029_030_01.MP3,17972,MP3
SOUND\VOICE\V029\V029_030_02.MP3,25704,MP3
SOUND\VOICE\V029\V029_031_01.MP3,9822,MP3
SOUND\VOICE\V029\V029_031_02.MP3,7732,MP3
SOUND\VOICE\V029\V029_031_03.MP3,15464,MP3
SOUND\VOICE\V029\V029_032_01.MP3,33645,MP3
SOUND\VOICE\V029\V029_032_02.MP3,10240,MP3
SOUND\VOICE\V029\V029_032_03.MP3,14837,MP3
SOUND\VOICE\V029\V029_033_01.MP3,13583,MP3
SOUND\VOICE\V029\V029_034_01.MP3,20271,MP3
SOUND\VOICE\V029\V029_035_01.MP3,3343,MP3
SOUND\VOICE\V029\V029_035_02.MP3,14419,MP3
SOUND\VOICE\V029\V029_036_01.MP3,3134,MP3
SOUND\VOICE\V029\V029_036_02.MP3,15882,MP3
SOUND\VOICE\V030\V030_001_01.MP3,53707,MP3
SOUND\VOICE\V030\V030_001_02.MP3,63529,MP3
SOUND\VOICE\V030\V030_001_03.MP3,39288,MP3
SOUND\VOICE\V030\V030_002_01.MP3,67500,MP3
SOUND\VOICE\V030\V030_002_02.MP3,20480,MP3
SOUND\VOICE\V030\V030_002_03.MP3,61231,MP3
SOUND\VOICE\V030\V030_002_04.MP3,40960,MP3
SOUND\VOICE\V030\V030_003_01.MP3,26122,MP3
SOUND\VOICE\V030\V030_003_02.MP3,47020,MP3
SOUND\VOICE\V030\V030_003_03.MP3,36989,MP3
SOUND\VOICE\V030\V030_004_01.MP3,43258,MP3
SOUND\VOICE\V030\V030_004_02.MP3,63529,MP3
SOUND\VOICE\V030\V030_004_03.MP3,53916,MP3
SOUND\VOICE\V030\V030_004_04.MP3,79830,MP3
SOUND\VOICE\V030\V030_004_05.MP3,63320,MP3
SOUND\VOICE\V030\V030_005_01.MP3,68754,MP3
SOUND\VOICE\V030\V030_005_02.MP3,59559,MP3
SOUND\VOICE\V030\V030_005_03.MP3,25286,MP3
SOUND\VOICE\V030\V030_005_04.MP3,62066,MP3
SOUND\VOICE\V030\V030_006_01.MP3,67709,MP3
SOUND\VOICE\V030\V030_006_02.MP3,41377,MP3
SOUND\VOICE\V030\V030_006_03.MP3,41586,MP3
SOUND\VOICE\V030\V030_007_01.MP3,46393,MP3
SOUND\VOICE\V030\V030_007_02.MP3,88189,MP3
SOUND\VOICE\V030\V030_007_03.MP3,29257,MP3
SOUND\VOICE\V030\V030_008_01.MP3,5642,MP3
SOUND\VOICE\V030\V030_008_02.MP3,30511,MP3
SOUND\VOICE\V030\V030_008_03.MP3,47856,MP3
SOUND\VOICE\V030\V030_008_04.MP3,58096,MP3
SOUND\VOICE\V030\V030_009_01.MP3,3970,MP3
SOUND\VOICE\V030\V030_009_02.MP3,15882,MP3
SOUND\VOICE\V030\V030_009_03.MP3,33854,MP3
SOUND\VOICE\V030\V030_010_01.MP3,75859,MP3
SOUND\VOICE\V030\V030_010_02.MP3,51617,MP3
SOUND\VOICE\V030\V030_010_03.MP3,60395,MP3
SOUND\VOICE\V030\V030_011_01.MP3,31346,MP3
SOUND\VOICE\V030\V030_011_02.MP3,42422,MP3
SOUND\VOICE\V030\V030_012_01.MP3,28839,MP3
SOUND\VOICE\V030\V030_012_02.MP3,20480,MP3
SOUND\VOICE\V030\V030_012_03.MP3,45557,MP3
SOUND\VOICE\V030\V030_013_01.MP3,6060,MP3
SOUND\VOICE\V030\V030_014_01.MP3,7523,MP3
SOUND\VOICE\V030\V030_015_01.MP3,7941,MP3
SOUND\VOICE\V030\V030_016_01.MP3,15673,MP3
SOUND\VOICE\V030\V030_017_01.MP3,9822,MP3
SOUND\VOICE\V030\V030_018_01.MP3,21315,MP3
SOUND\VOICE\V030\V030_018_02.MP3,14419,MP3
SOUND\VOICE\V030\V030_019_01.MP3,16091,MP3
SOUND\VOICE\V030\V030_019_02.MP3,16927,MP3
SOUND\VOICE\V030\V030_020_01.MP3,7941,MP3
SOUND\VOICE\V030\V030_020_02.MP3,13792,MP3
SOUND\VOICE\V030\V030_020_03.MP3,28421,MP3
SOUND\VOICE\V030\V030_020_04.MP3,11284,MP3
SOUND\VOICE\V030\V030_021_01.MP3,28003,MP3
SOUND\VOICE\V030\V030_022_01.MP3,11075,MP3
SOUND\VOICE\V030\V030_023_01.MP3,6269,MP3
SOUND\VOICE\V030\V030_024_01.MP3,6687,MP3
SOUND\VOICE\V030\V030_024_02.MP3,24659,MP3
SOUND\VOICE\V030\V030_024_03.MP3,13374,MP3
SOUND\VOICE\V030\V030_025_01.MP3,3761,MP3
SOUND\VOICE\V030\V030_026_01.MP3,16927,MP3
SOUND\VOICE\V030\V030_027_01.MP3,8777,MP3
SOUND\VOICE\V030\V030_028_01.MP3,6060,MP3
SOUND\VOICE\V030\V030_028_02.MP3,5851,MP3
SOUND\VOICE\V030\V030_029_01.MP3,30511,MP3
SOUND\VOICE\V030\V030_030_01.MP3,5851,MP3
SOUND\VOICE\V030\V030_031_01.MP3,20480,MP3
SOUND\VOICE\V030\V030_031_02.MP3,18599,MP3
SOUND\VOICE\V030\V030_032_01.MP3,40333,MP3
SOUND\VOICE\V030\V030_032_02.MP3,38452,MP3
SOUND\VOICE\V030\V030_032_03.MP3,36153,MP3
SOUND\VOICE\V030\V030_032_04.MP3,12538,MP3
SOUND\VOICE\V030\V030_033_01.MP3,14837,MP3
SOUND\VOICE\V030\V030_033_02.MP3,18181,MP3
SOUND\VOICE\V030\V030_033_03.MP3,11284,MP3
SOUND\VOICE\V030\V030_034_01.MP3,12120,MP3
SOUND\VOICE\V030\V030_034_02.MP3,20271,MP3
SOUND\VOICE\V030\V030_035_01.MP3,67082,MP3
SOUND\VOICE\V030\V030_035_02.MP3,16091,MP3
SOUND\VOICE\V030\V030_035_03.MP3,29048,MP3
SOUND\VOICE\V030\V030_035_04.MP3,44512,MP3
SOUND\VOICE\V030\V030_036_01.MP3,10031,MP3
SOUND\VOICE\V030\V030_036_02.MP3,21942,MP3
SOUND\VOICE\V030\V030_037_01.MP3,10240,MP3
SOUND\VOICE\V030\V030_037_02.MP3,15673,MP3
SOUND\VOICE\V030\V030_037_03.MP3,11075,MP3
SOUND\VOICE\V030\V030_037_04.MP3,32809,MP3
SOUND\VOICE\V031\V031_001_01.MP3,30928,MP3
SOUND\VOICE\V031\V031_001_02.MP3,34272,MP3
SOUND\VOICE\V031\V031_002_01.MP3,35108,MP3
SOUND\VOICE\V031\V031_002_02.MP3,45766,MP3
SOUND\VOICE\V031\V031_002_03.MP3,41377,MP3
SOUND\VOICE\V031\V031_002_04.MP3,33854,MP3
SOUND\VOICE\V031\V031_003_01.MP3,37616,MP3
SOUND\VOICE\V031\V031_003_02.MP3,60395,MP3
SOUND\VOICE\V031\V031_003_03.MP3,16300,MP3
SOUND\VOICE\V031\V031_004_01.MP3,11493,MP3
SOUND\VOICE\V031\V031_004_02.MP3,24659,MP3
SOUND\VOICE\V031\V031_005_01.MP3,27167,MP3
SOUND\VOICE\V031\V031_006_01.MP3,15882,MP3
SOUND\VOICE\V032\V032_001_01.MP3,23614,MP3
SOUND\VOICE\V032\V032_001_02.MP3,35108,MP3
SOUND\VOICE\V032\V032_002_01.MP3,13165,MP3
SOUND\VOICE\V032\V032_003_01.MP3,6269,MP3
SOUND\VOICE\V032\V032_004_01.MP3,23823,MP3
SOUND\VOICE\V032\V032_005_01.MP3,5433,MP3
SOUND\VOICE\V032\V032_005_02.MP3,18181,MP3
SOUND\VOICE\V032\V032_005_03.MP3,27376,MP3
SOUND\VOICE\V032\V032_006_01.MP3,22151,MP3
SOUND\VOICE\V032\V032_006_02.MP3,30928,MP3
SOUND\VOICE\V032\V032_007_01.MP3,19853,MP3
SOUND\VOICE\V032\V032_008_01.MP3,23614,MP3
SOUND\VOICE\V032\V032_009_01.MP3,4597,MP3
SOUND\VOICE\V032\V032_010_01.MP3,35944,MP3
SOUND\VOICE\V032\V032_010_02.MP3,14001,MP3
SOUND\VOICE\V032\V032_010_03.MP3,39706,MP3
SOUND\VOICE\V032\V032_011_01.MP3,19853,MP3
SOUND\VOICE\V032\V032_012_01.MP3,22569,MP3
SOUND\VOICE\V032\V032_012_02.MP3,13583,MP3
SOUND\VOICE\V032\V032_012_03.MP3,17554,MP3
SOUND\VOICE\V032\V032_013_01.MP3,25286,MP3
SOUND\VOICE\V032\V032_014_01.MP3,11493,MP3
SOUND\VOICE\V032\V032_014_02.MP3,6896,MP3
SOUND\VOICE\V032\V032_015_01.MP3,7523,MP3
SOUND\VOICE\V032\V032_016_01.MP3,8568,MP3
SOUND\VOICE\V032\V032_017_01.MP3,10657,MP3
SOUND\VOICE\V032\V032_017_02.MP3,20271,MP3
SOUND\VOICE\V032\V032_017_03.MP3,36153,MP3
SOUND\VOICE\V032\V032_018_01.MP3,2716,MP3
SOUND\VOICE\V032\V032_018_02.MP3,19017,MP3
SOUND\VOICE\V032\V032_018_03.MP3,33436,MP3
SOUND\VOICE\V032\V032_018_04.MP3,46602,MP3
SOUND\VOICE\V032\V032_018_05.MP3,16927,MP3
SOUND\VOICE\V032\V032_019_01.MP3,18390,MP3
SOUND\VOICE\V032\V032_020_01.MP3,21524,MP3
SOUND\VOICE\V032\V032_020_02.MP3,22151,MP3
SOUND\VOICE\V032\V032_021_01.MP3,6687,MP3
SOUND\VOICE\V032\V032_022_01.MP3,38452,MP3
SOUND\VOICE\V032\V032_022_02.MP3,37198,MP3
SOUND\VOICE\V032\V032_023_01.MP3,40542,MP3
SOUND\VOICE\V032\V032_023_02.MP3,45975,MP3
SOUND\VOICE\V032\V032_023_03.MP3,31764,MP3
SOUND\VOICE\V032\V032_024_01.MP3,20688,MP3
SOUND\VOICE\V032\V032_025_01.MP3,4597,MP3
SOUND\VOICE\V032\V032_025_02.MP3,39288,MP3
SOUND\VOICE\V032\V032_026_01.MP3,18390,MP3
SOUND\VOICE\V032\V032_027_01.MP3,15255,MP3
SOUND\VOICE\V032\V032_028_01.MP3,3761,MP3
SOUND\VOICE\V032\V032_029_01.MP3,3970,MP3
SOUND\VOICE\V032\V032_030_01.MP3,24032,MP3
SOUND\VOICE\V032\V032_030_02.MP3,6269,MP3
SOUND\VOICE\V032\V032_031_01.MP3,10448,MP3
SOUND\VOICE\V032\V032_031_02.MP3,8150,MP3
SOUND\VOICE\V032\V032_032_01.MP3,13165,MP3
SOUND\VOICE\V032\V032_032_02.MP3,21315,MP3
SOUND\VOICE\V032\V032_033_01.MP3,18390,MP3
SOUND\VOICE\V032\V032_033_02.MP3,3970,MP3
SOUND\VOICE\V032\V032_033_03.MP3,5433,MP3
SOUND\VOICE\V033\V033_001_01.MP3,6269,MP3
SOUND\VOICE\V033\V033_001_02.MP3,34272,MP3
SOUND\VOICE\V033\V033_001_03.MP3,15255,MP3
SOUND\VOICE\V033\V033_001_04.MP3,12956,MP3
SOUND\VOICE\V033\V033_001_05.MP3,20062,MP3
SOUND\VOICE\V033\V033_001_06.MP3,31973,MP3
SOUND\VOICE\V033\V033_002_01.MP3,35317,MP3
SOUND\VOICE\V033\V033_002_02.MP3,17763,MP3
SOUND\VOICE\V033\V033_002_03.MP3,21315,MP3
SOUND\VOICE\V033\V033_002_04.MP3,10240,MP3
SOUND\VOICE\V033\V033_003_01.MP3,26958,MP3
SOUND\VOICE\V033\V033_003_02.MP3,35108,MP3
SOUND\VOICE\V033\V033_003_03.MP3,97802,MP3
SOUND\VOICE\V033\V033_003_04.MP3,47020,MP3
SOUND\VOICE\V033\V033_003_05.MP3,43049,MP3
SOUND\VOICE\V033\V033_003_06.MP3,47020,MP3
SOUND\VOICE\V033\V033_003_07.MP3,36989,MP3
SOUND\VOICE\V033\V033_004_01.MP3,15255,MP3
SOUND\VOICE\V033\V033_004_02.MP3,20688,MP3
SOUND\VOICE\V033\V033_004_03.MP3,29884,MP3
SOUND\VOICE\V033\V033_005_01.MP3,23405,MP3
SOUND\VOICE\V033\V033_005_02.MP3,44303,MP3
SOUND\VOICE\V033\V033_006_01.MP3,17763,MP3
SOUND\VOICE\V033\V033_006_02.MP3,11284,MP3
SOUND\VOICE\V033\V033_006_03.MP3,37198,MP3
SOUND\VOICE\V033\V033_007_01.MP3,4179,MP3
SOUND\VOICE\V033\V033_007_02.MP3,8359,MP3
SOUND\VOICE\V033\V033_007_03.MP3,6478,MP3
SOUND\VOICE\V033\V033_008_01.MP3,8568,MP3
SOUND\VOICE\V033\V033_009_01.MP3,33436,MP3
SOUND\VOICE\V033\V033_010_01.MP3,47647,MP3
SOUND\VOICE\V033\V033_010_02.MP3,46811,MP3
SOUND\VOICE\V033\V033_011_01.MP3,13792,MP3
SOUND\VOICE\V033\V033_011_02.MP3,17972,MP3
SOUND\VOICE\V033\V033_011_03.MP3,17345,MP3
SOUND\VOICE\V033\V033_011_04.MP3,21315,MP3
SOUND\VOICE\V033\V033_011_05.MP3,33227,MP3
SOUND\VOICE\V033\V033_011_06.MP3,24450,MP3
SOUND\VOICE\V033\V033_012_01.MP3,3761,MP3
SOUND\VOICE\V033\V033_013_01.MP3,32391,MP3
SOUND\VOICE\V033\V033_014_01.MP3,12747,MP3
SOUND\VOICE\V033\V033_014_02.MP3,25286,MP3
SOUND\VOICE\V033\V033_015_01.MP3,2507,MP3
SOUND\VOICE\V033\V033_015_02.MP3,24659,MP3
SOUND\VOICE\V035\V035_001_01.MP3,16091,MP3
SOUND\VOICE\V035\V035_002_01.MP3,10031,MP3
SOUND\VOICE\V035\V035_002_02.MP3,11493,MP3
SOUND\VOICE\V035\V035_003_01.MP3,23196,MP3
SOUND\VOICE\V035\V035_003_02.MP3,19017,MP3
SOUND\VOICE\V035\V035_004_01.MP3,5224,MP3
SOUND\VOICE\V035\V035_005_01.MP3,8777,MP3
SOUND\VOICE\V035\V035_005_02.MP3,4388,MP3
SOUND\VOICE\V035\V035_006_01.MP3,2089,MP3
SOUND\VOICE\V035\V035_006_02.MP3,3343,MP3
SOUND\VOICE\V035\V035_006_03.MP3,43676,MP3
SOUND\VOICE\V035\V035_007_01.MP3,7523,MP3
SOUND\VOICE\V035\V035_008_01.MP3,11075,MP3
SOUND\VOICE\V035\V035_008_02.MP3,13792,MP3
SOUND\VOICE\V035\V035_009_01.MP3,17136,MP3
SOUND\VOICE\V035\V035_009_02.MP3,3343,MP3
SOUND\VOICE\V035\V035_010_01.MP3,9613,MP3
SOUND\VOICE\V035\V035_011_01.MP3,5224,MP3
SOUND\VOICE\V035\V035_011_02.MP3,30720,MP3
SOUND\VOICE\V035\V035_011_03.MP3,14628,MP3
SOUND\VOICE\V035\V035_011_04.MP3,25704,MP3
SOUND\VOICE\V035\V035_011_05.MP3,5433,MP3
SOUND\VOICE\V035\V035_012_01.MP3,10657,MP3
SOUND\VOICE\V035\V035_012_02.MP3,10031,MP3
SOUND\VOICE\V035\V035_012_03.MP3,13165,MP3
SOUND\VOICE\V035\V035_013_01.MP3,5851,MP3
SOUND\VOICE\V035\V035_014_01.MP3,11493,MP3
SOUND\VOICE\V035\V035_014_02.MP3,16300,MP3
SOUND\VOICE\V035\V035_014_03.MP3,10448,MP3
SOUND\VOICE\V035\V035_014_04.MP3,8986,MP3
SOUND\VOICE\V035\V035_014_05.MP3,19853,MP3
SOUND\VOICE\V035\V035_015_01.MP3,18390,MP3
SOUND\VOICE\V035\V035_015_02.MP3,18181,MP3
SOUND\VOICE\V035\V035_015_03.MP3,28839,MP3
SOUND\VOICE\V035\V035_016_01.MP3,7941,MP3
SOUND\VOICE\V035\V035_017_01.MP3,8777,MP3
SOUND\VOICE\V035\V035_017_02.MP3,16718,MP3
SOUND\VOICE\V035\V035_018_01.MP3,19017,MP3
SOUND\VOICE\V035\V035_018_02.MP3,20062,MP3
SOUND\VOICE\V035\V035_018_03.MP3,19644,MP3
SOUND\VOICE\V035\V035_019_01.MP3,5642,MP3
SOUND\VOICE\V035\V035_019_02.MP3,8359,MP3
SOUND\VOICE\V035\V035_020_01.MP3,30302,MP3
SOUND\VOICE\V035\V035_021_01.MP3,20480,MP3
SOUND\VOICE\V035\V035_021_02.MP3,42213,MP3
SOUND\VOICE\V035\V035_021_03.MP3,73769,MP3
SOUND\VOICE\V035\V035_021_04.MP3,33018,MP3
SOUND\VOICE\V035\V035_021_05.MP3,59768,MP3
SOUND\VOICE\V035\V035_022_01.MP3,13583,MP3
SOUND\VOICE\V035\V035_022_02.MP3,48065,MP3
SOUND\VOICE\V035\V035_023_01.MP3,60813,MP3
SOUND\VOICE\V035\V035_023_02.MP3,7523,MP3
SOUND\VOICE\V035\V035_023_03.MP3,9195,MP3
SOUND\VOICE\V037\V037_001_01.MP3,7732,MP3
SOUND\VOICE\V037\V037_001_02.MP3,33227,MP3
SOUND\VOICE\V037\V037_002_01.MP3,17763,MP3
SOUND\VOICE\V037\V037_003_01.MP3,17763,MP3
SOUND\VOICE\V037\V037_004_01.MP3,28421,MP3
SOUND\VOICE\V037\V037_005_01.MP3,7732,MP3
SOUND\VOICE\V037\V037_005_02.MP3,12956,MP3
SOUND\VOICE\V037\V037_005_03.MP3,11075,MP3
SOUND\VOICE\V037\V037_006_01.MP3,54125,MP3
SOUND\VOICE\V037\V037_006_02.MP3,20062,MP3
SOUND\VOICE\V037\V037_007_01.MP3,18390,MP3
SOUND\VOICE\V037\V037_007_02.MP3,15255,MP3
SOUND\VOICE\V037\V037_008_01.MP3,5642,MP3
SOUND\VOICE\V037\V037_008_02.MP3,28839,MP3
SOUND\VOICE\V037\V037_008_03.MP3,27585,MP3
SOUND\VOICE\V037\V037_009_01.MP3,7523,MP3
SOUND\VOICE\V037\V037_010_01.MP3,16300,MP3
SOUND\VOICE\V037\V037_010_02.MP3,23614,MP3
SOUND\VOICE\V037\V037_010_03.MP3,39706,MP3
SOUND\VOICE\V037\V037_011_01.MP3,8150,MP3
SOUND\VOICE\V037\V037_012_01.MP3,36571,MP3
SOUND\VOICE\V037\V037_012_02.MP3,43049,MP3
SOUND\VOICE\V037\V037_013_01.MP3,47438,MP3
SOUND\VOICE\V037\V037_014_01.MP3,8359,MP3
SOUND\VOICE\V037\V037_015_01.MP3,3970,MP3
SOUND\VOICE\V037\V037_016_01.MP3,28839,MP3
SOUND\VOICE\V037\V037_016_02.MP3,30093,MP3
SOUND\VOICE\V037\V037_016_03.MP3,39915,MP3
SOUND\VOICE\V037\V037_017_01.MP3,17763,MP3
SOUND\VOICE\V037\V037_017_02.MP3,18181,MP3
SOUND\VOICE\V037\V037_018_01.MP3,15464,MP3
SOUND\VOICE\V037\V037_018_02.MP3,44721,MP3
SOUND\VOICE\V037\V037_019_01.MP3,6269,MP3
SOUND\VOICE\V037\V037_020_01.MP3,21315,MP3
SOUND\VOICE\V037\V037_020_02.MP3,31555,MP3
SOUND\VOICE\V037\V037_021_01.MP3,18390,MP3
SOUND\VOICE\V037\V037_021_02.MP3,7105,MP3
SOUND\VOICE\V037\V037_022_01.MP3,4388,MP3
SOUND\VOICE\V038\V038_001_01.MP3,10240,MP3
SOUND\VOICE\V038\V038_002_01.MP3,17136,MP3
SOUND\VOICE\V038\V038_003_01.MP3,20062,MP3
SOUND\VOICE\V038\V038_003_02.MP3,23405,MP3
SOUND\VOICE\V038\V038_004_01.MP3,20062,MP3
SOUND\VOICE\V038\V038_004_02.MP3,18808,MP3
SOUND\VOICE\V038\V038_004_03.MP3,21733,MP3
SOUND\VOICE\V038\V038_005_01.MP3,8568,MP3
SOUND\VOICE\V038\V038_005_02.MP3,22778,MP3
SOUND\VOICE\V038\V038_006_01.MP3,11075,MP3
SOUND\VOICE\V038\V038_006_02.MP3,15464,MP3
SOUND\VOICE\V038\V038_006_03.MP3,51826,MP3
SOUND\VOICE\V038\V038_006_04.MP3,37825,MP3
SOUND\VOICE\V038\V038_006_05.MP3,20480,MP3
SOUND\VOICE\V038\V038_007_01.MP3,25286,MP3
SOUND\VOICE\V038\V038_008_01.MP3,6269,MP3
SOUND\VOICE\V038\V038_009_01.MP3,22778,MP3
SOUND\VOICE\V038\V038_009_02.MP3,9404,MP3
SOUND\VOICE\V038\V038_010_01.MP3,17136,MP3
SOUND\VOICE\V038\V038_010_02.MP3,14419,MP3
SOUND\VOICE\V038\V038_010_03.MP3,26122,MP3
SOUND\VOICE\V038\V038_011_01.MP3,21315,MP3
SOUND\VOICE\V038\V038_012_01.MP3,7105,MP3
SOUND\VOICE\V038\V038_012_02.MP3,18599,MP3
SOUND\VOICE\V038\V038_013_01.MP3,23614,MP3
SOUND\VOICE\V038\V038_014_01.MP3,37198,MP3
SOUND\VOICE\V038\V038_014_02.MP3,34481,MP3
SOUND\VOICE\V038\V038_015_01.MP3,33436,MP3
SOUND\VOICE\V038\V038_016_01.MP3,30511,MP3
SOUND\VOICE\V038\V038_017_01.MP3,36153,MP3
SOUND\VOICE\V038\V038_018_01.MP3,30720,MP3
SOUND\VOICE\V038\V038_018_02.MP3,28003,MP3
SOUND\VOICE\V038\V038_019_01.MP3,17345,MP3
SOUND\VOICE\V038\V038_019_02.MP3,12956,MP3
SOUND\VOICE\V038\V038_019_03.MP3,26122,MP3
SOUND\VOICE\V038\V038_020_01.MP3,27376,MP3
SOUND\VOICE\V038\V038_020_02.MP3,36153,MP3
SOUND\VOICE\V038\V038_021_01.MP3,8777,MP3
SOUND\VOICE\V038\V038_021_02.MP3,39079,MP3
SOUND\VOICE\V038\V038_021_03.MP3,30511,MP3
SOUND\VOICE\V038\V038_021_04.MP3,21106,MP3
SOUND\VOICE\V038\V038_022_01.MP3,29884,MP3
SOUND\VOICE\V038\V038_022_02.MP3,24659,MP3
SOUND\VOICE\V038\V038_022_03.MP3,42422,MP3
SOUND\VOICE\V038\V038_023_01.MP3,22987,MP3
SOUND\VOICE\V038\V038_023_02.MP3,27167,MP3
SOUND\VOICE\V038\V038_024_01.MP3,35944,MP3
SOUND\VOICE\V038\V038_025_01.MP3,21315,MP3
SOUND\VOICE\V038\V038_026_01.MP3,7732,MP3
SOUND\VOICE\V038\V038_026_02.MP3,18599,MP3
SOUND\VOICE\V038\V038_026_03.MP3,31346,MP3
SOUND\VOICE\V038\V038_026_04.MP3,36362,MP3
SOUND\VOICE\V038\V038_027_01.MP3,22987,MP3
SOUND\VOICE\V038\V038_028_01.MP3,17763,MP3
SOUND\VOICE\V038\V038_029_01.MP3,8150,MP3
SOUND\VOICE\V038\V038_029_02.MP3,16091,MP3
SOUND\VOICE\V038\V038_029_03.MP3,6896,MP3
SOUND\VOICE\V038\V038_030_01.MP3,8150,MP3
SOUND\VOICE\V038\V038_031_01.MP3,8359,MP3
SOUND\VOICE\V038\V038_032_01.MP3,5851,MP3
SOUND\VOICE\V038\V038_033_01.MP3,5433,MP3
SOUND\VOICE\V038\V038_034_01.MP3,16509,MP3
SOUND\VOICE\V038\V038_035_01.MP3,7523,MP3
SOUND\VOICE\V038\V038_036_01.MP3,9613,MP3
SOUND\VOICE\V039\V039_001_01.MP3,11702,MP3
SOUND\VOICE\V039\V039_001_02.MP3,17136,MP3
SOUND\VOICE\V039\V039_001_03.MP3,38870,MP3
SOUND\VOICE\V039\V039_001_04.MP3,20271,MP3
SOUND\VOICE\V039\V039_001_05.MP3,33854,MP3
SOUND\VOICE\V039\V039_001_06.MP3,18599,MP3
SOUND\VOICE\V039\V039_001_07.MP3,47438,MP3
SOUND\VOICE\V039\V039_001_08.MP3,37198,MP3
SOUND\VOICE\V039\V039_001_09.MP3,48274,MP3
SOUND\VOICE\V039\V039_002_01.MP3,32809,MP3
SOUND\VOICE\V039\V039_003_01.MP3,20688,MP3
SOUND\VOICE\V039\V039_003_02.MP3,78158,MP3
SOUND\VOICE\V039\V039_003_03.MP3,34899,MP3
SOUND\VOICE\V039\V039_003_04.MP3,34690,MP3
SOUND\VOICE\V039\V039_004_01.MP3,6060,MP3
SOUND\VOICE\V039\V039_004_02.MP3,11284,MP3
SOUND\VOICE\V039\V039_004_03.MP3,7105,MP3
SOUND\VOICE\V039\V039_005_01.MP3,13583,MP3
SOUND\VOICE\V039\V039_006_01.MP3,4597,MP3
SOUND\VOICE\V039\V039_007_01.MP3,8568,MP3
SOUND\VOICE\V039\V039_007_02.MP3,21315,MP3
SOUND\VOICE\V039\V039_007_03.MP3,20688,MP3
SOUND\VOICE\V039\V039_008_01.MP3,10031,MP3
SOUND\VOICE\V039\V039_008_02.MP3,26749,MP3
SOUND\VOICE\V039\V039_009_01.MP3,14628,MP3
SOUND\VOICE\V039\V039_009_02.MP3,27794,MP3
SOUND\VOICE\V039\V039_009_03.MP3,37407,MP3
SOUND\VOICE\V039\V039_010_01.MP3,9613,MP3
SOUND\VOICE\V039\V039_010_02.MP3,13374,MP3
SOUND\VOICE\V039\V039_010_03.MP3,27376,MP3
SOUND\VOICE\V039\V039_010_04.MP3,34063,MP3
SOUND\VOICE\V039\V039_011_01.MP3,6269,MP3
SOUND\VOICE\V039\V039_012_01.MP3,3970,MP3
SOUND\VOICE\V039\V039_013_01.MP3,6687,MP3
SOUND\VOICE\V039\V039_013_02.MP3,5642,MP3
SOUND\VOICE\V039\V039_014_01.MP3,6896,MP3
SOUND\VOICE\V039\V039_015_01.MP3,48692,MP3
SOUND\VOICE\V039\V039_015_02.MP3,38661,MP3
SOUND\VOICE\V039\V039_016_01.MP3,20062,MP3
SOUND\VOICE\V039\V039_016_02.MP3,29466,MP3
SOUND\VOICE\V039\V039_017_01.MP3,10031,MP3
SOUND\VOICE\V039\V039_018_01.MP3,5015,MP3
SOUND\VOICE\V039\V039_019_01.MP3,5224,MP3
SOUND\VOICE\V039\V039_019_02.MP3,37825,MP3
SOUND\VOICE\V039\V039_020_01.MP3,12120,MP3
SOUND\VOICE\V039\V039_020_02.MP3,21733,MP3
SOUND\VOICE\V039\V039_020_03.MP3,29257,MP3
SOUND\VOICE\V039\V039_020_04.MP3,23405,MP3
SOUND\VOICE\V039\V039_020_05.MP3,25495,MP3
SOUND\VOICE\V039\V039_021_01.MP3,42422,MP3
SOUND\VOICE\V039\V039_022_01.MP3,39706,MP3
SOUND\VOICE\V039\V039_022_02.MP3,24450,MP3
SOUND\VOICE\V039\V039_022_03.MP3,25286,MP3
SOUND\VOICE\V039\V039_023_01.MP3,6269,MP3
SOUND\VOICE\V039\V039_024_01.MP3,7732,MP3
SOUND\VOICE\V039\V039_024_02.MP3,30511,MP3
SOUND\VOICE\V039\V039_025_01.MP3,29257,MP3
SOUND\VOICE\V039\V039_026_01.MP3,4388,MP3
SOUND\VOICE\V039\V039_026_02.MP3,29257,MP3
SOUND\VOICE\V039\V039_026_03.MP3,19435,MP3
SOUND\VOICE\V039\V039_027_01.MP3,17554,MP3
SOUND\VOICE\V039\V039_027_02.MP3,15255,MP3
SOUND\VOICE\V039\V039_027_03.MP3,19226,MP3
SOUND\VOICE\V039\V039_028_01.MP3,6687,MP3
SOUND\VOICE\V039\V039_029_01.MP3,9613,MP3
SOUND\VOICE\V039\V039_030_01.MP3,2507,MP3
SOUND\VOICE\V039\V039_031_01.MP3,13165,MP3
SOUND\VOICE\V039\V039_031_02.MP3,15882,MP3
SOUND\VOICE\V039\V039_032_01.MP3,16091,MP3
SOUND\VOICE\V039\V039_033_01.MP3,6478,MP3
SOUND\VOICE\V039\V039_034_01.MP3,12120,MP3
SOUND\VOICE\V039\V039_034_02.MP3,22151,MP3
SOUND\VOICE\V039\V039_034_03.MP3,12956,MP3
SOUND\VOICE\V039\V039_034_04.MP3,19017,MP3
SOUND\VOICE\V039\V039_035_01.MP3,9613,MP3
SOUND\VOICE\V039\V039_035_02.MP3,22360,MP3
SOUND\VOICE\V039\V039_035_03.MP3,32182,MP3
SOUND\VOICE\V039\V039_035_04.MP3,21942,MP3
SOUND\VOICE\V039\V039_036_01.MP3,2507,MP3
SOUND\VOICE\V039\V039_037_01.MP3,18808,MP3
SOUND\VOICE\V039\V039_037_02.MP3,7941,MP3
SOUND\VOICE\V039\V039_038_01.MP3,2507,MP3
SOUND\VOICE\V039\V039_039_01.MP3,7941,MP3
SOUND\VOICE\V039\V039_040_01.MP3,14419,MP3
SOUND\VOICE\V039\V039_040_02.MP3,12329,MP3
SOUND\VOICE\V039\V039_041_01.MP3,13374,MP3
SOUND\VOICE\V039\V039_041_02.MP3,40960,MP3
SOUND\VOICE\V039\V039_042_01.MP3,8986,MP3
SOUND\VOICE\V039\V039_042_02.MP3,20688,MP3
SOUND\VOICE\V039\V039_042_03.MP3,42840,MP3
SOUND\VOICE\V039\V039_042_04.MP3,14628,MP3
SOUND\VOICE\V039\V039_042_05.MP3,5433,MP3
SOUND\VOICE\V039\V039_042_06.MP3,22360,MP3
SOUND\VOICE\V039\V039_043_01.MP3,8568,MP3
SOUND\VOICE\V039\V039_043_02.MP3,9404,MP3
SOUND\VOICE\V039\V039_044_01.MP3,13583,MP3
SOUND\VOICE\V039\V039_044_02.MP3,3343,MP3
SOUND\VOICE\V039\V039_044_03.MP3,18808,MP3
SOUND\VOICE\V039\V039_045_01.MP3,3134,MP3
SOUND\VOICE\V039\V039_046_01.MP3,21524,MP3
SOUND\VOICE\V039\V039_046_02.MP3,27376,MP3
SOUND\VOICE\V039\V039_046_03.MP3,17345,MP3
SOUND\VOICE\V039\V039_047_01.MP3,27585,MP3
SOUND\VOICE\V039\V039_048_01.MP3,2507,MP3
SOUND\VOICE\V039\V039_049_01.MP3,3134,MP3
SOUND\VOICE\V039\V039_050_01.MP3,16718,MP3
SOUND\VOICE\V039\V039_051_01.MP3,14210,MP3
SOUND\VOICE\V039\V039_051_02.MP3,14837,MP3
SOUND\VOICE\V039\V039_051_03.MP3,13792,MP3
SOUND\VOICE\V039\V039_051_04.MP3,42422,MP3
SOUND\VOICE\V039\V039_052_01.MP3,7732,MP3
SOUND\VOICE\V039\V039_053_01.MP3,3552,MP3
SOUND\VOICE\V039\V039_054_01.MP3,7314,MP3
SOUND\VOICE\V039\V039_055_01.MP3,11075,MP3
SOUND\VOICE\V039\V039_056_01.MP3,6687,MP3
SOUND\VOICE\V039\V039_057_01.MP3,7105,MP3
SOUND\VOICE\V039A\V039A_001_01.MP3,11493,MP3
SOUND\VOICE\V039A\V039A_001_02.MP3,29675,MP3
SOUND\VOICE\V039A\V039A_002_01.MP3,7941,MP3
SOUND\VOICE\V039A\V039A_003_01.MP3,5851,MP3
SOUND\VOICE\V039A\V039A_004_01.MP3,5015,MP3
SOUND\VOICE\V039A\V039A_005_01.MP3,14628,MP3
SOUND\VOICE\V039A\V039A_005_02.MP3,11702,MP3
SOUND\VOICE\V039A\V039A_006_01.MP3,5851,MP3
SOUND\VOICE\V039A\V039A_007_01.MP3,29466,MP3
SOUND\VOICE\V039A\V039A_008_01.MP3,5642,MP3
SOUND\VOICE\V039A\V039A_009_01.MP3,4179,MP3
SOUND\VOICE\V039A\V039A_009_02.MP3,27167,MP3
SOUND\VOICE\V039A\V039A_010_01.MP3,40333,MP3
SOUND\VOICE\V039A\V039A_010_02.MP3,13374,MP3
SOUND\VOICE\V039A\V039A_011_01.MP3,7941,MP3
SOUND\VOICE\V039A\V039A_012_01.MP3,37198,MP3
SOUND\VOICE\V039A\V039A_012_02.MP3,38243,MP3
SOUND\VOICE\V039A\V039A_013_01.MP3,26749,MP3
SOUND\VOICE\V039A\V039A_013_02.MP3,17136,MP3
SOUND\VOICE\V039A\V039A_013_03.MP3,15464,MP3
SOUND\VOICE\V039A\V039A_013_04.MP3,14837,MP3
SOUND\VOICE\V039A\V039A_014_01.MP3,34481,MP3
SOUND\VOICE\V039A\V039A_014_02.MP3,39079,MP3
SOUND\VOICE\V039A\V039A_014_03.MP3,15882,MP3
SOUND\VOICE\V039A\V039A_015_01.MP3,3970,MP3
SOUND\VOICE\V039A\V039A_015_02.MP3,39915,MP3
SOUND\VOICE\V039A\V039A_016_01.MP3,2507,MP3
SOUND\VOICE\V039A\V039A_017_01.MP3,19017,MP3
SOUND\VOICE\V039A\V039A_018_01.MP3,9404,MP3
SOUND\VOICE\V039A\V039A_019_01.MP3,19226,MP3
SOUND\VOICE\V039A\V039A_020_01.MP3,7314,MP3
SOUND\VOICE\V039A\V039A_021_01.MP3,16300,MP3
SOUND\VOICE\V039A\V039A_022_01.MP3,21942,MP3
SOUND\VOICE\V039A\V039A_023_01.MP3,28212,MP3
SOUND\VOICE\V039A\V039A_024_01.MP3,16927,MP3
SOUND\VOICE\V039A\V039A_025_01.MP3,31555,MP3
SOUND\VOICE\V039A\V039A_026_01.MP3,8568,MP3
SOUND\VOICE\V039A\V039A_027_01.MP3,3761,MP3
SOUND\VOICE\V039A\V039A_027_02.MP3,15882,MP3
SOUND\VOICE\V039A\V039A_028_01.MP3,19644,MP3
SOUND\VOICE\V039A\V039A_028_02.MP3,16509,MP3
SOUND\VOICE\V039A\V039A_028_03.MP3,15464,MP3
SOUND\VOICE\V039A\V039A_029_01.MP3,5642,MP3
SOUND\VOICE\V039A\V039A_029_02.MP3,7732,MP3
SOUND\VOICE\V039A\V039A_030_01.MP3,20688,MP3
SOUND\VOICE\V039A\V039A_031_01.MP3,9195,MP3
SOUND\VOICE\V039A\V039A_032_01.MP3,13583,MP3
SOUND\VOICE\V039A\V039A_033_01.MP3,2507,MP3
SOUND\VOICE\V039A\V039A_034_01.MP3,2925,MP3
SOUND\VOICE\V039A\V039A_035_01.MP3,5851,MP3
SOUND\VOICE\V039A\V039A_036_01.MP3,4388,MP3
SOUND\VOICE\V040\V040_001_01.MP3,4806,MP3
SOUND\VOICE\V040\V040_002_01.MP3,3343,MP3
SOUND\VOICE\V040\V040_003_01.MP3,23614,MP3
SOUND\VOICE\V040\V040_003_02.MP3,30511,MP3
SOUND\VOICE\V040\V040_003_03.MP3,8777,MP3
SOUND\VOICE\V040\V040_003_04.MP3,34481,MP3
SOUND\VOICE\V040\V040_003_05.MP3,40751,MP3
SOUND\VOICE\V040\V040_003_06.MP3,44512,MP3
SOUND\VOICE\V040\V040_004_01.MP3,25913,MP3
SOUND\VOICE\V040\V040_004_02.MP3,14628,MP3
SOUND\VOICE\V040\V040_004_03.MP3,22360,MP3
SOUND\VOICE\V040\V040_004_04.MP3,21315,MP3
SOUND\VOICE\V040\V040_005_01.MP3,7105,MP3
SOUND\VOICE\V040\V040_006_01.MP3,17972,MP3
SOUND\VOICE\V040\V040_006_02.MP3,18181,MP3
SOUND\VOICE\V040\V040_007_01.MP3,3134,MP3
SOUND\VOICE\V040\V040_008_01.MP3,12120,MP3
SOUND\VOICE\V040\V040_008_02.MP3,15464,MP3
SOUND\VOICE\V040\V040_009_01.MP3,10240,MP3
SOUND\VOICE\V040\V040_010_01.MP3,9822,MP3
SOUND\VOICE\V040\V040_011_01.MP3,10031,MP3
SOUND\VOICE\V040\V040_012_01.MP3,5015,MP3
SOUND\VOICE\V040\V040_013_01.MP3,6896,MP3
SOUND\VOICE\V040\V040_013_02.MP3,28630,MP3
SOUND\VOICE\V040\V040_013_03.MP3,25077,MP3
SOUND\VOICE\V040\V040_014_01.MP3,3134,MP3
SOUND\VOICE\V040\V040_014_02.MP3,20062,MP3
SOUND\VOICE\V040\V040_015_01.MP3,34899,MP3
SOUND\VOICE\V040\V040_016_01.MP3,10240,MP3
SOUND\VOICE\V040\V040_017_01.MP3,12329,MP3
SOUND\VOICE\V040\V040_017_02.MP3,40333,MP3
SOUND\VOICE\V040\V040_017_03.MP3,25286,MP3
SOUND\VOICE\V040\V040_018_01.MP3,39706,MP3
SOUND\VOICE\V040\V040_019_01.MP3,24450,MP3
SOUND\VOICE\V040\V040_019_02.MP3,20062,MP3
SOUND\VOICE\V040\V040_020_01.MP3,7314,MP3
SOUND\VOICE\V040\V040_020_02.MP3,35108,MP3
SOUND\VOICE\V042\V042_001_01.MP3,56633,MP3
SOUND\VOICE\V042\V042_001_02.MP3,53916,MP3
SOUND\VOICE\V042\V042_001_03.MP3,28839,MP3
SOUND\VOICE\V042\V042_001_04.MP3,31346,MP3
SOUND\VOICE\V042\V042_001_05.MP3,72097,MP3
SOUND\VOICE\V042\V042_001_06.MP3,42213,MP3
SOUND\VOICE\V042\V042_001_07.MP3,25077,MP3
SOUND\VOICE\V042\V042_002_01.MP3,37825,MP3
SOUND\VOICE\V042\V042_002_02.MP3,24868,MP3
SOUND\VOICE\V042\V042_003_01.MP3,6060,MP3
SOUND\VOICE\V042\V042_004_01.MP3,11911,MP3
SOUND\VOICE\V042\V042_005_01.MP3,7523,MP3
SOUND\VOICE\V042\V042_005_02.MP3,18181,MP3
SOUND\VOICE\V042\V042_005_03.MP3,31346,MP3
SOUND\VOICE\V042\V042_005_04.MP3,21942,MP3
SOUND\VOICE\V042\V042_006_01.MP3,36571,MP3
SOUND\VOICE\V042\V042_007_01.MP3,5224,MP3
SOUND\VOICE\V042\V042_007_02.MP3,6478,MP3
SOUND\VOICE\V042\V042_007_03.MP3,11075,MP3
SOUND\VOICE\V042\V042_007_04.MP3,20062,MP3
SOUND\VOICE\V042\V042_008_01.MP3,33645,MP3
SOUND\VOICE\V042\V042_008_02.MP3,45139,MP3
SOUND\VOICE\V042\V042_009_01.MP3,47229,MP3
SOUND\VOICE\V042\V042_009_02.MP3,17972,MP3
SOUND\VOICE\V042\V042_009_03.MP3,5015,MP3
SOUND\VOICE\V042\V042_009_04.MP3,31764,MP3
SOUND\VOICE\V042\V042_010_01.MP3,15464,MP3
SOUND\VOICE\V042\V042_010_02.MP3,32391,MP3
SOUND\VOICE\V042\V042_011_01.MP3,13792,MP3
SOUND\VOICE\V042\V042_012_01.MP3,5433,MP3
SOUND\VOICE\V042\V042_013_01.MP3,8777,MP3
SOUND\VOICE\V042\V042_014_01.MP3,16300,MP3
SOUND\VOICE\V042\V042_014_02.MP3,25286,MP3
SOUND\VOICE\V042\V042_015_01.MP3,15882,MP3
SOUND\VOICE\V042\V042_015_02.MP3,23823,MP3
SOUND\VOICE\V042\V042_016_01.MP3,4179,MP3
SOUND\VOICE\V042\V042_017_01.MP3,16509,MP3
SOUND\VOICE\V042\V042_018_01.MP3,5433,MP3
SOUND\VOICE\V042\V042_018_02.MP3,26958,MP3
SOUND\VOICE\V042\V042_019_01.MP3,4806,MP3
SOUND\VOICE\V042\V042_020_01.MP3,33018,MP3
SOUND\VOICE\V042\V042_020_02.MP3,20062,MP3
SOUND\VOICE\V042\V042_021_01.MP3,4179,MP3
SOUND\VOICE\V042\V042_021_02.MP3,43676,MP3
SOUND\VOICE\V042\V042_022_01.MP3,7941,MP3
SOUND\VOICE\V042\V042_022_02.MP3,39497,MP3
SOUND\VOICE\V042\V042_022_03.MP3,14210,MP3
SOUND\VOICE\V042\V042_023_01.MP3,29048,MP3
SOUND\VOICE\V042\V042_024_01.MP3,2716,MP3
SOUND\VOICE\V042\V042_025_01.MP3,21106,MP3
SOUND\VOICE\V042\V042_025_02.MP3,36989,MP3
SOUND\VOICE\V042\V042_025_03.MP3,2298,MP3
SOUND\VOICE\V042\V042_026_01.MP3,6478,MP3
SOUND\VOICE\V042\V042_027_01.MP3,4597,MP3
SOUND\VOICE\V042\V042_027_02.MP3,5642,MP3
SOUND\VOICE\V042\V042_027_03.MP3,36153,MP3
SOUND\VOICE\V042\V042_028_01.MP3,5433,MP3
SOUND\VOICE\V042\V042_029_01.MP3,7523,MP3
SOUND\VOICE\V042\V042_029_02.MP3,10031,MP3
SOUND\VOICE\V042\V042_030_01.MP3,5433,MP3
SOUND\VOICE\V042\V042_031_01.MP3,3970,MP3
SOUND\VOICE\V042\V042_032_01.MP3,3552,MP3
SOUND\VOICE\V042\V042_033_01.MP3,4179,MP3
SOUND\VOICE\V042\V042_034_01.MP3,7732,MP3
SOUND\VOICE\V042\V042_035_01.MP3,21524,MP3
SOUND\VOICE\V042\V042_036_01.MP3,28421,MP3
SOUND\VOICE\V042\V042_037_01.MP3,7314,MP3
SOUND\VOICE\V042\V042_038_01.MP3,23823,MP3
SOUND\VOICE\V042\V042_039_01.MP3,11702,MP3
SOUND\VOICE\V042\V042_039_02.MP3,18181,MP3
SOUND\VOICE\V042\V042_040_01.MP3,38661,MP3
SOUND\VOICE\V042\V042_040_02.MP3,23405,MP3
SOUND\VOICE\V042\V042_040_03.MP3,24450,MP3
SOUND\VOICE\V042\V042_041_01.MP3,8359,MP3
SOUND\VOICE\V042\V042_042_01.MP3,3134,MP3
SOUND\VOICE\V045\V045_001_01.MP3,10240,MP3
SOUND\VOICE\V045\V045_002_01.MP3,18808,MP3
SOUND\VOICE\V045\V045_003_01.MP3,20271,MP3
SOUND\VOICE\V045\V045_003_02.MP3,15255,MP3
SOUND\VOICE\V045\V045_004_01.MP3,3552,MP3
SOUND\VOICE\V045\V045_005_01.MP3,19853,MP3
SOUND\VOICE\V045\V045_005_02.MP3,12747,MP3
SOUND\VOICE\V045\V045_006_01.MP3,6269,MP3
SOUND\VOICE\V045\V045_007_01.MP3,16927,MP3
SOUND\VOICE\V045\V045_007_02.MP3,21942,MP3
SOUND\VOICE\V045\V045_007_03.MP3,20897,MP3
SOUND\VOICE\V045\V045_007_04.MP3,22987,MP3
SOUND\VOICE\V045\V045_007_05.MP3,18390,MP3
SOUND\VOICE\V045\V045_008_01.MP3,4806,MP3
SOUND\VOICE\V045\V045_009_01.MP3,32391,MP3
SOUND\VOICE\V045\V045_010_01.MP3,32809,MP3
SOUND\VOICE\V045\V045_011_01.MP3,5015,MP3
SOUND\VOICE\V045\V045_012_01.MP3,4597,MP3
SOUND\VOICE\V045\V045_012_02.MP3,9613,MP3
SOUND\VOICE\V045\V045_013_01.MP3,5851,MP3
SOUND\VOICE\V045\V045_014_01.MP3,18599,MP3
SOUND\VOICE\V045\V045_015_01.MP3,9195,MP3
SOUND\VOICE\V045\V045_016_01.MP3,18599,MP3
SOUND\VOICE\V045\V045_016_02.MP3,14837,MP3
SOUND\VOICE\V045\V045_017_01.MP3,3552,MP3
SOUND\VOICE\V045\V045_017_02.MP3,13792,MP3
SOUND\VOICE\V045\V045_017_03.MP3,22778,MP3
SOUND\VOICE\V045\V045_017_04.MP3,40124,MP3
SOUND\VOICE\V045\V045_018_01.MP3,12956,MP3
SOUND\VOICE\V045\V045_018_02.MP3,8150,MP3
SOUND\VOICE\V045\V045_018_03.MP3,30928,MP3
SOUND\VOICE\V045\V045_019_01.MP3,4388,MP3
SOUND\VOICE\V045\V045_019_02.MP3,14210,MP3
SOUND\VOICE\V045\V045_020_01.MP3,23614,MP3
SOUND\VOICE\V045\V045_021_01.MP3,31973,MP3
SOUND\VOICE\V045\V045_022_01.MP3,6060,MP3
SOUND\VOICE\V045\V045_023_01.MP3,2716,MP3
SOUND\VOICE\V045\V045_024_01.MP3,5642,MP3
SOUND\VOICE\V046\V046_001_01.MP3,7314,MP3
SOUND\VOICE\V046\V046_001_02.MP3,25077,MP3
SOUND\VOICE\V046\V046_001_03.MP3,31555,MP3
SOUND\VOICE\V046\V046_001_04.MP3,36362,MP3
SOUND\VOICE\V046\V046_002_01.MP3,59559,MP3
SOUND\VOICE\V046\V046_002_02.MP3,58514,MP3
SOUND\VOICE\V046\V046_002_03.MP3,34899,MP3
SOUND\VOICE\V046\V046_002_04.MP3,13374,MP3
SOUND\VOICE\V046\V046_002_05.MP3,63320,MP3
SOUND\VOICE\V046\V046_002_06.MP3,23823,MP3
SOUND\VOICE\V046\V046_002_07.MP3,29466,MP3
SOUND\VOICE\V046\V046_002_08.MP3,55797,MP3
SOUND\VOICE\V046\V046_003_01.MP3,33854,MP3
SOUND\VOICE\V046\V046_003_02.MP3,11911,MP3
SOUND\VOICE\V046\V046_004_01.MP3,47229,MP3
SOUND\VOICE\V046\V046_004_02.MP3,44094,MP3
SOUND\VOICE\V046\V046_004_03.MP3,57469,MP3
SOUND\VOICE\V046\V046_004_04.MP3,32809,MP3
SOUND\VOICE\V046\V046_005_01.MP3,45557,MP3
SOUND\VOICE\V046\V046_005_02.MP3,37825,MP3
SOUND\VOICE\V046\V046_005_03.MP3,82128,MP3
SOUND\VOICE\V046\V046_005_04.MP3,36989,MP3
SOUND\VOICE\V046\V046_006_01.MP3,4179,MP3
SOUND\VOICE\V046\V046_006_02.MP3,42004,MP3
SOUND\VOICE\V046\V046_006_03.MP3,24241,MP3
SOUND\VOICE\V046\V046_006_04.MP3,18181,MP3
SOUND\VOICE\V047\V047_001_01.MP3,6687,MP3
SOUND\VOICE\V047\V047_001_02.MP3,33227,MP3
SOUND\VOICE\V047\V047_002_01.MP3,44930,MP3
SOUND\VOICE\V047\V047_002_02.MP3,21524,MP3
SOUND\VOICE\V047\V047_003_01.MP3,34899,MP3
SOUND\VOICE\V047\V047_004_01.MP3,8568,MP3
SOUND\VOICE\V047\V047_005_01.MP3,33854,MP3
SOUND\VOICE\V047\V047_005_02.MP3,8150,MP3
SOUND\VOICE\V047\V047_006_01.MP3,43885,MP3
SOUND\VOICE\V047\V047_006_02.MP3,35526,MP3
SOUND\VOICE\V047\V047_007_01.MP3,28212,MP3
SOUND\VOICE\V047\V047_008_01.MP3,3134,MP3
SOUND\VOICE\V049\V049_001_01.MP3,19017,MP3
SOUND\VOICE\V049\V049_001_02.MP3,18390,MP3
SOUND\VOICE\V049\V049_002_01.MP3,25077,MP3
SOUND\VOICE\V049\V049_002_02.MP3,26958,MP3
SOUND\VOICE\V049\V049_002_03.MP3,19853,MP3
SOUND\VOICE\V049\V049_002_04.MP3,22360,MP3
SOUND\VOICE\V049\V049_003_01.MP3,41586,MP3
SOUND\VOICE\V049\V049_003_02.MP3,24032,MP3
SOUND\VOICE\V049\V049_004_01.MP3,28421,MP3
SOUND\VOICE\V049\V049_004_02.MP3,27794,MP3
SOUND\VOICE\V049\V049_005_01.MP3,9195,MP3
SOUND\VOICE\V049\V049_006_01.MP3,40124,MP3
SOUND\VOICE\V049\V049_007_01.MP3,11702,MP3
SOUND\VOICE\V049\V049_007_02.MP3,47438,MP3
SOUND\VOICE\V049\V049_008_01.MP3,34063,MP3
SOUND\VOICE\V049\V049_009_01.MP3,47438,MP3
SOUND\VOICE\V049\V049_010_01.MP3,5015,MP3
SOUND\VOICE\V049\V049_011_01.MP3,19226,MP3
SOUND\VOICE\V049\V049_012_01.MP3,16509,MP3
SOUND\VOICE\V049\V049_012_02.MP3,32391,MP3
SOUND\VOICE\V049\V049_012_03.MP3,39497,MP3
SOUND\VOICE\V049\V049_012_04.MP3,23614,MP3
SOUND\VOICE\V049\V049_012_05.MP3,6687,MP3
SOUND\VOICE\V049\V049_012_06.MP3,32809,MP3
SOUND\VOICE\V049\V049_013_01.MP3,27794,MP3
SOUND\VOICE\V049\V049_014_01.MP3,58096,MP3
SOUND\VOICE\V049\V049_014_02.MP3,34272,MP3
SOUND\VOICE\V049\V049_014_03.MP3,40542,MP3
SOUND\VOICE\V049\V049_015_01.MP3,38452,MP3
SOUND\VOICE\V049\V049_016_01.MP3,26331,MP3
SOUND\VOICE\V049\V049_017_01.MP3,41586,MP3
SOUND\VOICE\V049\V049_018_01.MP3,11702,MP3
SOUND\VOICE\V049\V049_019_01.MP3,8150,MP3
SOUND\VOICE\V049\V049_020_01.MP3,8568,MP3
SOUND\VOICE\V049\V049_020_02.MP3,38243,MP3
SOUND\VOICE\V049\V049_020_03.MP3,34063,MP3
SOUND\VOICE\V049\V049_020_04.MP3,35735,MP3
SOUND\VOICE\V049\V049_021_01.MP3,8777,MP3
SOUND\VOICE\V049\V049_021_02.MP3,43049,MP3
SOUND\VOICE\V049\V049_021_03.MP3,26958,MP3
SOUND\VOICE\V049\V049_021_04.MP3,42213,MP3
SOUND\VOICE\V049\V049_022_01.MP3,27585,MP3
SOUND\VOICE\V049\V049_023_01.MP3,3970,MP3
SOUND\VOICE\V049\V049_023_02.MP3,18390,MP3
SOUND\VOICE\V049\V049_024_01.MP3,20062,MP3
SOUND\VOICE\V049\V049_024_02.MP3,33436,MP3
SOUND\VOICE\V049\V049_025_01.MP3,17554,MP3
SOUND\VOICE\V049\V049_026_01.MP3,11075,MP3
SOUND\VOICE\V049\V049_026_02.MP3,11284,MP3
SOUND\VOICE\V049\V049_027_01.MP3,26958,MP3
SOUND\VOICE\V049\V049_028_01.MP3,22987,MP3
SOUND\VOICE\V049\V049_029_01.MP3,4806,MP3
SOUND\VOICE\V049\V049_030_01.MP3,10866,MP3
SOUND\VOICE\V049\V049_030_02.MP3,15046,MP3
SOUND\VOICE\V049\V049_031_01.MP3,12120,MP3
SOUND\VOICE\V049\V049_031_02.MP3,29884,MP3
SOUND\VOICE\V049\V049_031_03.MP3,16509,MP3
SOUND\VOICE\V049\V049_032_01.MP3,54961,MP3
SOUND\VOICE\V049\V049_032_02.MP3,41168,MP3
SOUND\VOICE\V049\V049_032_03.MP3,71680,MP3
SOUND\VOICE\V049\V049_032_04.MP3,36362,MP3
SOUND\VOICE\V049\V049_033_01.MP3,48483,MP3
SOUND\VOICE\V049\V049_033_02.MP3,45766,MP3
SOUND\VOICE\V049\V049_034_01.MP3,23405,MP3
SOUND\VOICE\V049\V049_035_01.MP3,17345,MP3
SOUND\VOICE\V049\V049_035_02.MP3,35735,MP3
SOUND\VOICE\V049\V049_036_01.MP3,23196,MP3
SOUND\VOICE\V049\V049_036_02.MP3,17554,MP3
SOUND\VOICE\V049\V049_036_03.MP3,27794,MP3
SOUND\VOICE\V049\V049_037_01.MP3,12747,MP3
SOUND\VOICE\V049\V049_037_02.MP3,22360,MP3
SOUND\VOICE\V049\V049_038_01.MP3,3343,MP3
SOUND\VOICE\V049\V049_039_01.MP3,16300,MP3
SOUND\VOICE\V049\V049_039_02.MP3,44930,MP3
SOUND\VOICE\V049\V049_040_01.MP3,36989,MP3
SOUND\VOICE\V049\V049_040_02.MP3,52871,MP3
SOUND\VOICE\V049\V049_041_01.MP3,29048,MP3
SOUND\VOICE\V049\V049_041_02.MP3,47647,MP3
SOUND\VOICE\V049\V049_041_03.MP3,24032,MP3
SOUND\VOICE\V049\V049_042_01.MP3,7941,MP3
SOUND\VOICE\V049\V049_042_02.MP3,35735,MP3
SOUND\VOICE\V049\V049_042_03.MP3,45975,MP3
SOUND\VOICE\V049\V049_042_04.MP3,45766,MP3
SOUND\VOICE\V049\V049_042_05.MP3,21315,MP3
SOUND\VOICE\V049\V049_042_06.MP3,14210,MP3
SOUND\VOICE\V049\V049_043_01.MP3,48901,MP3
SOUND\VOICE\V049\V049_043_02.MP3,18181,MP3
SOUND\VOICE\V049\V049_043_03.MP3,82546,MP3
SOUND\VOICE\V049\V049_044_01.MP3,10657,MP3
SOUND\VOICE\V049\V049_045_01.MP3,16300,MP3
SOUND\VOICE\V049\V049_045_02.MP3,19435,MP3
SOUND\VOICE\V049\V049_046_01.MP3,33854,MP3
SOUND\VOICE\V049\V049_047_01.MP3,47856,MP3
SOUND\VOICE\V049\V049_047_02.MP3,45348,MP3
SOUND\VOICE\V049\V049_048_01.MP3,6687,MP3
SOUND\VOICE\V049\V049_049_01.MP3,10866,MP3
SOUND\VOICE\V049\V049_049_02.MP3,36153,MP3
SOUND\VOICE\V049\V049_050_01.MP3,36153,MP3
SOUND\VOICE\V049\V049_050_02.MP3,44094,MP3
SOUND\VOICE\V049\V049_050_03.MP3,7105,MP3
SOUND\VOICE\V049\V049_050_04.MP3,38243,MP3
SOUND\VOICE\V049\V049_051_01.MP3,10448,MP3
SOUND\VOICE\V049\V049_052_01.MP3,4806,MP3
SOUND\VOICE\V049\V049_053_01.MP3,4179,MP3
SOUND\VOICE\V050\V050_001_01.MP3,5224,MP3
SOUND\VOICE\V050\V050_002_01.MP3,5851,MP3
SOUND\VOICE\V050\V050_003_01.MP3,24868,MP3
SOUND\VOICE\V050\V050_003_02.MP3,30511,MP3
SOUND\VOICE\V050\V050_004_01.MP3,10448,MP3
SOUND\VOICE\V050\V050_004_02.MP3,29884,MP3
SOUND\VOICE\V050\V050_004_03.MP3,19644,MP3
SOUND\VOICE\V050\V050_005_01.MP3,6060,MP3
SOUND\VOICE\V050\V050_006_01.MP3,2716,MP3
SOUND\VOICE\V050\V050_006_02.MP3,19017,MP3
SOUND\VOICE\V050\V050_006_03.MP3,43676,MP3
SOUND\VOICE\V050\V050_006_04.MP3,10657,MP3
SOUND\VOICE\V050\V050_007_01.MP3,5851,MP3
SOUND\VOICE\V050\V050_008_01.MP3,28839,MP3
SOUND\VOICE\V050\V050_008_02.MP3,15673,MP3
SOUND\VOICE\V050\V050_008_03.MP3,13583,MP3
SOUND\VOICE\V050\V050_009_01.MP3,31137,MP3
SOUND\VOICE\V050\V050_009_02.MP3,24659,MP3
SOUND\VOICE\V050\V050_009_03.MP3,42422,MP3
SOUND\VOICE\V050\V050_009_04.MP3,16509,MP3
SOUND\VOICE\V050\V050_009_05.MP3,20271,MP3
SOUND\VOICE\V050\V050_009_06.MP3,12538,MP3
SOUND\VOICE\V050\V050_010_01.MP3,11911,MP3
SOUND\VOICE\V050\V050_010_02.MP3,24032,MP3
SOUND\VOICE\V050\V050_010_03.MP3,29048,MP3
SOUND\VOICE\V050\V050_011_01.MP3,7732,MP3
SOUND\VOICE\V050\V050_011_02.MP3,45975,MP3
SOUND\VOICE\V050\V050_011_03.MP3,19226,MP3
SOUND\VOICE\V050\V050_012_01.MP3,7105,MP3
SOUND\VOICE\V050\V050_012_02.MP3,44094,MP3
SOUND\VOICE\V050\V050_013_01.MP3,6060,MP3
SOUND\VOICE\V050\V050_014_01.MP3,28421,MP3
SOUND\VOICE\V050\V050_014_02.MP3,17763,MP3
SOUND\VOICE\V050\V050_014_03.MP3,47229,MP3
SOUND\VOICE\V050\V050_015_01.MP3,6896,MP3
SOUND\VOICE\V050\V050_016_01.MP3,16509,MP3
SOUND\VOICE\V050\V050_016_02.MP3,36571,MP3
SOUND\VOICE\V050\V050_016_03.MP3,30928,MP3
SOUND\VOICE\V050\V050_016_04.MP3,19226,MP3
SOUND\VOICE\V050\V050_017_01.MP3,13374,MP3
SOUND\VOICE\V050\V050_017_02.MP3,23823,MP3
SOUND\VOICE\V050\V050_017_03.MP3,21733,MP3
SOUND\VOICE\V050\V050_017_04.MP3,37825,MP3
SOUND\VOICE\V050\V050_018_01.MP3,45139,MP3
SOUND\VOICE\V050\V050_018_02.MP3,26958,MP3
SOUND\VOICE\V050\V050_019_01.MP3,10866,MP3
SOUND\VOICE\V050\V050_020_01.MP3,12747,MP3
SOUND\VOICE\V050\V050_021_01.MP3,5851,MP3
SOUND\VOICE\V050\V050_022_01.MP3,46602,MP3
SOUND\VOICE\V050\V050_022_02.MP3,21524,MP3
SOUND\VOICE\V050\V050_022_03.MP3,28003,MP3
SOUND\VOICE\V050\V050_023_01.MP3,34063,MP3
SOUND\VOICE\V050\V050_024_01.MP3,12747,MP3
SOUND\VOICE\V050\V050_024_02.MP3,42422,MP3
SOUND\VOICE\V050\V050_025_01.MP3,25913,MP3
SOUND\VOICE\V050\V050_025_02.MP3,12329,MP3
SOUND\VOICE\V050\V050_025_03.MP3,15046,MP3
SOUND\VOICE\V050\V050_025_04.MP3,15673,MP3
SOUND\VOICE\V050\V050_025_05.MP3,30720,MP3
SOUND\VOICE\V050\V050_026_01.MP3,30511,MP3
SOUND\VOICE\V050\V050_026_02.MP3,24450,MP3
SOUND\VOICE\V050\V050_026_03.MP3,39079,MP3
SOUND\VOICE\V050\V050_026_04.MP3,8568,MP3
SOUND\VOICE\V050\V050_027_01.MP3,42004,MP3
SOUND\VOICE\V050\V050_027_02.MP3,20271,MP3
SOUND\VOICE\V050\V050_027_03.MP3,7941,MP3
SOUND\VOICE\V050\V050_028_01.MP3,2716,MP3
SOUND\VOICE\V050\V050_029_01.MP3,23614,MP3
SOUND\VOICE\V050\V050_029_02.MP3,23196,MP3
SOUND\VOICE\V050\V050_030_01.MP3,12329,MP3
SOUND\VOICE\V050\V050_030_02.MP3,8986,MP3
SOUND\VOICE\V050\V050_031_01.MP3,5433,MP3
SOUND\VOICE\V050\V050_032_01.MP3,3134,MP3
SOUND\VOICE\V050\V050_033_01.MP3,20897,MP3
SOUND\VOICE\V050\V050_033_02.MP3,19853,MP3
SOUND\VOICE\V050\V050_034_01.MP3,21315,MP3
SOUND\VOICE\V050\V050_035_01.MP3,6478,MP3
SOUND\VOICE\V050\V050_036_01.MP3,25077,MP3
SOUND\VOICE\V050\V050_037_01.MP3,3552,MP3
SOUND\VOICE\V051\V051_001_01.MP3,7314,MP3
SOUND\VOICE\V051\V051_002_01.MP3,5642,MP3
SOUND\VOICE\V051\V051_002_02.MP3,19017,MP3
SOUND\VOICE\V051\V051_003_01.MP3,7314,MP3
SOUND\VOICE\V051\V051_004_01.MP3,12538,MP3
SOUND\VOICE\V051\V051_004_02.MP3,22987,MP3
SOUND\VOICE\V051\V051_004_03.MP3,16300,MP3
SOUND\VOICE\V051\V051_005_01.MP3,16927,MP3
SOUND\VOICE\V051\V051_005_02.MP3,31555,MP3
SOUND\VOICE\V051\V051_006_01.MP3,5433,MP3
SOUND\VOICE\V051\V051_007_01.MP3,15255,MP3
SOUND\VOICE\V051\V051_007_02.MP3,27376,MP3
SOUND\VOICE\V051\V051_008_01.MP3,7523,MP3
SOUND\VOICE\V051\V051_008_02.MP3,42840,MP3
SOUND\VOICE\V051\V051_008_03.MP3,29884,MP3
SOUND\VOICE\V051\V051_009_01.MP3,33854,MP3
SOUND\VOICE\V051\V051_010_01.MP3,35944,MP3
SOUND\VOICE\V051\V051_010_02.MP3,30720,MP3
SOUND\VOICE\V051\V051_010_03.MP3,39706,MP3
SOUND\VOICE\V051\V051_010_04.MP3,32391,MP3
SOUND\VOICE\V051\V051_011_01.MP3,5015,MP3
SOUND\VOICE\V051\V051_012_01.MP3,24868,MP3
SOUND\VOICE\V051\V051_012_02.MP3,13165,MP3
SOUND\VOICE\V051\V051_012_03.MP3,31555,MP3
SOUND\VOICE\V051\V051_013_01.MP3,7523,MP3
SOUND\VOICE\V051\V051_014_01.MP3,27376,MP3
SOUND\VOICE\V051\V051_014_02.MP3,42004,MP3
SOUND\VOICE\V051\V051_015_01.MP3,13374,MP3
SOUND\VOICE\V051\V051_015_02.MP3,6687,MP3
SOUND\VOICE\V051\V051_016_01.MP3,2716,MP3
SOUND\VOICE\V051\V051_017_01.MP3,5433,MP3
SOUND\VOICE\V051\V051_018_01.MP3,2298,MP3
SOUND\VOICE\V051\V051_019_01.MP3,23196,MP3
SOUND\VOICE\V051\V051_019_02.MP3,10866,MP3
SOUND\VOICE\V051\V051_020_01.MP3,25286,MP3
SOUND\VOICE\V051\V051_020_02.MP3,26540,MP3
SOUND\VOICE\V051\V051_021_01.MP3,7314,MP3
SOUND\VOICE\V051\V051_022_01.MP3,17763,MP3
SOUND\VOICE\V051\V051_022_02.MP3,35317,MP3
SOUND\VOICE\V051\V051_023_01.MP3,11493,MP3
SOUND\VOICE\V051\V051_023_02.MP3,16091,MP3
SOUND\VOICE\V051\V051_024_01.MP3,8986,MP3
SOUND\VOICE\V051\V051_024_02.MP3,25286,MP3
SOUND\VOICE\V051\V051_024_03.MP3,31764,MP3
SOUND\VOICE\V051\V051_025_01.MP3,8359,MP3
SOUND\VOICE\V051\V051_026_01.MP3,9195,MP3
SOUND\VOICE\V051\V051_026_02.MP3,22151,MP3
SOUND\VOICE\V051\V051_027_01.MP3,4179,MP3
SOUND\VOICE\V052\V052_001_01.MP3,25495,MP3
SOUND\VOICE\V052\V052_002_01.MP3,12329,MP3
SOUND\VOICE\V052\V052_003_01.MP3,21733,MP3
SOUND\VOICE\V052\V052_003_02.MP3,28421,MP3
SOUND\VOICE\V052\V052_004_01.MP3,28839,MP3
SOUND\VOICE\V052\V052_005_01.MP3,34481,MP3
SOUND\VOICE\V052\V052_006_01.MP3,10240,MP3
SOUND\VOICE\V052\V052_006_02.MP3,14837,MP3
SOUND\VOICE\V052\V052_006_03.MP3,31137,MP3
SOUND\VOICE\V052\V052_006_04.MP3,20271,MP3
SOUND\VOICE\V052\V052_007_01.MP3,27376,MP3
SOUND\VOICE\V052\V052_008_01.MP3,10240,MP3
SOUND\VOICE\V052\V052_009_01A.MP3,6269,MP3
SOUND\VOICE\V052\V052_009_01B.MP3,6687,MP3
SOUND\VOICE\V052\V052_009_01C.MP3,6269,MP3
SOUND\VOICE\V052\V052_009_02A.MP3,19226,MP3
SOUND\VOICE\V052\V052_009_02B.MP3,19017,MP3
SOUND\VOICE\V052\V052_009_02C.MP3,19644,MP3
SOUND\VOICE\V052\V052_010_01.MP3,4179,MP3
SOUND\VOICE\V052\V052_010_02.MP3,18390,MP3
SOUND\VOICE\V052\V052_010_03.MP3,11911,MP3
SOUND\VOICE\V052\V052_011_01.MP3,26122,MP3
SOUND\VOICE\V052\V052_012_01.MP3,9404,MP3
SOUND\VOICE\V053\V053_001_01.MP3,26749,MP3
SOUND\VOICE\V053\V053_002_01.MP3,6060,MP3
SOUND\VOICE\V053\V053_003_01.MP3,27167,MP3
SOUND\VOICE\V053\V053_003_02.MP3,27376,MP3
SOUND\VOICE\V053\V053_003_03.MP3,27376,MP3
SOUND\VOICE\V053\V053_003_04.MP3,42213,MP3
SOUND\VOICE\V053\V053_004_01.MP3,71471,MP3
SOUND\VOICE\V053\V053_004_02.MP3,68127,MP3
SOUND\VOICE\V053\V053_004_03.MP3,34272,MP3
SOUND\VOICE\V053\V053_004_04.MP3,16300,MP3
SOUND\VOICE\V053\V053_004_05.MP3,28212,MP3
SOUND\VOICE\V053\V053_004_06.MP3,6896,MP3
SOUND\VOICE\V053\V053_004_07.MP3,16718,MP3
SOUND\VOICE\V053\V053_004_08.MP3,31137,MP3
SOUND\VOICE\V055\V055_001_01.MP3,11075,MP3
SOUND\VOICE\V055\V055_001_02.MP3,71053,MP3
SOUND\VOICE\V055\V055_001_03.MP3,18599,MP3
SOUND\VOICE\V055\V055_001_04.MP3,12538,MP3
SOUND\VOICE\V055\V055_001_05.MP3,16509,MP3
SOUND\VOICE\V055\V055_001_06.MP3,10240,MP3
SOUND\VOICE\V055\V055_002_01.MP3,41377,MP3
SOUND\VOICE\V055\V055_002_02.MP3,56424,MP3
SOUND\VOICE\V055\V055_003_01.MP3,6269,MP3
SOUND\VOICE\V055\V055_003_02.MP3,26749,MP3
SOUND\VOICE\V055\V055_003_03.MP3,51826,MP3
SOUND\VOICE\V055\V055_004_01.MP3,3343,MP3
SOUND\VOICE\V055\V055_005_01.MP3,10657,MP3
SOUND\VOICE\V055\V055_005_02.MP3,43049,MP3
SOUND\VOICE\V055\V055_006_01.MP3,6687,MP3
SOUND\VOICE\V055\V055_007_01.MP3,10031,MP3
SOUND\VOICE\V055\V055_007_02.MP3,36362,MP3
SOUND\VOICE\V055\V055_007_03.MP3,8150,MP3
SOUND\VOICE\V055\V055_008_01.MP3,8986,MP3
SOUND\VOICE\V055\V055_008_02.MP3,24868,MP3
SOUND\VOICE\V055\V055_009_01.MP3,16091,MP3
SOUND\VOICE\V055\V055_009_02.MP3,24450,MP3
SOUND\VOICE\V055\V055_009_03.MP3,20062,MP3
SOUND\VOICE\V055\V055_010_01.MP3,12120,MP3
SOUND\VOICE\V055\V055_011_01.MP3,9822,MP3
SOUND\VOICE\V055\V055_011_02.MP3,22569,MP3
SOUND\VOICE\V055\V055_012_01.MP3,28630,MP3
SOUND\VOICE\V055\V055_013_01.MP3,20480,MP3
SOUND\VOICE\V055\V055_014_01.MP3,30720,MP3
SOUND\VOICE\V055\V055_014_02.MP3,10448,MP3
SOUND\VOICE\V055\V055_015_01.MP3,3761,MP3
SOUND\VOICE\V055\V055_015_02.MP3,5851,MP3
SOUND\VOICE\V055\V055_016_01.MP3,8986,MP3
SOUND\VOICE\V055\V055_016_02.MP3,8568,MP3
SOUND\VOICE\V055\V055_016_03.MP3,14628,MP3
SOUND\VOICE\V055\V055_017_01.MP3,21106,MP3
SOUND\VOICE\V056\V056_001_01.MP3,7732,MP3
SOUND\VOICE\V056\V056_002_01.MP3,12747,MP3
SOUND\VOICE\V056\V056_003_01.MP3,36571,MP3
SOUND\VOICE\V056\V056_003_02.MP3,13165,MP3
SOUND\VOICE\V056\V056_003_03.MP3,16927,MP3
SOUND\VOICE\V056\V056_003_04.MP3,27794,MP3
SOUND\VOICE\V056\V056_003_05.MP3,14419,MP3
SOUND\VOICE\V056\V056_003_06.MP3,9822,MP3
SOUND\VOICE\V056\V056_003_07.MP3,14628,MP3
SOUND\VOICE\V056\V056_003_08.MP3,17554,MP3
SOUND\VOICE\V056\V056_004_01.MP3,17763,MP3
SOUND\VOICE\V056\V056_004_02.MP3,18599,MP3
SOUND\VOICE\V056\V056_005_01.MP3,20480,MP3
SOUND\VOICE\V056\V056_005_02.MP3,21106,MP3
SOUND\VOICE\V056\V056_005_03.MP3,22778,MP3
SOUND\VOICE\V056\V056_006_01.MP3,6478,MP3
SOUND\VOICE\V056\V056_006_02.MP3,11075,MP3
SOUND\VOICE\V056\V056_007_01.MP3,7523,MP3
SOUND\VOICE\V056\V056_007_02.MP3,36362,MP3
SOUND\VOICE\V056\V056_007_03.MP3,31764,MP3
SOUND\VOICE\V056\V056_007_04.MP3,31137,MP3
SOUND\VOICE\V056\V056_007_05.MP3,64783,MP3
SOUND\VOICE\V056\V056_008_01.MP3,13583,MP3
SOUND\VOICE\V056\V056_008_02.MP3,34063,MP3
SOUND\VOICE\V056\V056_009_01.MP3,27585,MP3
SOUND\VOICE\V056\V056_009_02.MP3,29884,MP3
SOUND\VOICE\V056\V056_009_03.MP3,6478,MP3
SOUND\VOICE\V056\V056_010_01.MP3,12538,MP3
SOUND\VOICE\V056\V056_010_02.MP3,15882,MP3
SOUND\VOICE\V056\V056_010_03.MP3,28003,MP3
SOUND\VOICE\V056\V056_010_04.MP3,12956,MP3
SOUND\VOICE\V056\V056_011_01.MP3,24450,MP3
SOUND\VOICE\V056\V056_012_01.MP3,11493,MP3
SOUND\VOICE\V056\V056_013_01.MP3,11075,MP3
SOUND\VOICE\V056\V056_013_02.MP3,29466,MP3
SOUND\VOICE\V056\V056_013_03.MP3,7314,MP3
SOUND\VOICE\V056\V056_014_01.MP3,3343,MP3
SOUND\VOICE\V056\V056_015_01.MP3,6269,MP3
SOUND\VOICE\V056\V056_016_01.MP3,22151,MP3
SOUND\VOICE\V056\V056_017_01.MP3,20688,MP3
SOUND\VOICE\V056\V056_017_02.MP3,14628,MP3
SOUND\VOICE\V056\V056_017_03.MP3,21106,MP3
SOUND\VOICE\V056\V056_018_01.MP3,2925,MP3
SOUND\VOICE\V056\V056_019_01.MP3,10866,MP3
SOUND\VOICE\V058\V058_001_01.MP3,9822,MP3
SOUND\VOICE\V058\V058_002_01.MP3,10866,MP3
SOUND\VOICE\V058\V058_002_02.MP3,30302,MP3
SOUND\VOICE\V058\V058_003_01.MP3,8150,MP3
SOUND\VOICE\V058\V058_003_02.MP3,16091,MP3
SOUND\VOICE\V058\V058_004_01.MP3,45766,MP3
SOUND\VOICE\V058\V058_004_02.MP3,37616,MP3
SOUND\VOICE\V058\V058_004_03.MP3,31973,MP3
SOUND\VOICE\V058\V058_005_01.MP3,25286,MP3
SOUND\VOICE\V058\V058_005_02.MP3,32182,MP3
SOUND\VOICE\V058\V058_005_03.MP3,31555,MP3
SOUND\VOICE\V058\V058_005_04.MP3,26540,MP3
SOUND\VOICE\V058\V058_005_05.MP3,7941,MP3
SOUND\VOICE\V058\V058_005_06.MP3,13374,MP3
SOUND\VOICE\V058\V058_005_07.MP3,13792,MP3
SOUND\VOICE\V058\V058_005_08.MP3,21733,MP3
SOUND\VOICE\V058\V058_006_01.MP3,20271,MP3
SOUND\VOICE\V058\V058_006_02.MP3,20897,MP3
SOUND\VOICE\V058\V058_006_03.MP3,33645,MP3
SOUND\VOICE\V058\V058_006_04.MP3,30511,MP3
SOUND\VOICE\V058\V058_007_01.MP3,22569,MP3
SOUND\VOICE\V058\V058_007_02.MP3,12538,MP3
SOUND\VOICE\V058\V058_007_03.MP3,26122,MP3
SOUND\VOICE\V058\V058_007_04.MP3,13374,MP3
SOUND\VOICE\V058\V058_008_01.MP3,28003,MP3
SOUND\VOICE\V058\V058_009_01.MP3,16509,MP3
SOUND\VOICE\V058\V058_009_02.MP3,8777,MP3
SOUND\VOICE\V058\V058_010_01.MP3,4179,MP3
SOUND\VOICE\V058\V058_010_02.MP3,8777,MP3
SOUND\VOICE\V058\V058_010_03.MP3,20271,MP3
SOUND\VOICE\V058\V058_010_04.MP3,10240,MP3
SOUND\VOICE\V058\V058_011_01.MP3,15882,MP3
SOUND\VOICE\V058\V058_011_02.MP3,20480,MP3
SOUND\VOICE\V058\V058_011_03.MP3,24659,MP3
SOUND\VOICE\V058\V058_011_04.MP3,38452,MP3
SOUND\VOICE\V058\V058_011_05.MP3,25077,MP3
SOUND\VOICE\V058\V058_012_01.MP3,30093,MP3
SOUND\VOICE\V058\V058_013_01.MP3,13792,MP3
SOUND\VOICE\V058\V058_013_02.MP3,31346,MP3
SOUND\VOICE\V058\V058_013_03.MP3,31764,MP3
SOUND\VOICE\V058\V058_014_01.MP3,6060,MP3
SOUND\VOICE\V058\V058_014_02.MP3,29675,MP3
SOUND\VOICE\V058\V058_014_03.MP3,41377,MP3
SOUND\VOICE\V058\V058_014_04.MP3,8986,MP3
SOUND\VOICE\V058\V058_014_05.MP3,47020,MP3
SOUND\VOICE\V058\V058_015_01.MP3,27167,MP3
SOUND\VOICE\V058\V058_016_01.MP3,15882,MP3
SOUND\VOICE\V058\V058_016_02.MP3,24450,MP3
SOUND\VOICE\V058\V058_017_01.MP3,15046,MP3
SOUND\VOICE\V058\V058_017_02.MP3,27585,MP3
SOUND\VOICE\V058\V058_018_01.MP3,47229,MP3
SOUND\VOICE\V058\V058_018_02.MP3,44512,MP3
SOUND\VOICE\V058\V058_018_03.MP3,33645,MP3
SOUND\VOICE\V058\V058_018_04.MP3,39079,MP3
SOUND\VOICE\V058\V058_019_01.MP3,14001,MP3
SOUND\VOICE\V058\V058_020_01.MP3,9613,MP3
SOUND\VOICE\V058\V058_020_02.MP3,6687,MP3
SOUND\VOICE\V058\V058_020_03.MP3,19644,MP3
SOUND\VOICE\V058\V058_021_01.MP3,45557,MP3
SOUND\VOICE\V058\V058_021_02.MP3,30302,MP3
SOUND\VOICE\V058\V058_021_03.MP3,22987,MP3
SOUND\VOICE\V058\V058_021_04.MP3,20688,MP3
SOUND\VOICE\V058\V058_021_05.MP3,18599,MP3
SOUND\VOICE\V058\V058_022_01.MP3,56215,MP3
SOUND\VOICE\V058\V058_023_01.MP3,18390,MP3
SOUND\VOICE\V058\V058_023_02.MP3,56424,MP3
SOUND\VOICE\V058\V058_024_01.MP3,24659,MP3
SOUND\VOICE\V058\V058_025_01.MP3,34899,MP3
SOUND\VOICE\V058\V058_025_02.MP3,9195,MP3
SOUND\VOICE\V058\V058_025_03.MP3,7941,MP3
SOUND\VOICE\V058\V058_026_01.MP3,10448,MP3
SOUND\VOICE\V058\V058_026_02.MP3,14628,MP3
SOUND\VOICE\V058\V058_027_01.MP3,10031,MP3
SOUND\VOICE\V058\V058_028_01.MP3,22778,MP3
SOUND\VOICE\V058\V058_029_01.MP3,21733,MP3
SOUND\VOICE\V058\V058_029_02.MP3,25495,MP3
SOUND\VOICE\V058\V058_030_01.MP3,4388,MP3
SOUND\VOICE\V058\V058_031_01.MP3,19853,MP3
SOUND\VOICE\V058\V058_031_02.MP3,13792,MP3
SOUND\VOICE\V058\V058_032_01.MP3,16091,MP3
SOUND\VOICE\V058\V058_033_01.MP3,2925,MP3
SOUND\VOICE\V058\V058_033_02.MP3,7523,MP3
SOUND\VOICE\V058\V058_033_03.MP3,38034,MP3
SOUND\VOICE\V058\V058_033_04.MP3,15464,MP3
SOUND\VOICE\V058\V058_034_01.MP3,8359,MP3
SOUND\VOICE\V059\V059_001_01.MP3,17972,MP3
SOUND\VOICE\V059\V059_002_02.MP3,11284,MP3
SOUND\VOICE\V059\V059_003_01.MP3,17345,MP3
SOUND\VOICE\V059\V059_003_02.MP3,46602,MP3
SOUND\VOICE\V059\V059_004_01.MP3,35526,MP3
SOUND\VOICE\V059\V059_004_02.MP3,10657,MP3
SOUND\VOICE\V059\V059_004_03.MP3,12538,MP3
SOUND\VOICE\V059\V059_005_01.MP3,26749,MP3
SOUND\VOICE\V059\V059_005_02.MP3,40333,MP3
SOUND\VOICE\V059\V059_005_03.MP3,26122,MP3
SOUND\VOICE\V059\V059_005_04.MP3,41586,MP3
SOUND\VOICE\V059\V059_006_01.MP3,34481,MP3
SOUND\VOICE\V059\V059_006_02.MP3,20271,MP3
SOUND\VOICE\V059\V059_006_03.MP3,33854,MP3
SOUND\VOICE\V059\V059_007_01.MP3,3134,MP3
SOUND\VOICE\V059\V059_008_01.MP3,18390,MP3
SOUND\VOICE\V059\V059_009_01.MP3,24450,MP3
SOUND\VOICE\V059\V059_009_02.MP3,14210,MP3
SOUND\VOICE\V059\V059_010_01.MP3,25704,MP3
SOUND\VOICE\V059\V059_011_01.MP3,29884,MP3
SOUND\VOICE\V059\V059_012_01.MP3,5851,MP3
SOUND\VOICE\V059\V059_013_01.MP3,23196,MP3
SOUND\VOICE\V059\V059_014_01.MP3,7732,MP3
SOUND\VOICE\V059\V059_015_01.MP3,22569,MP3
SOUND\VOICE\V059\V059_016_01.MP3,12538,MP3
SOUND\VOICE\V059\V059_017_01.MP3,39079,MP3
SOUND\VOICE\V059\V059_017_02.MP3,10866,MP3
SOUND\VOICE\V059\V059_017_03.MP3,14837,MP3
SOUND\VOICE\V059\V059_017_04.MP3,26749,MP3
SOUND\VOICE\V059\V059_018_01.MP3,5642,MP3
SOUND\VOICE\V059\V059_018_02.MP3,28003,MP3
SOUND\VOICE\V059\V059_018_03.MP3,21315,MP3
SOUND\VOICE\V059\V059_019_01.MP3,33436,MP3
SOUND\VOICE\V059\V059_019_02.MP3,17345,MP3
SOUND\VOICE\V059\V059_019_03.MP3,50364,MP3
SOUND\VOICE\V059\V059_020_01.MP3,5224,MP3
SOUND\VOICE\V059\V059_021_01.MP3,13792,MP3
SOUND\VOICE\V059\V059_021_02.MP3,18181,MP3
SOUND\VOICE\V059\V059_021_03.MP3,13165,MP3
SOUND\VOICE\V059\V059_022_01.MP3,30511,MP3
SOUND\VOICE\V059\V059_022_02.MP3,20062,MP3
SOUND\VOICE\V059\V059_022_03.MP3,20688,MP3
SOUND\VOICE\V059\V059_022_04.MP3,17345,MP3
SOUND\VOICE\V059\V059_023_01.MP3,11911,MP3
SOUND\VOICE\V059\V059_023_02.MP3,26122,MP3
SOUND\VOICE\V059\V059_023_03.MP3,26540,MP3
SOUND\VOICE\V059\V059_023_04.MP3,25704,MP3
SOUND\VOICE\V059\V059_024_01.MP3,19435,MP3
SOUND\VOICE\V059\V059_025_01.MP3,8150,MP3
SOUND\VOICE\V059\V059_026_01.MP3,5851,MP3
SOUND\VOICE\V059\V059_027_01.MP3,42631,MP3
SOUND\VOICE\V059\V059_028_01.MP3,5433,MP3
SOUND\VOICE\V059\V059_029_01.MP3,15882,MP3
SOUND\VOICE\V059\V059_029_02.MP3,25495,MP3
SOUND\VOICE\V059\V059_029_03.MP3,8568,MP3
SOUND\VOICE\V059\V059_030_01.MP3,11911,MP3
SOUND\VOICE\V059\V059_031_01.MP3,3552,MP3
SOUND\VOICE\V059\V059_032_01.MP3,19435,MP3
SOUND\VOICE\V059\V059_033_01.MP3,3343,MP3
SOUND\VOICE\V059\V059_034_01.MP3,18390,MP3
SOUND\VOICE\V059\V059_035_01.MP3,3134,MP3
SOUND\VOICE\V059\V059_036_01.MP3,39706,MP3
SOUND\VOICE\V059\V059_037_01.MP3,5224,MP3
SOUND\VOICE\V059\V059_037_02.MP3,11702,MP3
SOUND\VOICE\V059\V059_037_03A.MP3,16927,MP3
SOUND\VOICE\V059\V059_037_03B.MP3,14210,MP3
SOUND\VOICE\V059\V059_038_01.MP3,8986,MP3
SOUND\VOICE\V060\V060_001_01.MP3,13165,MP3
SOUND\VOICE\V060\V060_001_02.MP3,26540,MP3
SOUND\VOICE\V060\V060_002_01.MP3,32391,MP3
SOUND\VOICE\V060\V060_003_01.MP3,23405,MP3
SOUND\VOICE\V060\V060_003_02.MP3,11284,MP3
SOUND\VOICE\V060\V060_004_01.MP3,14419,MP3
SOUND\VOICE\V060\V060_005_01.MP3,44930,MP3
SOUND\VOICE\V060\V060_006_01.MP3,5433,MP3
SOUND\VOICE\V060\V060_006_02.MP3,7314,MP3
SOUND\VOICE\V060\V060_008_01.MP3,22778,MP3
SOUND\VOICE\V060\V060_009_01.MP3,4179,MP3
SOUND\VOICE\V060\V060_010_01.MP3,21106,MP3
SOUND\VOICE\V060\V060_011_01.MP3,23614,MP3
SOUND\VOICE\V060\V060_012_01.MP3,11911,MP3
SOUND\VOICE\V060\V060_013_01.MP3,11284,MP3
SOUND\VOICE\V060\V060_013_02.MP3,10031,MP3
SOUND\VOICE\V060\V060_013_03.MP3,5851,MP3
SOUND\VOICE\V060\V060_014_01.MP3,14210,MP3
SOUND\VOICE\V060\V060_015_01.MP3,16091,MP3
SOUND\VOICE\V060\V060_016_01.MP3,7523,MP3
SOUND\VOICE\V060\V060_017_01.MP3,11284,MP3
SOUND\VOICE\V060\V060_018_01.MP3,11702,MP3
SOUND\VOICE\V060\V060_018_02.MP3,19017,MP3
SOUND\VOICE\V060\V060_019_01.MP3,18808,MP3
SOUND\VOICE\V060\V060_020_01.MP3,16091,MP3
SOUND\VOICE\V060\V060_020_02.MP3,16509,MP3
SOUND\VOICE\V060\V060_021_01A.MP3,7523,MP3
SOUND\VOICE\V060\V060_021_01B.MP3,12120,MP3
SOUND\VOICE\V060\V060_022_01.MP3,12747,MP3
SOUND\VOICE\V060\V060_022_02.MP3,25077,MP3
SOUND\VOICE\V060\V060_023_01.MP3,12956,MP3
SOUND\VOICE\V060\V060_024_01.MP3,5015,MP3
SOUND\VOICE\V060\V060_024_02.MP3,5642,MP3
SOUND\VOICE\V060\V060_025_01.MP3,5851,MP3
SOUND\VOICE\V060\V060_026_01.MP3,14837,MP3
SOUND\VOICE\V060\V060_027_01.MP3,11911,MP3
SOUND\VOICE\V060\V060_028_01.MP3,3970,MP3
SOUND\VOICE\V060\V060_028_02.MP3,27794,MP3
SOUND\VOICE\V060\V060_029_01.MP3,10657,MP3
SOUND\VOICE\V060\V060_029_02.MP3,30302,MP3
SOUND\VOICE\V060\V060_029_03.MP3,28630,MP3
SOUND\VOICE\V060\V060_030_01.MP3,20480,MP3
SOUND\VOICE\V060\V060_031_01.MP3,14210,MP3
SOUND\VOICE\V060\V060_031_02.MP3,13374,MP3
SOUND\VOICE\V060\V060_031_03.MP3,7941,MP3
SOUND\VOICE\V060\V060_032_01.MP3,17972,MP3
SOUND\VOICE\V060\V060_032_02.MP3,14419,MP3
SOUND\VOICE\V061\V061_001_01.MP3,7941,MP3
SOUND\VOICE\V061\V061_001_02.MP3,23196,MP3
SOUND\VOICE\V061\V061_002_01.MP3,10866,MP3
SOUND\VOICE\V061\V061_003_01.MP3,7314,MP3
SOUND\VOICE\V061\V061_003_02.MP3,14419,MP3
SOUND\VOICE\V061\V061_004_01.MP3,4597,MP3
SOUND\VOICE\V061\V061_005_01.MP3,20062,MP3
SOUND\VOICE\V061\V061_005_02.MP3,46393,MP3
SOUND\VOICE\V061\V061_006_01.MP3,8986,MP3
SOUND\VOICE\V061\V061_006_02.MP3,18599,MP3
SOUND\VOICE\V061\V061_006_03.MP3,33436,MP3
SOUND\VOICE\V061\V061_007_01.MP3,4388,MP3
SOUND\VOICE\V061\V061_008_01.MP3,5224,MP3
SOUND\VOICE\V061\V061_009_01.MP3,8359,MP3
SOUND\VOICE\V061\V061_009_02.MP3,27376,MP3
SOUND\VOICE\V061\V061_010_01.MP3,5851,MP3
SOUND\VOICE\V061\V061_010_02.MP3,11075,MP3
SOUND\VOICE\V061\V061_010_03.MP3,19644,MP3
SOUND\VOICE\V061\V061_011_01.MP3,51826,MP3
SOUND\VOICE\V061\V061_012_01.MP3,34690,MP3
SOUND\VOICE\V061\V061_012_02.MP3,18599,MP3
SOUND\VOICE\V061\V061_013_01.MP3,28421,MP3
SOUND\VOICE\V061\V061_013_02.MP3,13792,MP3
SOUND\VOICE\V061\V061_013_03.MP3,20062,MP3
SOUND\VOICE\V061\V061_014_01.MP3,42004,MP3
SOUND\VOICE\V061\V061_014_02.MP3,52035,MP3
SOUND\VOICE\V061\V061_014_03.MP3,25495,MP3
SOUND\VOICE\V061\V061_015_01.MP3,3970,MP3
SOUND\VOICE\V061\V061_016_01.MP3,2298,MP3
SOUND\VOICE\V061\V061_017_01.MP3,8777,MP3
SOUND\VOICE\V061\V061_018_01.MP3,30093,MP3
SOUND\VOICE\V061\V061_019_01.MP3,5015,MP3
SOUND\VOICE\V061\V061_020_01.MP3,6687,MP3
SOUND\VOICE\V061\V061_020_02.MP3,21315,MP3
SOUND\VOICE\V061\V061_021_01.MP3,10240,MP3
SOUND\VOICE\V061\V061_022_01.MP3,22778,MP3
SOUND\VOICE\V061\V061_022_02A.MP3,27376,MP3
SOUND\VOICE\V061\V061_022_02B.MP3,24659,MP3
SOUND\VOICE\V061\V061_023_01.MP3,28003,MP3
SOUND\VOICE\V061\V061_023_02.MP3,10031,MP3
SOUND\VOICE\V061\V061_024_01.MP3,11075,MP3
SOUND\VOICE\V061\V061_024_02.MP3,15673,MP3
SOUND\VOICE\V061\V061_025_01.MP3,27376,MP3
SOUND\VOICE\V061\V061_026_01.MP3,14210,MP3
SOUND\VOICE\V061\V061_026_02.MP3,23405,MP3
SOUND\VOICE\V061\V061_027_01.MP3,5851,MP3
SOUND\VOICE\V061\V061_028_01.MP3,29884,MP3
SOUND\VOICE\V061\V061_029_01.MP3,7314,MP3
SOUND\VOICE\V061\V061_030_01.MP3,6896,MP3
SOUND\VOICE\V061\V061_030_02.MP3,18599,MP3
SOUND\VOICE\V061\V061_030_03.MP3,29466,MP3
SOUND\VOICE\V061\V061_031_01.MP3,12329,MP3
SOUND\VOICE\V061\V061_032_01.MP3,24032,MP3
SOUND\VOICE\V061\V061_032_02.MP3,9195,MP3
SOUND\VOICE\V061\V061_033_01.MP3,32600,MP3
SOUND\VOICE\V061\V061_034_01.MP3,10448,MP3
SOUND\VOICE\V061\V061_034_02.MP3,14001,MP3
SOUND\VOICE\V061\V061_034_03.MP3,31555,MP3
SOUND\VOICE\V061\V061_035_01.MP3,38452,MP3
SOUND\VOICE\V061\V061_035_02.MP3,25495,MP3
SOUND\VOICE\V061\V061_035_03.MP3,36571,MP3
SOUND\VOICE\V061\V061_036_01.MP3,27167,MP3
SOUND\VOICE\V061\V061_037_01.MP3,10866,MP3
SOUND\VOICE\V061\V061_037_02.MP3,13374,MP3
SOUND\VOICE\V061\V061_038_01.MP3,3134,MP3
SOUND\VOICE\V061\V061_039_01.MP3,40124,MP3
SOUND\VOICE\V061\V061_039_02.MP3,6269,MP3
SOUND\VOICE\V061\V061_039_03.MP3,23405,MP3
SOUND\VOICE\V061\V061_040_01.MP3,43049,MP3
SOUND\VOICE\V061\V061_041_01.MP3,17136,MP3
SOUND\VOICE\V061\V061_042_01.MP3,36780,MP3
SOUND\VOICE\V061\V061_042_02.MP3,49528,MP3
SOUND\VOICE\V061\V061_042_03.MP3,12120,MP3
SOUND\VOICE\V061\V061_042_04.MP3,24450,MP3
SOUND\VOICE\V061\V061_042_05.MP3,34690,MP3
SOUND\VOICE\V061\V061_043_01.MP3,13583,MP3
SOUND\VOICE\V061\V061_043_02.MP3,30093,MP3
SOUND\VOICE\V061\V061_044_01.MP3,10031,MP3
SOUND\VOICE\V061\V061_044_02.MP3,44512,MP3
SOUND\VOICE\V061\V061_045_01.MP3,16091,MP3
SOUND\VOICE\V061\V061_045_02.MP3,19853,MP3
SOUND\VOICE\V061\V061_045_03.MP3,13165,MP3
SOUND\VOICE\V061\V061_045_04.MP3,22987,MP3
SOUND\VOICE\V061\V061_046_01.MP3,15882,MP3
SOUND\VOICE\V061\V061_047_01.MP3,28839,MP3
SOUND\VOICE\V061\V061_048_01.MP3,35317,MP3
SOUND\VOICE\V061\V061_048_02.MP3,46602,MP3
SOUND\VOICE\V061\V061_048_03.MP3,31973,MP3
SOUND\VOICE\V061\V061_049_01.MP3,26749,MP3
SOUND\VOICE\V061\V061_049_02.MP3,12956,MP3
SOUND\VOICE\V061\V061_050_01.MP3,30302,MP3
SOUND\VOICE\V061\V061_050_02.MP3,24032,MP3
SOUND\VOICE\V061\V061_051_01.MP3,7105,MP3
SOUND\VOICE\V061\V061_052_01.MP3,3552,MP3
SOUND\VOICE\V061\V061_052_02.MP3,44512,MP3
SOUND\VOICE\V061\V061_052_03.MP3,30093,MP3
SOUND\VOICE\V061\V061_053_01.MP3,9822,MP3
SOUND\VOICE\V061\V061_054_01.MP3,16509,MP3
SOUND\VOICE\V061\V061_055_01.MP3,13165,MP3
SOUND\VOICE\V061\V061_055_02.MP3,26122,MP3
SOUND\VOICE\V061\V061_056_01.MP3,32391,MP3
SOUND\VOICE\V061\V061_057_01.MP3,8568,MP3
SOUND\VOICE\V061\V061_058_01.MP3,21524,MP3
SOUND\VOICE\V061\V061_058_02.MP3,14419,MP3
SOUND\VOICE\V061\V061_058_03.MP3,7314,MP3
SOUND\VOICE\V061\V061_058_04.MP3,17136,MP3
SOUND\VOICE\V061\V061_058_05.MP3,10448,MP3
SOUND\VOICE\V061\V061_059_01.MP3,27167,MP3
SOUND\VOICE\V061\V061_060_01.MP3,17972,MP3
SOUND\VOICE\V061\V061_060_02.MP3,12120,MP3
SOUND\VOICE\V061\V061_060_03.MP3,16509,MP3
SOUND\VOICE\V061\V061_061_01.MP3,25286,MP3
SOUND\VOICE\V064\V064_001_01.MP3,34899,MP3
SOUND\VOICE\V064\V064_002_01.MP3,10448,MP3
SOUND\VOICE\V064\V064_003_01.MP3,9404,MP3
SOUND\VOICE\V064\V064_004_01.MP3,35317,MP3
SOUND\VOICE\V064\V064_004_02.MP3,30302,MP3
SOUND\VOICE\V064\V064_004_03.MP3,42631,MP3
SOUND\VOICE\V064\V064_005_01.MP3,2507,MP3
SOUND\VOICE\V064\V064_006_01.MP3,42004,MP3
SOUND\VOICE\V064\V064_006_02.MP3,31346,MP3
SOUND\VOICE\V064\V064_006_03.MP3,31973,MP3
SOUND\VOICE\V064\V064_007_01.MP3,36153,MP3
SOUND\VOICE\V064\V064_007_02.MP3,29675,MP3
SOUND\VOICE\V064\V064_008_01.MP3,9195,MP3
SOUND\VOICE\V064\V064_009_01.MP3,38452,MP3
SOUND\VOICE\V064\V064_009_02.MP3,39079,MP3
SOUND\VOICE\V064\V064_010_01.MP3,53289,MP3
SOUND\VOICE\V064\V064_010_02.MP3,27376,MP3
SOUND\VOICE\V064\V064_011_01.MP3,5224,MP3
SOUND\VOICE\V064\V064_012_01.MP3,2507,MP3
SOUND\VOICE\V064\V064_013_01.MP3,16509,MP3
SOUND\VOICE\V064\V064_014_01.MP3,8359,MP3
SOUND\VOICE\V064\V064_014_02.MP3,32182,MP3
SOUND\VOICE\V064\V064_014_03.MP3,43676,MP3
SOUND\VOICE\V064\V064_015_01.MP3,48274,MP3
SOUND\VOICE\V064\V064_015_02.MP3,13583,MP3
SOUND\VOICE\V064\V064_016_01.MP3,18390,MP3
SOUND\VOICE\V064\V064_017_01.MP3,9613,MP3
SOUND\VOICE\V064\V064_017_02.MP3,11493,MP3
SOUND\VOICE\V064\V064_017_03.MP3,22569,MP3
SOUND\VOICE\V064\V064_018_01.MP3,5015,MP3
SOUND\VOICE\V064\V064_018_02.MP3,10240,MP3
SOUND\VOICE\V064\V064_018_03.MP3,6896,MP3
SOUND\VOICE\V064\V064_019_01.MP3,12956,MP3
SOUND\VOICE\V064\V064_020_01.MP3,14837,MP3
SOUND\VOICE\V064\V064_021_01.MP3,6687,MP3
SOUND\VOICE\V064\V064_022_01.MP3,8359,MP3
SOUND\VOICE\V064\V064_022_02.MP3,12120,MP3
SOUND\VOICE\V064\V064_022_03.MP3,7732,MP3
SOUND\VOICE\V064\V064_022_04.MP3,8777,MP3
SOUND\VOICE\V064\V064_022_05.MP3,22151,MP3
SOUND\VOICE\V064\V064_022_06.MP3,25077,MP3
SOUND\VOICE\V064\V064_022_07.MP3,34690,MP3
SOUND\VOICE\V064\V064_023_01.MP3,3343,MP3
SOUND\VOICE\V064\V064_023_02.MP3,8986,MP3
SOUND\VOICE\V064\V064_023_03.MP3,21942,MP3
SOUND\VOICE\V064\V064_024_01.MP3,10240,MP3
SOUND\VOICE\V064\V064_024_02.MP3,35944,MP3
SOUND\VOICE\V064\V064_025_01.MP3,20062,MP3
SOUND\VOICE\V064\V064_026_01.MP3,2925,MP3
SOUND\VOICE\V065\V065_001_01.MP3,46602,MP3
SOUND\VOICE\V065\V065_002_01.MP3,16509,MP3
SOUND\VOICE\V065\V065_003_01.MP3,6896,MP3
SOUND\VOICE\V065\V065_004_01.MP3,17972,MP3
SOUND\VOICE\V065\V065_004_02.MP3,30093,MP3
SOUND\VOICE\V065\V065_005_01.MP3,9404,MP3
SOUND\VOICE\V065\V065_005_02.MP3,11911,MP3
SOUND\VOICE\V065\V065_005_03.MP3,21942,MP3
SOUND\VOICE\V065\V065_006_01.MP3,8777,MP3
SOUND\VOICE\V065\V065_007_01.MP3,21315,MP3
SOUND\VOICE\V065\V065_007_02.MP3,71888,MP3
SOUND\VOICE\V065\V065_007_03.MP3,27376,MP3
SOUND\VOICE\V065\V065_008_01.MP3,4179,MP3
SOUND\VOICE\V065\V065_008_02.MP3,12747,MP3
SOUND\VOICE\V065\V065_008_03.MP3,36989,MP3
SOUND\VOICE\V065\V065_009_01.MP3,6896,MP3
SOUND\VOICE\V065\V065_009_02.MP3,20062,MP3
SOUND\VOICE\V065\V065_009_03.MP3,29048,MP3
SOUND\VOICE\V065\V065_009_04.MP3,13792,MP3
SOUND\VOICE\V065\V065_010_01.MP3,8150,MP3
SOUND\VOICE\V065\V065_011_01.MP3,69172,MP3
SOUND\VOICE\V065\V065_011_02.MP3,56842,MP3
SOUND\VOICE\V065\V065_011_03.MP3,12747,MP3
SOUND\VOICE\V065\V065_012_01.MP3,28839,MP3
SOUND\VOICE\V065\V065_013_01.MP3,16509,MP3
SOUND\VOICE\V065\V065_013_02.MP3,25495,MP3
SOUND\VOICE\V065\V065_015_01.MP3,54961,MP3
SOUND\VOICE\V065\V065_016_01.MP3,8568,MP3
SOUND\VOICE\V065\V065_017_01.MP3,4806,MP3
SOUND\VOICE\V065\V065_017_02.MP3,35944,MP3
SOUND\VOICE\V065\V065_017_03.MP3,6478,MP3
SOUND\VOICE\V065\V065_018_01.MP3,11911,MP3
SOUND\VOICE\V065\V065_019_01A.MP3,3970,MP3
SOUND\VOICE\V065\V065_019_01B.MP3,5224,MP3
SOUND\VOICE\V065\V065_019_02A.MP3,29466,MP3
SOUND\VOICE\V065\V065_019_02B.MP3,28630,MP3
SOUND\VOICE\V065\V065_019_03A.MP3,52871,MP3
SOUND\VOICE\V065\V065_019_03B.MP3,54961,MP3
SOUND\VOICE\V065\V065_019_04A.MP3,18390,MP3
SOUND\VOICE\V065\V065_019_04B.MP3,18390,MP3
SOUND\VOICE\V065\V065_020_01.MP3,3552,MP3
SOUND\VOICE\V065\V065_021_01.MP3,22569,MP3
SOUND\VOICE\V066\V066_001_01.MP3,26958,MP3
SOUND\VOICE\V066\V066_001_02.MP3,38870,MP3
SOUND\VOICE\V066\V066_001_03.MP3,31555,MP3
SOUND\VOICE\V066\V066_002_01.MP3,8986,MP3
SOUND\VOICE\V066\V066_002_02.MP3,14419,MP3
SOUND\VOICE\V066\V066_002_03.MP3,20897,MP3
SOUND\VOICE\V066\V066_003_01.MP3,20271,MP3
SOUND\VOICE\V066\V066_003_02.MP3,17345,MP3
SOUND\VOICE\V066\V066_003_03.MP3,8986,MP3
SOUND\VOICE\V066\V066_003_04.MP3,39497,MP3
SOUND\VOICE\V066\V066_004_01.MP3,44303,MP3
SOUND\VOICE\V066\V066_004_02.MP3,25704,MP3
SOUND\VOICE\V066\V066_005_01.MP3,10031,MP3
SOUND\VOICE\V066\V066_005_02.MP3,25495,MP3
SOUND\VOICE\V066\V066_005_03.MP3,6687,MP3
SOUND\VOICE\V066\V066_005_04.MP3,40960,MP3
SOUND\VOICE\V066\V066_006_01.MP3,10657,MP3
SOUND\VOICE\V066\V066_006_02.MP3,11702,MP3
SOUND\VOICE\V066\V066_006_03.MP3,10866,MP3
SOUND\VOICE\V066\V066_006_04.MP3,7732,MP3
SOUND\VOICE\V066\V066_006_05.MP3,10448,MP3
SOUND\VOICE\V066\V066_007_01.MP3,27376,MP3
SOUND\VOICE\V066\V066_007_02.MP3,12120,MP3
SOUND\VOICE\V066\V066_007_03.MP3,47438,MP3
SOUND\VOICE\V066\V066_007_04.MP3,19017,MP3
SOUND\VOICE\V066\V066_007_05.MP3,50155,MP3
SOUND\VOICE\V066\V066_007_06.MP3,50155,MP3
SOUND\VOICE\V066\V066_008_01.MP3,56633,MP3
SOUND\VOICE\V066\V066_009_01.MP3,29466,MP3
SOUND\VOICE\V066\V066_009_02.MP3,29675,MP3
SOUND\VOICE\V066\V066_009_03.MP3,24241,MP3
SOUND\VOICE\V066\V066_009_04.MP3,34481,MP3
SOUND\VOICE\V066\V066_009_05.MP3,31973,MP3
SOUND\VOICE\V066\V066_010_01.MP3,6060,MP3
SOUND\VOICE\V066\V066_010_02.MP3,26122,MP3
SOUND\VOICE\V066\V066_010_03.MP3,20480,MP3
SOUND\VOICE\V066\V066_011_01.MP3,5851,MP3
SOUND\VOICE\V066\V066_012_01.MP3,5851,MP3
SOUND\VOICE\V066\V066_012_02.MP3,35526,MP3
SOUND\VOICE\V066\V066_012_03.MP3,12120,MP3
SOUND\VOICE\V066\V066_012_04.MP3,20897,MP3
SOUND\VOICE\V066\V066_013_01.MP3,6060,MP3
SOUND\VOICE\V066\V066_014_01.MP3,2298,MP3
SOUND\VOICE\V066\V066_015_01.MP3,7941,MP3
SOUND\VOICE\V067\V067_015_01.MP3,14837,MP3
SOUND\VOICE\V067\V067_015_02.MP3,42631,MP3
SOUND\VOICE\V067\V067_016_01.MP3,40542,MP3
SOUND\VOICE\V067\V067_016_02.MP3,49737,MP3
SOUND\VOICE\V067\V067_017_01.MP3,18808,MP3
SOUND\VOICE\V067\V067_017_02.MP3,30511,MP3
SOUND\VOICE\V067\V067_018_01.MP3,17972,MP3
SOUND\VOICE\V067\V067_018_02.MP3,11075,MP3
SOUND\VOICE\V067\V067_019_01.MP3,16927,MP3
SOUND\VOICE\V067\V067_019_02.MP3,14628,MP3
SOUND\VOICE\V067\V067_020_01.MP3,22987,MP3
SOUND\VOICE\V067\V067_021_01.MP3,14837,MP3
SOUND\VOICE\V067\V067_021_02.MP3,10240,MP3
SOUND\VOICE\V067\V067_021_03.MP3,29257,MP3
SOUND\VOICE\V067\V067_022_01.MP3,31137,MP3
SOUND\VOICE\V067\V067_022_02.MP3,29257,MP3
SOUND\VOICE\V067\V067_022_03.MP3,44094,MP3
SOUND\VOICE\V067\V067_022_04.MP3,13583,MP3
SOUND\VOICE\V067\V067_022_05.MP3,12329,MP3
SOUND\VOICE\V067\V067_022_06.MP3,31555,MP3
SOUND\VOICE\V067\V067_023_01.MP3,30928,MP3
SOUND\VOICE\V067\V067_024_01.MP3,15882,MP3
SOUND\VOICE\V067\V067_024_02.MP3,19853,MP3
SOUND\VOICE\V067\V067_025_01.MP3,29884,MP3
SOUND\VOICE\V067\V067_026_01.MP3,20897,MP3
SOUND\VOICE\V067\V067_026_02.MP3,10657,MP3
SOUND\VOICE\V067\V067_026_03.MP3,10866,MP3
SOUND\VOICE\V067\V067_027_01.MP3,12747,MP3
SOUND\VOICE\V067\V067_028_01.MP3,8150,MP3
SOUND\VOICE\V067\V067_029_01.MP3,7523,MP3
SOUND\VOICE\V067\V067_029_02.MP3,8986,MP3
SOUND\VOICE\V067\V067_029_03.MP3,9822,MP3
SOUND\VOICE\V067\V067_030_01.MP3,17763,MP3
SOUND\VOICE\V067\V067_031_01.MP3,5224,MP3
SOUND\VOICE\V067\V067_032_01.MP3,15255,MP3
SOUND\VOICE\V067\V067_032_02.MP3,2298,MP3
SOUND\VOICE\V067\V067_033_01.MP3,12956,MP3
SOUND\VOICE\V067\V067_034_01.MP3,6060,MP3
SOUND\VOICE\V067\V067_035_01.MP3,6687,MP3
SOUND\VOICE\V067\V067_035_02.MP3,9195,MP3
SOUND\VOICE\V067\V067_036_01.MP3,6896,MP3
SOUND\VOICE\V067\V067_036_02.MP3,9613,MP3
SOUND\VOICE\V067\V067_037_01.MP3,5851,MP3
SOUND\VOICE\V067\V067_038_01.MP3,11493,MP3
SOUND\VOICE\V067\V067_039_01.MP3,23823,MP3
SOUND\VOICE\V067\V067_039_02.MP3,9195,MP3
SOUND\VOICE\V067\V067_039_03.MP3,22360,MP3
SOUND\VOICE\V067\V067_040_01.MP3,24032,MP3
SOUND\VOICE\V068\V068_001_01.MP3,24659,MP3
SOUND\VOICE\V068\V068_001_02.MP3,8359,MP3
SOUND\VOICE\V068\V068_002_01.MP3,12329,MP3
SOUND\VOICE\V068\V068_003_01.MP3,10657,MP3
SOUND\VOICE\V068\V068_003_02.MP3,28421,MP3
SOUND\VOICE\V068\V068_003_03.MP3,6687,MP3
SOUND\VOICE\V068\V068_003_04.MP3,11284,MP3
SOUND\VOICE\V068\V068_004_01.MP3,8568,MP3
SOUND\VOICE\V068\V068_004_02.MP3,20271,MP3
SOUND\VOICE\V068\V068_004_03.MP3,28630,MP3
SOUND\VOICE\V068\V068_004_04.MP3,19017,MP3
SOUND\VOICE\V068\V068_004_05.MP3,20062,MP3
SOUND\VOICE\V068\V068_005_01.MP3,11284,MP3
SOUND\VOICE\V068\V068_005_02.MP3,17136,MP3
SOUND\VOICE\V068\V068_005_03.MP3,3343,MP3
SOUND\VOICE\V068\V068_005_04.MP3,19435,MP3
SOUND\VOICE\V068\V068_006_01.MP3,10448,MP3
SOUND\VOICE\V068\V068_006_02.MP3,31137,MP3
SOUND\VOICE\V068\V068_007_01.MP3,8777,MP3
SOUND\VOICE\V068\V068_007_02.MP3,17554,MP3
SOUND\VOICE\V068\V068_007_03.MP3,8986,MP3
SOUND\VOICE\V068\V068_008_01.MP3,4806,MP3
SOUND\VOICE\V068\V068_008_02.MP3,6687,MP3
SOUND\VOICE\V068\V068_009_01.MP3,4179,MP3
SOUND\VOICE\V068\V068_010_01.MP3,8986,MP3
SOUND\VOICE\V068\V068_010_02.MP3,10240,MP3
SOUND\VOICE\V068\V068_011_01.MP3,10031,MP3
SOUND\VOICE\V068\V068_012_01.MP3,13792,MP3
SOUND\VOICE\V068\V068_013_01.MP3,3552,MP3
SOUND\VOICE\V068\V068_013_02.MP3,13583,MP3
SOUND\VOICE\V068\V068_014_01.MP3,2716,MP3
SOUND\VOICE\V068\V068_015_02.MP3,12120,MP3
SOUND\VOICE\V069\V069_001_01.MP3,16509,MP3
SOUND\VOICE\V069\V069_002_01.MP3,10240,MP3
SOUND\VOICE\V069\V069_003_01.MP3,31346,MP3
SOUND\VOICE\V069\V069_004_01.MP3,7314,MP3
SOUND\VOICE\V069\V069_004_02.MP3,21106,MP3
SOUND\VOICE\V069\V069_005_01.MP3,5851,MP3
SOUND\VOICE\V069\V069_006_01.MP3,7105,MP3
SOUND\VOICE\V069\V069_006_02.MP3,43676,MP3
SOUND\VOICE\V069\V069_007_01.MP3,12956,MP3
SOUND\VOICE\V069\V069_007_02.MP3,19435,MP3
SOUND\VOICE\V069\V069_008_01.MP3,27376,MP3
SOUND\VOICE\V069\V069_008_02.MP3,11702,MP3
SOUND\VOICE\V069\V069_008_03.MP3,26749,MP3
SOUND\VOICE\V069\V069_008_04.MP3,21315,MP3
SOUND\VOICE\V069\V069_008_05.MP3,6478,MP3
SOUND\VOICE\V069\V069_009_01.MP3,7941,MP3
SOUND\VOICE\V069\V069_009_02.MP3,10657,MP3
SOUND\VOICE\V069\V069_009_03.MP3,25913,MP3
SOUND\VOICE\V069\V069_010_01.MP3,14837,MP3
SOUND\VOICE\V069\V069_011_01.MP3,18808,MP3
SOUND\VOICE\V069\V069_011_02.MP3,12329,MP3
SOUND\VOICE\V069\V069_011_03.MP3,15673,MP3
SOUND\VOICE\V069\V069_011_04.MP3,23405,MP3
SOUND\VOICE\V069\V069_011_05.MP3,21733,MP3
SOUND\VOICE\V069\V069_012_01.MP3,28630,MP3
SOUND\VOICE\V069\V069_013_01.MP3,17972,MP3
SOUND\VOICE\V069\V069_013_02.MP3,16718,MP3
SOUND\VOICE\V069\V069_013_03.MP3,15464,MP3
SOUND\VOICE\V069\V069_013_04.MP3,3343,MP3
SOUND\VOICE\V069\V069_013_05.MP3,68127,MP3
SOUND\VOICE\V069\V069_014_01.MP3,45766,MP3
SOUND\VOICE\V069\V069_015_01.MP3,7732,MP3
SOUND\VOICE\V069\V069_015_02.MP3,26122,MP3
SOUND\VOICE\V069\V069_015_03.MP3,26540,MP3
SOUND\VOICE\V069\V069_015_04.MP3,36989,MP3
SOUND\VOICE\V069\V069_016_01.MP3,4806,MP3
SOUND\VOICE\V069\V069_016_02.MP3,10657,MP3
SOUND\VOICE\V069\V069_016_03.MP3,4388,MP3
SOUND\VOICE\V069\V069_017_01.MP3,6269,MP3
SOUND\VOICE\V069\V069_018_01.MP3,29466,MP3
SOUND\VOICE\V069\V069_018_02.MP3,19644,MP3
SOUND\VOICE\V069\V069_019_01A.MP3,9404,MP3
SOUND\VOICE\V069\V069_019_01B.MP3,10240,MP3
SOUND\VOICE\V069\V069_020_01.MP3,13583,MP3
SOUND\VOICE\V069\V069_021_01.MP3,11702,MP3
SOUND\VOICE\V069\V069_022_01.MP3,13374,MP3
SOUND\VOICE\V069\V069_022_02.MP3,30511,MP3
SOUND\VOICE\V069\V069_023_01.MP3,28421,MP3
SOUND\VOICE\V069\V069_023_02.MP3,23196,MP3
SOUND\VOICE\V069\V069_024_01.MP3,28630,MP3
SOUND\VOICE\V069\V069_024_02.MP3,20480,MP3
SOUND\VOICE\V069\V069_025_01.MP3,10866,MP3
SOUND\VOICE\V069\V069_025_02.MP3,35944,MP3
SOUND\VOICE\V069\V069_025_03.MP3,15464,MP3
SOUND\VOICE\V069\V069_025_04.MP3,20271,MP3
SOUND\VOICE\V069\V069_026_01.MP3,4388,MP3
SOUND\VOICE\V069\V069_027_01.MP3,10031,MP3
SOUND\VOICE\V069\V069_028_01.MP3,20897,MP3
SOUND\VOICE\V069\V069_029_01.MP3,7732,MP3
SOUND\VOICE\V069\V069_030_01.MP3,14419,MP3
SOUND\VOICE\V069\V069_030_02.MP3,31137,MP3
SOUND\VOICE\V069\V069_031_01.MP3,5642,MP3
SOUND\VOICE\V069\V069_032_01.MP3,35317,MP3
SOUND\VOICE\V069\V069_032_02.MP3,16927,MP3
SOUND\VOICE\V069\V069_033_01.MP3,29257,MP3
SOUND\VOICE\V069\V069_034_01.MP3,9195,MP3
SOUND\VOICE\V069\V069_034_02.MP3,17554,MP3
SOUND\VOICE\V069\V069_035_01.MP3,26540,MP3
SOUND\VOICE\V069\V069_035_02.MP3,30302,MP3
SOUND\VOICE\V069\V069_035_03.MP3,32600,MP3
SOUND\VOICE\V069\V069_036_01.MP3,7523,MP3
SOUND\VOICE\V069\V069_036_02.MP3,24241,MP3
SOUND\VOICE\V069\V069_036_03.MP3,23614,MP3
SOUND\VOICE\V069\V069_036_04.MP3,15882,MP3
SOUND\VOICE\V069\V069_037_01.MP3,9822,MP3
SOUND\VOICE\V069\V069_037_02.MP3,42213,MP3
SOUND\VOICE\V069\V069_037_03.MP3,41377,MP3
SOUND\VOICE\V069\V069_038_01.MP3,17554,MP3
SOUND\VOICE\V069\V069_038_02.MP3,19853,MP3
SOUND\VOICE\V069\V069_038_03.MP3,8777,MP3
SOUND\VOICE\V069\V069_039_01.MP3,20897,MP3
SOUND\VOICE\V069\V069_039_02.MP3,28630,MP3
SOUND\VOICE\V069\V069_040_01.MP3,7941,MP3
SOUND\VOICE\V069\V069_040_02.MP3,35317,MP3
SOUND\VOICE\V069\V069_040_03.MP3,14837,MP3
SOUND\VOICE\V069\V069_040_04.MP3,22360,MP3
SOUND\VOICE\V069\V069_041_01.MP3,33227,MP3
SOUND\VOICE\V069\V069_042_01.MP3,11075,MP3
SOUND\VOICE\V069\V069_043_01.MP3,39497,MP3
SOUND\VOICE\V069\V069_043_02.MP3,24868,MP3
SOUND\VOICE\V069\V069_043_03.MP3,32809,MP3
SOUND\VOICE\V069\V069_043_04.MP3,80875,MP3
SOUND\VOICE\V069\V069_043_05.MP3,23196,MP3
SOUND\VOICE\V069\V069_043_06.MP3,38661,MP3
SOUND\VOICE\V069\V069_044_01.MP3,7105,MP3
SOUND\VOICE\V069\V069_045_01.MP3,34481,MP3
SOUND\VOICE\V069\V069_045_02.MP3,23196,MP3
SOUND\VOICE\V069\V069_046_01.MP3,25077,MP3
SOUND\VOICE\V069\V069_047_01.MP3,26540,MP3
SOUND\VOICE\V069\V069_047_02.MP3,35526,MP3
SOUND\VOICE\V069\V069_048_01.MP3,5224,MP3
SOUND\VOICE\V069\V069_049_01.MP3,27585,MP3
SOUND\VOICE\V069\V069_049_02.MP3,35944,MP3
SOUND\VOICE\V069\V069_049_03.MP3,48901,MP3
SOUND\VOICE\V069\V069_049_04.MP3,33645,MP3
SOUND\VOICE\V069\V069_050_01.MP3,5851,MP3
SOUND\VOICE\V069\V069_050_02.MP3,17763,MP3
SOUND\VOICE\V069\V069_050_03.MP3,15464,MP3
SOUND\VOICE\V069\V069_050_04.MP3,7941,MP3
SOUND\VOICE\V069\V069_051_01.MP3,8359,MP3
SOUND\VOICE\V069\V069_052_01.MP3,7732,MP3
SOUND\VOICE\V069\V069_052_02.MP3,19226,MP3
SOUND\VOICE\V069\V069_053_01.MP3,6478,MP3
SOUND\VOICE\V069\V069_054_01.MP3,5851,MP3
SOUND\VOICE\V069\V069_054_02.MP3,36780,MP3
SOUND\VOICE\V069\V069_054_03.MP3,13583,MP3
SOUND\VOICE\V069\V069_055_01.MP3,9822,MP3
SOUND\VOICE\V069\V069_055_02.MP3,31973,MP3
SOUND\VOICE\V069\V069_056_01.MP3,29466,MP3
SOUND\VOICE\V069\V069_057_01.MP3,5642,MP3
SOUND\VOICE\V069\V069_058_01.MP3,6269,MP3
SOUND\VOICE\V069\V069_059_01.MP3,3970,MP3
SOUND\VOICE\V069\V069_060_01.MP3,5851,MP3
SOUND\VOICE\V070\V070_001_01.MP3,17345,MP3
SOUND\VOICE\V070\V070_001_02.MP3,54543,MP3
SOUND\VOICE\V070\V070_001_03.MP3,24868,MP3
SOUND\VOICE\V070\V070_002_01.MP3,8359,MP3
SOUND\VOICE\V070\V070_002_02.MP3,23405,MP3
SOUND\VOICE\V070\V070_003_01.MP3,9613,MP3
SOUND\VOICE\V070\V070_003_02.MP3,7732,MP3
SOUND\VOICE\V070\V070_004_01.MP3,4597,MP3
SOUND\VOICE\V070\V070_004_02.MP3,7105,MP3
SOUND\VOICE\V070\V070_005_01.MP3,4388,MP3
SOUND\VOICE\V070\V070_006_01.MP3,24032,MP3
SOUND\VOICE\V070\V070_007_01.MP3,12956,MP3
SOUND\VOICE\V070\V070_008_01.MP3,4388,MP3
SOUND\VOICE\V070\V070_009_01.MP3,11284,MP3
SOUND\VOICE\V070\V070_009_02.MP3,21733,MP3
SOUND\VOICE\V070\V070_010_01.MP3,33645,MP3
SOUND\VOICE\V070\V070_011_01.MP3,8777,MP3
SOUND\VOICE\V070\V070_011_02.MP3,22569,MP3
SOUND\VOICE\V070\V070_011_03.MP3,14419,MP3
SOUND\VOICE\V070\V070_012_01.MP3,26540,MP3
SOUND\VOICE\V070\V070_013_01.MP3,23405,MP3
SOUND\VOICE\V070\V070_013_02.MP3,34690,MP3
SOUND\VOICE\V070\V070_014_01.MP3,17136,MP3
SOUND\VOICE\V070\V070_015_01.MP3,20688,MP3
SOUND\VOICE\V070\V070_015_02.MP3,37407,MP3
SOUND\VOICE\V070\V070_016_01.MP3,16091,MP3
SOUND\VOICE\V070\V070_017_01.MP3,30928,MP3
SOUND\VOICE\V070\V070_018_01.MP3,27167,MP3
SOUND\VOICE\V070\V070_019_01.MP3,25913,MP3
SOUND\VOICE\V070\V070_019_02.MP3,23405,MP3
SOUND\VOICE\V070\V070_020_01.MP3,6269,MP3
SOUND\VOICE\V070\V070_021_01.MP3,13165,MP3
SOUND\VOICE\V070\V070_021_02.MP3,33018,MP3
SOUND\VOICE\V070\V070_021_03.MP3,29257,MP3
SOUND\VOICE\V070\V070_022_01.MP3,5224,MP3
SOUND\VOICE\V070\V070_022_02.MP3,15882,MP3
SOUND\VOICE\V070\V070_022_03.MP3,10866,MP3
SOUND\VOICE\V070\V070_023_01.MP3,41168,MP3
SOUND\VOICE\V070\V070_023_02.MP3,19017,MP3
SOUND\VOICE\V070\V070_024_01.MP3,9613,MP3
SOUND\VOICE\V070\V070_024_02.MP3,28421,MP3
SOUND\VOICE\V070\V070_024_03.MP3,31973,MP3
SOUND\VOICE\V070\V070_024_04.MP3,31973,MP3
SOUND\VOICE\V070\V070_025_01.MP3,23405,MP3
SOUND\VOICE\V070\V070_025_02.MP3,21942,MP3
SOUND\VOICE\V070\V070_025_03.MP3,30720,MP3
SOUND\VOICE\V070\V070_026_01.MP3,5015,MP3
SOUND\VOICE\V070\V070_027_01.MP3,16300,MP3
SOUND\VOICE\V070\V070_027_02.MP3,29675,MP3
SOUND\VOICE\V070\V070_027_03.MP3,12538,MP3
SOUND\VOICE\V070\V070_027_04.MP3,14210,MP3
SOUND\VOICE\V070\V070_028_01.MP3,6269,MP3
SOUND\VOICE\V070\V070_029_01.MP3,5851,MP3
SOUND\VOICE\V070\V070_030_01.MP3,50991,MP3
SOUND\VOICE\V070\V070_031_01.MP3,5224,MP3
SOUND\VOICE\V070\V070_032_01.MP3,24241,MP3
SOUND\VOICE\V070\V070_033_01.MP3,26958,MP3
SOUND\VOICE\V070\V070_033_02.MP3,24659,MP3
SOUND\VOICE\V070\V070_033_03.MP3,68336,MP3
SOUND\VOICE\V070\V070_033_04.MP3,57678,MP3
SOUND\VOICE\V070\V070_033_05.MP3,66873,MP3
SOUND\VOICE\V070\V070_033_06.MP3,14837,MP3
SOUND\VOICE\V070\V070_033_07.MP3,23196,MP3
SOUND\VOICE\V070\V070_033_08.MP3,26331,MP3
SOUND\VOICE\V070\V070_034_01.MP3,6687,MP3
SOUND\VOICE\V070\V070_035_01.MP3,23823,MP3
SOUND\VOICE\V070\V070_036_01.MP3,8359,MP3
SOUND\VOICE\V070\V070_037_01.MP3,21733,MP3
SOUND\VOICE\V070\V070_037_02.MP3,36571,MP3
SOUND\VOICE\V070\V070_038_01.MP3,3761,MP3
SOUND\VOICE\V071\V071_001_01.MP3,15464,MP3
SOUND\VOICE\V071\V071_002_01.MP3,37407,MP3
SOUND\VOICE\V071\V071_002_02.MP3,28003,MP3
SOUND\VOICE\V071\V071_003_01.MP3,30093,MP3
SOUND\VOICE\V071\V071_003_02.MP3,66664,MP3
SOUND\VOICE\V071\V071_004_01.MP3,5851,MP3
SOUND\VOICE\V071\V071_005_01.MP3,19435,MP3
SOUND\VOICE\V071\V071_006_01.MP3,9404,MP3
SOUND\VOICE\V071\V071_006_02.MP3,21733,MP3
SOUND\VOICE\V071\V071_006_03.MP3,40751,MP3
SOUND\VOICE\V071\V071_006_04.MP3,92368,MP3
SOUND\VOICE\V071\V071_006_05.MP3,15882,MP3
SOUND\VOICE\V071\V071_006_06.MP3,20688,MP3
SOUND\VOICE\V071\V071_006_07.MP3,6896,MP3
SOUND\VOICE\V071\V071_006_08.MP3,44512,MP3
SOUND\VOICE\V071\V071_007_01.MP3,11493,MP3
SOUND\VOICE\V071\V071_007_02.MP3,7523,MP3
SOUND\VOICE\V071\V071_008_01.MP3,9404,MP3
SOUND\VOICE\V071\V071_008_02.MP3,27585,MP3
SOUND\VOICE\V071\V071_009_01A.MP3,3970,MP3
SOUND\VOICE\V071\V071_009_01B.MP3,3970,MP3
SOUND\VOICE\V071\V071_009_01C.MP3,4388,MP3
SOUND\VOICE\V071\V071_009_01D.MP3,4179,MP3
SOUND\VOICE\V071\V071_009_01E.MP3,4597,MP3
SOUND\VOICE\V071\V071_009_02A.MP3,16300,MP3
SOUND\VOICE\V071\V071_009_02B.MP3,18181,MP3
SOUND\VOICE\V071\V071_009_02C.MP3,17136,MP3
SOUND\VOICE\V071\V071_009_02D.MP3,17763,MP3
SOUND\VOICE\V071\V071_009_02E.MP3,17345,MP3
SOUND\VOICE\V071\V071_009_03A.MP3,21315,MP3
SOUND\VOICE\V071\V071_009_03B.MP3,20897,MP3
SOUND\VOICE\V071\V071_009_03C.MP3,20688,MP3
SOUND\VOICE\V071\V071_009_03D.MP3,18390,MP3
SOUND\VOICE\V071\V071_009_03E.MP3,16718,MP3
SOUND\VOICE\V071\V071_009_04A.MP3,12956,MP3
SOUND\VOICE\V071\V071_009_04B.MP3,13583,MP3
SOUND\VOICE\V071\V071_009_04C.MP3,14001,MP3
SOUND\VOICE\V071\V071_009_04D.MP3,13165,MP3
SOUND\VOICE\V071\V071_009_04E.MP3,12747,MP3
SOUND\VOICE\V071\V071_010_01.MP3,11702,MP3
SOUND\VOICE\V071\V071_010_02.MP3,26749,MP3
SOUND\VOICE\V071\V071_010_03.MP3,7105,MP3
SOUND\VOICE\V071\V071_010_04.MP3,41795,MP3
SOUND\VOICE\V071\V071_010_05.MP3,9613,MP3
SOUND\VOICE\V071\V071_010_06.MP3,23823,MP3
SOUND\VOICE\V071\V071_010_07.MP3,27376,MP3
SOUND\VOICE\V071\V071_011_01.MP3,6896,MP3
SOUND\VOICE\V071\V071_012_01.MP3,9195,MP3
SOUND\VOICE\V071\V071_012_02.MP3,14210,MP3
SOUND\VOICE\V071\V071_013_01.MP3,18181,MP3
SOUND\VOICE\V071\V071_013_02.MP3,21733,MP3
SOUND\VOICE\V071\V071_014_01.MP3,21106,MP3
SOUND\VOICE\V071\V071_015_01.MP3,16300,MP3
SOUND\VOICE\V071\V071_015_02.MP3,48065,MP3
SOUND\VOICE\V071\V071_016_01.MP3,6687,MP3
SOUND\VOICE\V071\V071_017_02.MP3,17763,MP3
SOUND\VOICE\V071\V071_017_02A.MP3,17554,MP3
SOUND\VOICE\V071\V071_017_03.MP3,4388,MP3
SOUND\VOICE\V071\V071_017_03A.MP3,4806,MP3
SOUND\VOICE\V071\V071_017_04.MP3,29257,MP3
SOUND\VOICE\V071\V071_017_04A.MP3,24450,MP3
SOUND\VOICE\V071\V071_018_01.MP3,26540,MP3
SOUND\VOICE\V071\V071_019_01.MP3,4388,MP3
SOUND\VOICE\V071\V071_020_01.MP3,17763,MP3
SOUND\VOICE\V071\V071_020_02.MP3,33436,MP3
SOUND\VOICE\V071\V071_020_03.MP3,85890,MP3
SOUND\VOICE\V071\V071_020_04.MP3,103862,MP3
SOUND\VOICE\V071\V071_020_05.MP3,109296,MP3
SOUND\VOICE\V071\V071_020_06.MP3,34690,MP3
SOUND\VOICE\V071\V071_021_01.MP3,5851,MP3
SOUND\VOICE\V071\V071_022_01.MP3,26331,MP3
SOUND\VOICE\V071\V071_022_02.MP3,42422,MP3
SOUND\VOICE\V071\V071_022_03.MP3,21106,MP3
SOUND\VOICE\V071\V071_022_04.MP3,33227,MP3
SOUND\VOICE\V071\V071_022_05.MP3,21315,MP3
SOUND\VOICE\V071\V071_023_01.MP3,9195,MP3
SOUND\VOICE\V071\V071_024_01.MP3,17972,MP3
SOUND\VOICE\V071\V071_024_02.MP3,17763,MP3
SOUND\VOICE\V071\V071_024_03.MP3,23823,MP3
SOUND\VOICE\V071\V071_025_01.MP3,8777,MP3
SOUND\VOICE\V071\V071_026_01.MP3,30511,MP3
SOUND\VOICE\V071\V071_026_02.MP3,17972,MP3
SOUND\VOICE\V071\V071_026_03.MP3,40542,MP3
SOUND\VOICE\V071\V071_026_04.MP3,36153,MP3
SOUND\VOICE\V071\V071_027_01.MP3,10031,MP3
SOUND\VOICE\V071\V071_028_01.MP3,7941,MP3
SOUND\VOICE\V071\V071_029_01.MP3,5642,MP3
SOUND\VOICE\V071\V071_030_01.MP3,27167,MP3
SOUND\VOICE\V071\V071_030_02.MP3,42422,MP3
SOUND\VOICE\V071\V071_030_03.MP3,48692,MP3
SOUND\VOICE\V071\V071_030_04.MP3,44303,MP3
SOUND\VOICE\V071\V071_030_05.MP3,31346,MP3
SOUND\VOICE\V071\V071_031_01.MP3,9195,MP3
SOUND\VOICE\V071\V071_032_02.MP3,9613,MP3
SOUND\VOICE\V071\V071_033_01.MP3,8150,MP3
SOUND\VOICE\V071\V071_034_01.MP3,3343,MP3
SOUND\VOICE\V071\V071_034_02.MP3,10866,MP3
SOUND\VOICE\V071\V071_034_03.MP3,22151,MP3
SOUND\VOICE\V071\V071_035_01.MP3,12538,MP3
SOUND\VOICE\V071\V071_035_02.MP3,18808,MP3
SOUND\VOICE\V071\V071_036_01.MP3,56424,MP3
SOUND\VOICE\V071\V071_036_02.MP3,22151,MP3
SOUND\VOICE\V071\V071_036_03.MP3,34899,MP3
SOUND\VOICE\V071\V071_036_04.MP3,59977,MP3
SOUND\VOICE\V071\V071_037_01.MP3,8359,MP3
SOUND\VOICE\V071\V071_038_01.MP3,49737,MP3
SOUND\VOICE\V071\V071_039_01.MP3,13165,MP3
SOUND\VOICE\V071\V071_040_01.MP3,7314,MP3
SOUND\VOICE\V071\V071_041_01.MP3,27794,MP3
SOUND\VOICE\V071\V071_042_01.MP3,20062,MP3
SOUND\VOICE\V071\V071_043_01.MP3,11702,MP3
SOUND\VOICE\V071\V071_043_02.MP3,20897,MP3
SOUND\VOICE\V071\V071_043_03.MP3,41377,MP3
SOUND\VOICE\V071\V071_044_01.MP3,13792,MP3
SOUND\VOICE\V071\V071_044_02.MP3,13792,MP3
SOUND\VOICE\V071\V071_045_01.MP3,14001,MP3
SOUND\VOICE\V071\V071_046_01.MP3,14628,MP3
SOUND\VOICE\V071\V071_046_02.MP3,21942,MP3
SOUND\VOICE\V071\V071_046_03.MP3,8359,MP3
SOUND\VOICE\V071\V071_046_04.MP3,16509,MP3
SOUND\VOICE\V071\V071_047_01.MP3,9195,MP3
SOUND\VOICE\V071\V071_048_01.MP3,8359,MP3
SOUND\VOICE\V071\V071_048_02.MP3,12538,MP3
SOUND\VOICE\V071\V071_049_01.MP3,11075,MP3
SOUND\VOICE\V071\V071_050_01A.MP3,25495,MP3
SOUND\VOICE\V071\V071_050_01B.MP3,25704,MP3
SOUND\VOICE\V071\V071_050_02A.MP3,16300,MP3
SOUND\VOICE\V071\V071_050_02B.MP3,15464,MP3
SOUND\VOICE\V071\V071_051_01.MP3,12120,MP3
SOUND\VOICE\V071\V071_051_02.MP3,58096,MP3
SOUND\VOICE\V071\V071_052_01.MP3,27376,MP3
SOUND\VOICE\V071\V071_052_02.MP3,23823,MP3
SOUND\VOICE\V071\V071_053_01A.MP3,59141,MP3
SOUND\VOICE\V071\V071_053_01B.MP3,49110,MP3
SOUND\VOICE\V071\V071_054_01.MP3,22778,MP3
SOUND\VOICE\V071\V071_054_02.MP3,20897,MP3
SOUND\VOICE\V071\V071_054_03.MP3,8150,MP3
SOUND\VOICE\V071\V071_055_01.MP3,23196,MP3
SOUND\VOICE\V071\V071_056_01.MP3,23614,MP3
SOUND\VOICE\V071\V071_057_01.MP3,22987,MP3
SOUND\VOICE\V071\V071_057_02.MP3,22987,MP3
SOUND\VOICE\V071\V071_057_03.MP3,26122,MP3
SOUND\VOICE\V071\V071_058_01.MP3,20688,MP3
SOUND\VOICE\V071\V071_060_01.MP3,2716,MP3
SOUND\VOICE\V071\V071_061_01.MP3,3761,MP3
SOUND\VOICE\V071\V071_062_01.MP3,3343,MP3
SOUND\VOICE\V071\V071_063_01.MP3,5433,MP3
SOUND\VOICE\V071\V071_064_01.MP3,4806,MP3
SOUND\VOICE\V071\V071_065_01.MP3,8359,MP3
SOUND\VOICE\V072\V072_001_01.MP3,8777,MP3
SOUND\VOICE\V072\V072_001_02.MP3,18599,MP3
SOUND\VOICE\V072\V072_002_01.MP3,8777,MP3
SOUND\VOICE\V072\V072_003_01.MP3,16718,MP3
SOUND\VOICE\V072\V072_004_01.MP3,15255,MP3
SOUND\VOICE\V072\V072_005_01.MP3,6896,MP3
SOUND\VOICE\V072\V072_006_01.MP3,5433,MP3
SOUND\VOICE\V072\V072_006_02.MP3,6687,MP3
SOUND\VOICE\V072\V072_007_01.MP3,6478,MP3
SOUND\VOICE\V072\V072_007_02.MP3,18390,MP3
SOUND\VOICE\V072\V072_008_01.MP3,13792,MP3
SOUND\VOICE\V072\V072_008_02.MP3,18808,MP3
SOUND\VOICE\V072\V072_009_01.MP3,34481,MP3
SOUND\VOICE\V072\V072_009_02.MP3,19853,MP3
SOUND\VOICE\V072\V072_009_03.MP3,29884,MP3
SOUND\VOICE\V072\V072_010_01.MP3,8986,MP3
SOUND\VOICE\V072\V072_011_01.MP3,18808,MP3
SOUND\VOICE\V072\V072_011_02.MP3,21524,MP3
SOUND\VOICE\V072\V072_012_01.MP3,9822,MP3
SOUND\VOICE\V072\V072_013_01.MP3,8986,MP3
SOUND\VOICE\V072\V072_013_02.MP3,52244,MP3
SOUND\VOICE\V072\V072_013_03.MP3,20062,MP3
SOUND\VOICE\V072\V072_014_01.MP3,5851,MP3
SOUND\VOICE\V072\V072_015_01.MP3,24032,MP3
SOUND\VOICE\V072\V072_015_02.MP3,8986,MP3
SOUND\VOICE\V072\V072_015_03.MP3,38870,MP3
SOUND\VOICE\V072\V072_015_04.MP3,31137,MP3
SOUND\VOICE\V072\V072_016_01.MP3,6269,MP3
SOUND\VOICE\V072\V072_017_01.MP3,14001,MP3
SOUND\VOICE\V072\V072_017_02.MP3,32391,MP3
SOUND\VOICE\V072\V072_018_01.MP3,8568,MP3
SOUND\VOICE\V072\V072_019_01.MP3,19017,MP3
SOUND\VOICE\V072\V072_019_02.MP3,25286,MP3
SOUND\VOICE\V072\V072_019_03.MP3,25495,MP3
SOUND\VOICE\V072\V072_020_01.MP3,29466,MP3
SOUND\VOICE\V072\V072_020_02.MP3,8150,MP3
SOUND\VOICE\V072\V072_020_03.MP3,11911,MP3
SOUND\VOICE\V072\V072_020_04.MP3,46602,MP3
SOUND\VOICE\V072\V072_020_05.MP3,27167,MP3
SOUND\VOICE\V072\V072_021_01.MP3,6687,MP3
SOUND\VOICE\V072\V072_021_02.MP3,37616,MP3
SOUND\VOICE\V072\V072_021_03.MP3,44721,MP3
SOUND\VOICE\V072\V072_021_04.MP3,28630,MP3
SOUND\VOICE\V072\V072_021_05.MP3,32600,MP3
SOUND\VOICE\V072\V072_022_01.MP3,9404,MP3
SOUND\VOICE\V072\V072_022_02.MP3,16718,MP3
SOUND\VOICE\V072\V072_022_03.MP3,11493,MP3
SOUND\VOICE\V072\V072_022_04.MP3,28630,MP3
SOUND\VOICE\V072\V072_022_05.MP3,44930,MP3
SOUND\VOICE\V072\V072_022_06.MP3,47229,MP3
SOUND\VOICE\V072\V072_023_01.MP3,27585,MP3
SOUND\VOICE\V072\V072_024_01.MP3,16300,MP3
SOUND\VOICE\V072\V072_024_02.MP3,37825,MP3
SOUND\VOICE\V072\V072_024_03.MP3,12747,MP3
SOUND\VOICE\V072\V072_025_01.MP3,8777,MP3
SOUND\VOICE\V072\V072_026_01.MP3,4806,MP3
SOUND\VOICE\V072\V072_026_02.MP3,25286,MP3
SOUND\VOICE\V072\V072_027_01.MP3,31764,MP3
SOUND\VOICE\V072\V072_027_02.MP3,13165,MP3
SOUND\VOICE\V072\V072_028_01.MP3,30928,MP3
SOUND\VOICE\V072\V072_028_02.MP3,36780,MP3
SOUND\VOICE\V072\V072_029_01.MP3,44512,MP3
SOUND\VOICE\V072\V072_029_02.MP3,31346,MP3
SOUND\VOICE\V072\V072_029_03.MP3,36989,MP3
SOUND\VOICE\V072\V072_030_01.MP3,8986,MP3
SOUND\VOICE\V072\V072_031_01.MP3,27376,MP3
SOUND\VOICE\V072\V072_031_02.MP3,33645,MP3
SOUND\VOICE\V072\V072_031_03.MP3,7105,MP3
SOUND\VOICE\V072\V072_032_01.MP3,42631,MP3
SOUND\VOICE\V072\V072_032_02.MP3,7523,MP3
SOUND\VOICE\V072\V072_033_01.MP3,5224,MP3
SOUND\VOICE\V072\V072_033_02.MP3,21106,MP3
SOUND\VOICE\V072\V072_034_01.MP3,7732,MP3
SOUND\VOICE\V072\V072_034_02.MP3,5851,MP3
SOUND\VOICE\V072\V072_035_01.MP3,18390,MP3
SOUND\VOICE\V072\V072_035_02.MP3,24868,MP3
SOUND\VOICE\V072\V072_035_03.MP3,42631,MP3
SOUND\VOICE\V072\V072_036_01.MP3,35108,MP3
SOUND\VOICE\V072\V072_037_01.MP3,7941,MP3
SOUND\VOICE\V072\V072_037_02.MP3,13792,MP3
SOUND\VOICE\V072\V072_038_01.MP3,7314,MP3
SOUND\VOICE\V072\V072_039_01.MP3,21524,MP3
SOUND\VOICE\V072\V072_039_02.MP3,6896,MP3
SOUND\VOICE\V072\V072_040_01.MP3,7314,MP3
SOUND\VOICE\V072\V072_040_02.MP3,20897,MP3
SOUND\VOICE\V072\V072_041_01.MP3,5015,MP3
SOUND\VOICE\V072\V072_042_01.MP3,5015,MP3
SOUND\VOICE\V072\V072_042_02.MP3,15882,MP3
SOUND\VOICE\V072\V072_042_03.MP3,12956,MP3
SOUND\VOICE\V072\V072_043_01.MP3,12538,MP3
SOUND\VOICE\V072\V072_043_02.MP3,8568,MP3
SOUND\VOICE\V072\V072_043_03.MP3,12120,MP3
SOUND\VOICE\V072\V072_044_01.MP3,15255,MP3
SOUND\VOICE\V072\V072_044_02.MP3,21315,MP3
SOUND\VOICE\V072\V072_045_01.MP3,13165,MP3
SOUND\VOICE\V072\V072_045_02.MP3,16091,MP3
SOUND\VOICE\V072\V072_046_01.MP3,19017,MP3
SOUND\VOICE\V072\V072_046_02.MP3,22360,MP3
SOUND\VOICE\V072\V072_047_01.MP3,14210,MP3
SOUND\VOICE\V072\V072_047_02.MP3,12120,MP3
SOUND\VOICE\V072\V072_048_01.MP3,6687,MP3
SOUND\VOICE\V072\V072_049_01.MP3,17972,MP3
SOUND\VOICE\V074\V074_001_01.MP3,8359,MP3
SOUND\VOICE\V074\V074_002_01.MP3,5851,MP3
SOUND\VOICE\V074\V074_002_02.MP3,9195,MP3
SOUND\VOICE\V074\V074_003_01.MP3,4597,MP3
SOUND\VOICE\V074\V074_003_02.MP3,14001,MP3
SOUND\VOICE\V074\V074_003_03.MP3,6896,MP3
SOUND\VOICE\V074\V074_004_01.MP3,7105,MP3
SOUND\VOICE\V074\V074_005_01.MP3,12329,MP3
SOUND\VOICE\V074\V074_006_01.MP3,5642,MP3
SOUND\VOICE\V074\V074_006_02.MP3,12956,MP3
SOUND\VOICE\V074\V074_007_01.MP3,14001,MP3
SOUND\VOICE\V074\V074_008_01.MP3,4388,MP3
SOUND\VOICE\V074\V074_009_01.MP3,20480,MP3
SOUND\VOICE\V074\V074_010_01.MP3,3970,MP3
SOUND\VOICE\V074\V074_011_01.MP3,6269,MP3
SOUND\VOICE\V074\V074_012_01.MP3,9195,MP3
SOUND\VOICE\V074\V074_013_01.MP3,12538,MP3
SOUND\VOICE\V074\V074_013_02.MP3,19017,MP3
SOUND\VOICE\V074\V074_014_01.MP3,32600,MP3
SOUND\VOICE\V074\V074_014_02.MP3,23823,MP3
SOUND\VOICE\V074\V074_014_03.MP3,21942,MP3
SOUND\VOICE\V074\V074_015_01.MP3,31973,MP3
SOUND\VOICE\V074\V074_015_02.MP3,13165,MP3
SOUND\VOICE\V074\V074_015_03.MP3,16509,MP3
SOUND\VOICE\V074\V074_016_01.MP3,9822,MP3
SOUND\VOICE\V074\V074_016_02.MP3,8986,MP3
SOUND\VOICE\V074\V074_017_01.MP3,36153,MP3
SOUND\VOICE\V074\V074_017_02.MP3,27167,MP3
SOUND\VOICE\V074\V074_018_01.MP3,15882,MP3
SOUND\VOICE\V074\V074_019_01.MP3,11702,MP3
SOUND\VOICE\V074\V074_019_02.MP3,18390,MP3
SOUND\VOICE\V074\V074_020_01.MP3,4179,MP3
SOUND\VOICE\V074\V074_020_02.MP3,8150,MP3
SOUND\VOICE\V074\V074_021_01.MP3,6060,MP3
SOUND\VOICE\V076\V076_001_01.MP3,5642,MP3
SOUND\VOICE\V076\V076_002_01.MP3,6896,MP3
SOUND\VOICE\V076\V076_003_01.MP3,6060,MP3
SOUND\VOICE\V076\V076_003_02.MP3,5642,MP3
SOUND\VOICE\V076\V076_004_01.MP3,5642,MP3
SOUND\VOICE\V076\V076_004_02.MP3,20271,MP3
SOUND\VOICE\V076\V076_004_03.MP3,52244,MP3
SOUND\VOICE\V076\V076_005_01.MP3,27376,MP3
SOUND\VOICE\V076\V076_005_02.MP3,39706,MP3
SOUND\VOICE\V076\V076_005_03.MP3,22360,MP3
SOUND\VOICE\V076\V076_006_01.MP3,6896,MP3
SOUND\VOICE\V076\V076_006_02.MP3,32600,MP3
SOUND\VOICE\V076\V076_007_01.MP3,15464,MP3
SOUND\VOICE\V076\V076_008_01.MP3,17345,MP3
SOUND\VOICE\V076\V076_009_01.MP3,6269,MP3
SOUND\VOICE\V076\V076_010_01.MP3,9613,MP3
SOUND\VOICE\V076\V076_010_02.MP3,47020,MP3
SOUND\VOICE\V076\V076_010_03.MP3,30720,MP3
SOUND\VOICE\V076\V076_010_04.MP3,41168,MP3
SOUND\VOICE\V076\V076_010_05.MP3,23196,MP3
SOUND\VOICE\V076\V076_011_01.MP3,4388,MP3
SOUND\VOICE\V076\V076_011_02.MP3,5851,MP3
SOUND\VOICE\V076\V076_011_03.MP3,6687,MP3
SOUND\VOICE\V076\V076_011_04.MP3,12329,MP3
SOUND\VOICE\V076\V076_012_01.MP3,4388,MP3
SOUND\VOICE\V076\V076_013_01.MP3,6269,MP3
SOUND\VOICE\V076\V076_013_02.MP3,17972,MP3
SOUND\VOICE\V076\V076_014_01.MP3,17554,MP3
SOUND\VOICE\V076\V076_015_01.MP3,11075,MP3
SOUND\VOICE\V076\V076_015_02.MP3,41168,MP3
SOUND\VOICE\V076\V076_015_03.MP3,8986,MP3
SOUND\VOICE\V076\V076_015_04.MP3,13583,MP3
SOUND\VOICE\V076\V076_015_05.MP3,10240,MP3
SOUND\VOICE\V076\V076_016_01.MP3,55379,MP3
SOUND\VOICE\V076\V076_016_02.MP3,11911,MP3
SOUND\VOICE\V076\V076_016_03.MP3,7105,MP3
SOUND\VOICE\V076\V076_017_01.MP3,11075,MP3
SOUND\VOICE\V076\V076_018_01.MP3,5642,MP3
SOUND\VOICE\V076\V076_018_02.MP3,20688,MP3
SOUND\VOICE\V076\V076_019_01.MP3,24659,MP3
SOUND\VOICE\V076\V076_019_02.MP3,64574,MP3
SOUND\VOICE\V076\V076_019_03.MP3,28839,MP3
SOUND\VOICE\V076\V076_019_04.MP3,40124,MP3
SOUND\VOICE\V076\V076_019_05.MP3,47647,MP3
SOUND\VOICE\V076\V076_019_06.MP3,46184,MP3
SOUND\VOICE\V076\V076_019_07.MP3,50991,MP3
SOUND\VOICE\V076\V076_020_01.MP3,28630,MP3
SOUND\VOICE\V076\V076_020_02.MP3,34690,MP3
SOUND\VOICE\V076\V076_020_03.MP3,44094,MP3
SOUND\VOICE\V076\V076_020_04.MP3,31764,MP3
SOUND\VOICE\V076\V076_020_05.MP3,41377,MP3
SOUND\VOICE\V076\V076_020_06.MP3,35108,MP3
SOUND\VOICE\V076\V076_021_01.MP3,38243,MP3
SOUND\VOICE\V076\V076_021_02.MP3,30928,MP3
SOUND\VOICE\V076\V076_021_03.MP3,16718,MP3
SOUND\VOICE\V076\V076_021_04.MP3,22569,MP3
SOUND\VOICE\V076\V076_021_05.MP3,62902,MP3
SOUND\VOICE\V076\V076_021_06.MP3,27167,MP3
SOUND\VOICE\V076\V076_022_01.MP3,11075,MP3
SOUND\VOICE\V076\V076_022_02.MP3,35944,MP3
SOUND\VOICE\V076\V076_022_03.MP3,6478,MP3
SOUND\VOICE\V076\V076_023_01.MP3,3552,MP3
SOUND\VOICE\V076\V076_024_01.MP3,7523,MP3
SOUND\VOICE\V076\V076_025_01.MP3,23196,MP3
SOUND\VOICE\V076\V076_026_01.MP3,17554,MP3
SOUND\VOICE\V076\V076_027_01.MP3,2507,MP3
SOUND\VOICE\V076\V076_028_01.MP3,20271,MP3
SOUND\VOICE\V076\V076_028_02.MP3,18181,MP3
SOUND\VOICE\V076\V076_029_01.MP3,2925,MP3
SOUND\VOICE\V076\V076_030_01.MP3,20480,MP3
SOUND\VOICE\V076\V076_031_01.MP3,5015,MP3
SOUND\VOICE\V077\V077_001_01.MP3,17554,MP3
SOUND\VOICE\V077\V077_002_01.MP3,5433,MP3
SOUND\VOICE\V077\V077_003_01.MP3,19017,MP3
SOUND\VOICE\V077\V077_003_02.MP3,19435,MP3
SOUND\VOICE\V077\V077_004_01.MP3,15464,MP3
SOUND\VOICE\V077\V077_004_02.MP3,21942,MP3
SOUND\VOICE\V077\V077_005_01.MP3,13165,MP3
SOUND\VOICE\V077\V077_006_01.MP3,12747,MP3
SOUND\VOICE\V077\V077_007_01.MP3,8777,MP3
SOUND\VOICE\V077\V077_008_01.MP3,2925,MP3
SOUND\VOICE\V077\V077_009_01.MP3,27167,MP3
SOUND\VOICE\V077\V077_010_01.MP3,9822,MP3
SOUND\VOICE\V077\V077_011_01.MP3,44512,MP3
SOUND\VOICE\V077\V077_011_02.MP3,33854,MP3
SOUND\VOICE\V077\V077_012_01.MP3,34690,MP3
SOUND\VOICE\V077\V077_012_02.MP3,29884,MP3
SOUND\VOICE\V077\V077_013_01.MP3,21733,MP3
SOUND\VOICE\V077\V077_013_02.MP3,20688,MP3
SOUND\VOICE\V077\V077_014_01.MP3,7523,MP3
SOUND\VOICE\V077\V077_014_02.MP3,12329,MP3
SOUND\VOICE\V077\V077_015_01.MP3,31137,MP3
SOUND\VOICE\V077\V077_015_02.MP3,18390,MP3
SOUND\VOICE\V077\V077_015_03.MP3,18181,MP3
SOUND\VOICE\V077\V077_015_04.MP3,14419,MP3
SOUND\VOICE\V077\V077_015_05.MP3,16509,MP3
SOUND\VOICE\V077\V077_016_01.MP3,5851,MP3
SOUND\VOICE\V077\V077_017_01.MP3,21733,MP3
SOUND\VOICE\V077\V077_018_01.MP3,28839,MP3
SOUND\VOICE\V077\V077_019_01.MP3,3761,MP3
SOUND\VOICE\V077\V077_020_01.MP3,4388,MP3
SOUND\VOICE\V077\V077_021_01.MP3,16927,MP3
SOUND\VOICE\V077\V077_022_01.MP3,12956,MP3
SOUND\VOICE\V077\V077_022_02.MP3,17136,MP3
SOUND\VOICE\V077\V077_023_01.MP3,11702,MP3
SOUND\VOICE\V077\V077_023_02.MP3,21106,MP3
SOUND\VOICE\V077\V077_024_01.MP3,24032,MP3
SOUND\VOICE\V077\V077_025_01.MP3,11493,MP3
SOUND\VOICE\V077\V077_025_02.MP3,22151,MP3
SOUND\VOICE\V077\V077_026_01.MP3,4179,MP3
SOUND\VOICE\V077\V077_027_01.MP3,23196,MP3
SOUND\VOICE\V077\V077_027_02.MP3,19017,MP3
SOUND\VOICE\V077\V077_027_03.MP3,16300,MP3
SOUND\VOICE\V077\V077_028_01.MP3,2716,MP3
SOUND\VOICE\V077\V077_028_02.MP3,15255,MP3
SOUND\VOICE\V077\V077_029_01.MP3,8568,MP3
SOUND\VOICE\V077\V077_029_02.MP3,18808,MP3
SOUND\VOICE\V077\V077_030_01.MP3,5015,MP3
SOUND\VOICE\V077\V077_031_01.MP3,5015,MP3
SOUND\VOICE\V077\V077_031_02.MP3,11284,MP3
SOUND\VOICE\V078\V078_001_01.MP3,4806,MP3
SOUND\VOICE\V078\V078_001_02.MP3,12538,MP3
SOUND\VOICE\V078\V078_002_01.MP3,23823,MP3
SOUND\VOICE\V078\V078_002_02.MP3,30511,MP3
SOUND\VOICE\V078\V078_002_03.MP3,79412,MP3
SOUND\VOICE\V078\V078_002_04.MP3,42422,MP3
SOUND\VOICE\V078\V078_002_05.MP3,15464,MP3
SOUND\VOICE\V078\V078_002_06.MP3,22569,MP3
SOUND\VOICE\V078\V078_002_07.MP3,49946,MP3
SOUND\VOICE\V078\V078_002_08.MP3,38870,MP3
SOUND\VOICE\V078\V078_002_09.MP3,29048,MP3
SOUND\VOICE\V078\V078_003_01.MP3,5224,MP3
SOUND\VOICE\V078\V078_003_02.MP3,24241,MP3
SOUND\VOICE\V078\V078_003_03.MP3,78994,MP3
SOUND\VOICE\V078\V078_003_04.MP3,14001,MP3
SOUND\VOICE\V078\V078_003_05.MP3,47020,MP3
SOUND\VOICE\V078\V078_003_06.MP3,41795,MP3
SOUND\VOICE\V078\V078_003_07.MP3,22360,MP3
SOUND\VOICE\V078\V078_003_08.MP3,2298,MP3
SOUND\VOICE\V078\V078_003_09.MP3,15464,MP3
SOUND\VOICE\V078\V078_003_10.MP3,5851,MP3
SOUND\VOICE\V078\V078_004_01.MP3,41586,MP3
SOUND\VOICE\V078\V078_004_02.MP3,35526,MP3
SOUND\VOICE\V078\V078_004_03.MP3,64574,MP3
SOUND\VOICE\V078\V078_004_04.MP3,8359,MP3
SOUND\VOICE\V078\V078_004_05.MP3,17136,MP3
SOUND\VOICE\V078\V078_004_06.MP3,25913,MP3
SOUND\VOICE\V078\V078_004_07.MP3,36362,MP3
SOUND\VOICE\V078\V078_004_08.MP3,37825,MP3
SOUND\VOICE\V078\V078_005_01.MP3,61648,MP3
SOUND\VOICE\V078\V078_005_02.MP3,40960,MP3
SOUND\VOICE\V078\V078_005_03.MP3,45766,MP3
SOUND\VOICE\V078\V078_006_01.MP3,11702,MP3
SOUND\VOICE\V078\V078_006_02.MP3,11493,MP3
SOUND\VOICE\V078\V078_006_03.MP3,31137,MP3
SOUND\VOICE\V078\V078_007_01.MP3,59559,MP3
SOUND\VOICE\V078\V078_008_01.MP3,51826,MP3
SOUND\VOICE\V078\V078_008_02.MP3,47020,MP3
SOUND\VOICE\V078\V078_008_03.MP3,26958,MP3
SOUND\VOICE\V078\V078_008_04.MP3,75650,MP3
SOUND\VOICE\V078\V078_009_01.MP3,51200,MP3
SOUND\VOICE\V078\V078_009_02.MP3,20480,MP3
SOUND\VOICE\V078\V078_009_03.MP3,25077,MP3
SOUND\VOICE\V078\V078_009_04.MP3,21733,MP3
SOUND\VOICE\V078\V078_009_05.MP3,100519,MP3
SOUND\VOICE\V078\V078_009_06.MP3,49946,MP3
SOUND\VOICE\V078\V078_010_01.MP3,6269,MP3
SOUND\VOICE\V078\V078_011_01.MP3,43258,MP3
SOUND\VOICE\V078\V078_011_02.MP3,21106,MP3
SOUND\VOICE\V078\V078_011_03.MP3,12120,MP3
SOUND\VOICE\V078\V078_011_04.MP3,15464,MP3
SOUND\VOICE\V078\V078_011_05.MP3,61440,MP3
SOUND\VOICE\V078\V078_012_01.MP3,37407,MP3
SOUND\VOICE\V078\V078_012_02.MP3,27794,MP3
SOUND\VOICE\V078\V078_012_03.MP3,11702,MP3
SOUND\VOICE\V078\V078_012_04.MP3,26122,MP3
SOUND\VOICE\V078\V078_013_01.MP3,33018,MP3
SOUND\VOICE\V078\V078_013_02.MP3,28630,MP3
SOUND\VOICE\V078\V078_013_03.MP3,45139,MP3
SOUND\VOICE\V078\V078_013_04.MP3,8986,MP3
SOUND\VOICE\V078\V078_013_05.MP3,17763,MP3
SOUND\VOICE\V078\V078_014_01.MP3,33227,MP3
SOUND\VOICE\V078\V078_014_02.MP3,6687,MP3
SOUND\VOICE\V078\V078_014_03.MP3,6478,MP3
SOUND\VOICE\V078\V078_014_04.MP3,59141,MP3
SOUND\VOICE\V078\V078_014_05.MP3,12329,MP3
SOUND\VOICE\V078\V078_014_06.MP3,27794,MP3
SOUND\VOICE\V078\V078_015_01.MP3,28003,MP3
SOUND\VOICE\V078\V078_015_02.MP3,24032,MP3
SOUND\VOICE\V078\V078_016_01.MP3,17345,MP3
SOUND\VOICE\V078\V078_016_02.MP3,46602,MP3
SOUND\VOICE\V078\V078_016_03.MP3,31764,MP3
SOUND\VOICE\V078\V078_016_04.MP3,8777,MP3
SOUND\VOICE\V078\V078_016_05.MP3,45139,MP3
SOUND\VOICE\V078\V078_016_06.MP3,16091,MP3
SOUND\VOICE\V078\V078_016_07.MP3,14419,MP3
SOUND\VOICE\V078\V078_016_08.MP3,19435,MP3
SOUND\VOICE\V078\V078_017_01.MP3,33018,MP3
SOUND\VOICE\V078\V078_017_02.MP3,39915,MP3
SOUND\VOICE\V078\V078_017_03.MP3,28212,MP3
SOUND\VOICE\V079\V079_001_01.MP3,5642,MP3
SOUND\VOICE\V079\V079_001_02.MP3,45348,MP3
SOUND\VOICE\V079\V079_001_03.MP3,36362,MP3
SOUND\VOICE\V079\V079_001_04.MP3,40333,MP3
SOUND\VOICE\V079\V079_002_01.MP3,7523,MP3
SOUND\VOICE\V079\V079_003_01.MP3,22778,MP3
SOUND\VOICE\V079\V079_003_02.MP3,28003,MP3
SOUND\VOICE\V079\V079_003_03.MP3,38452,MP3
SOUND\VOICE\V079\V079_004_01.MP3,9822,MP3
SOUND\VOICE\V080\V080_001_01.MP3,27794,MP3
SOUND\VOICE\V080\V080_002_01.MP3,12120,MP3
SOUND\VOICE\V080\V080_002_02.MP3,17972,MP3
SOUND\VOICE\V080\V080_002_03.MP3,32600,MP3
SOUND\VOICE\V080\V080_002_04.MP3,36780,MP3
SOUND\VOICE\V080\V080_003_01.MP3,16927,MP3
SOUND\VOICE\V080\V080_004_01.MP3,8568,MP3
SOUND\VOICE\V080\V080_004_02.MP3,28212,MP3
SOUND\VOICE\V080\V080_005_01.MP3,19853,MP3
SOUND\VOICE\V080\V080_005_02.MP3,30511,MP3
SOUND\VOICE\V080\V080_005_03.MP3,13583,MP3
SOUND\VOICE\V080\V080_006_01.MP3,44303,MP3
SOUND\VOICE\V080\V080_007_01.MP3,8986,MP3
SOUND\VOICE\V080\V080_008_01.MP3,10240,MP3
SOUND\VOICE\V080\V080_009_01.MP3,14837,MP3
SOUND\VOICE\V080\V080_009_02.MP3,12329,MP3
SOUND\VOICE\V080\V080_009_03.MP3,11493,MP3
SOUND\VOICE\V080\V080_010_01.MP3,29257,MP3
SOUND\VOICE\V080\V080_010_02.MP3,24659,MP3
SOUND\VOICE\V080\V080_010_03.MP3,36780,MP3
SOUND\VOICE\V080\V080_010_04.MP3,25495,MP3
SOUND\VOICE\V080\V080_010_05.MP3,44303,MP3
SOUND\VOICE\V080\V080_011_01.MP3,35526,MP3
SOUND\VOICE\V080\V080_011_02.MP3,28630,MP3
SOUND\VOICE\V080\V080_011_03.MP3,35735,MP3
SOUND\VOICE\V080\V080_011_04.MP3,22987,MP3
SOUND\VOICE\V080\V080_012_01.MP3,9195,MP3
SOUND\VOICE\V080\V080_012_02.MP3,15046,MP3
SOUND\VOICE\V080\V080_013_01.MP3,44512,MP3
SOUND\VOICE\V080\V080_013_02.MP3,31137,MP3
SOUND\VOICE\V080\V080_014_01.MP3,27167,MP3
SOUND\VOICE\V080\V080_014_02.MP3,25077,MP3
SOUND\VOICE\V080\V080_015_01.MP3,6896,MP3
SOUND\VOICE\V080\V080_016_01.MP3,7314,MP3
SOUND\VOICE\V081\V081_001_01.MP3,27167,MP3
SOUND\VOICE\V081\V081_001_02.MP3,31555,MP3
SOUND\VOICE\V081\V081_001_03.MP3,19644,MP3
SOUND\VOICE\V081\V081_001_04.MP3,46602,MP3
SOUND\VOICE\V081\V081_001_05.MP3,35526,MP3
SOUND\VOICE\V081\V081_001_06.MP3,50155,MP3
SOUND\VOICE\V081\V081_001_07.MP3,24659,MP3
SOUND\VOICE\V081\V081_001_08.MP3,30928,MP3
SOUND\VOICE\V081\V081_001_09.MP3,33645,MP3
SOUND\VOICE\V081\V081_002_01.MP3,25704,MP3
SOUND\VOICE\V081\V081_002_02.MP3,33645,MP3
SOUND\VOICE\V081\V081_002_03.MP3,36362,MP3
SOUND\VOICE\V081\V081_003_01.MP3,27794,MP3
SOUND\VOICE\V081\V081_003_02.MP3,21524,MP3
SOUND\VOICE\V081\V081_003_03.MP3,31555,MP3
SOUND\VOICE\V081\V081_004_01.MP3,5433,MP3
SOUND\VOICE\V081\V081_004_02.MP3,28421,MP3
SOUND\VOICE\V081\V081_005_01.MP3,23196,MP3
SOUND\VOICE\V081\V081_006_01.MP3,53707,MP3
SOUND\VOICE\V081\V081_006_02.MP3,25704,MP3
SOUND\VOICE\V081\V081_006_03.MP3,31973,MP3
SOUND\VOICE\V081\V081_006_04.MP3,68963,MP3
SOUND\VOICE\V081\V081_007_01.MP3,29884,MP3
SOUND\VOICE\V081\V081_008_01.MP3,79412,MP3
SOUND\VOICE\V081\V081_009_01.MP3,26749,MP3
SOUND\VOICE\V081\V081_010_01.MP3,72933,MP3
SOUND\VOICE\V081\V081_011_01.MP3,30511,MP3
SOUND\VOICE\V081\V081_012_01.MP3,6060,MP3
SOUND\VOICE\V081\V081_013_01.MP3,32391,MP3
SOUND\VOICE\V081\V081_014_01.MP3,16300,MP3
SOUND\VOICE\V081\V081_015_01.MP3,48692,MP3
SOUND\VOICE\V081\V081_015_02.MP3,39497,MP3
SOUND\VOICE\V081\V081_016_01.MP3,5433,MP3
SOUND\VOICE\V081\V081_016_02.MP3,6896,MP3
SOUND\VOICE\V081\V081_016_03.MP3,6269,MP3
SOUND\VOICE\V081\V081_017_01.MP3,11284,MP3
SOUND\VOICE\V081\V081_018_01.MP3,7732,MP3
SOUND\VOICE\V081\V081_019_01.MP3,6269,MP3
SOUND\VOICE\V081\V081_020_01.MP3,8777,MP3
SOUND\VOICE\V081\V081_021_01.MP3,4806,MP3
SOUND\VOICE\V081\V081_022_01.MP3,14628,MP3
SOUND\VOICE\V081\V081_023_01.MP3,18390,MP3
SOUND\VOICE\V081\V081_024_01.MP3,5224,MP3
SOUND\VOICE\V081\V081_025_01.MP3,18808,MP3
SOUND\VOICE\V081\V081_026_01.MP3,17345,MP3
SOUND\VOICE\V081\V081_026_02.MP3,5851,MP3
SOUND\VOICE\V081\V081_026_03.MP3,5224,MP3
SOUND\VOICE\V081\V081_027_01.MP3,15464,MP3
SOUND\VOICE\V081\V081_028_01.MP3,24450,MP3
SOUND\VOICE\V081\V081_028_02.MP3,22778,MP3
SOUND\VOICE\V081\V081_028_03.MP3,71053,MP3
SOUND\VOICE\V081\V081_029_01.MP3,14837,MP3
SOUND\VOICE\V082\V082_001_01.MP3,7523,MP3
SOUND\VOICE\V082\V082_001_02.MP3,18181,MP3
SOUND\VOICE\V082\V082_002_01.MP3,38243,MP3
SOUND\VOICE\V082\V082_003_01.MP3,15464,MP3
SOUND\VOICE\V082\V082_003_02.MP3,22778,MP3
SOUND\VOICE\V082\V082_004_01.MP3,33436,MP3
SOUND\VOICE\V082\V082_005_01.MP3,8777,MP3
SOUND\VOICE\V082\V082_006_01.MP3,2507,MP3
SOUND\VOICE\V082\V082_007_01.MP3,28003,MP3
SOUND\VOICE\V082\V082_007_02.MP3,23823,MP3
SOUND\VOICE\V082\V082_007_03.MP3,28839,MP3
SOUND\VOICE\V082\V082_008_01.MP3,23614,MP3
SOUND\VOICE\V082\V082_008_02.MP3,14001,MP3
SOUND\VOICE\V082\V082_008_03.MP3,14837,MP3
SOUND\VOICE\V082\V082_008_04.MP3,34272,MP3
SOUND\VOICE\V082\V082_009_01.MP3,31973,MP3
SOUND\VOICE\V082\V082_010_01.MP3,16300,MP3
SOUND\VOICE\V082\V082_011_01.MP3,5224,MP3
SOUND\VOICE\V082\V082_011_02.MP3,14419,MP3
SOUND\VOICE\V082\V082_012_01.MP3,7941,MP3
SOUND\VOICE\V082\V082_012_02.MP3,14837,MP3
SOUND\VOICE\V082\V082_012_03.MP3,12120,MP3
SOUND\VOICE\V082\V082_013_01.MP3,14210,MP3
SOUND\VOICE\V082\V082_014_01.MP3,8777,MP3
SOUND\VOICE\V082\V082_015_01.MP3,14419,MP3
SOUND\VOICE\V082\V082_015_02.MP3,12329,MP3
SOUND\VOICE\V082\V082_015_03.MP3,18808,MP3
SOUND\VOICE\V082\V082_015_04.MP3,19017,MP3
SOUND\VOICE\V082\V082_016_01.MP3,4179,MP3
SOUND\VOICE\V082\V082_017_01.MP3,7314,MP3
SOUND\VOICE\V082\V082_018_01.MP3,11075,MP3
SOUND\VOICE\V082\V082_019_01.MP3,13583,MP3
SOUND\VOICE\V082\V082_020_01.MP3,4806,MP3
SOUND\VOICE\V082\V082_020_02.MP3,14837,MP3
SOUND\VOICE\V082\V082_021_01.MP3,12329,MP3
SOUND\VOICE\V082\V082_021_02.MP3,47438,MP3
SOUND\VOICE\V082\V082_021_03.MP3,25704,MP3
SOUND\VOICE\V082\V082_022_01.MP3,7314,MP3
SOUND\VOICE\V082\V082_023_01.MP3,40751,MP3
SOUND\VOICE\V082\V082_024_01A.MP3,65201,MP3
SOUND\VOICE\V082\V082_024_01B.MP3,62693,MP3
SOUND\VOICE\V082\V082_024_02A.MP3,7941,MP3
SOUND\VOICE\V082\V082_024_02B.MP3,7941,MP3
SOUND\VOICE\V082\V082_024_03A.MP3,25913,MP3
SOUND\VOICE\V082\V082_024_03B.MP3,23823,MP3
SOUND\VOICE\V082\V082_024_04A.MP3,29675,MP3
SOUND\VOICE\V082\V082_024_04B.MP3,29675,MP3
SOUND\VOICE\V082\V082_025_01.MP3,3970,MP3
SOUND\VOICE\V082\V082_025_02.MP3,5642,MP3
SOUND\VOICE\V082\V082_026_01.MP3,6687,MP3
SOUND\VOICE\V082\V082_027_01.MP3,6060,MP3
SOUND\VOICE\V082\V082_028_01.MP3,5015,MP3
SOUND\VOICE\V082\V082_029_01.MP3,30511,MP3
SOUND\VOICE\V082\V082_030_01.MP3,2925,MP3
SOUND\VOICE\V082\V082_031_01.MP3,6896,MP3
SOUND\VOICE\V082\V082_032_01.MP3,16091,MP3
SOUND\VOICE\V082\V082_032_02.MP3,28212,MP3
SOUND\VOICE\V082\V082_032_03.MP3,15882,MP3
SOUND\VOICE\V082\V082_033_01.MP3,6896,MP3
SOUND\VOICE\V082\V082_033_02.MP3,12538,MP3
SOUND\VOICE\V082\V082_034_01.MP3,5433,MP3
SOUND\VOICE\V082\V082_034_02.MP3,7732,MP3
SOUND\VOICE\V082\V082_035_01.MP3,15255,MP3
SOUND\VOICE\V082\V082_035_02.MP3,20271,MP3
SOUND\VOICE\V082\V082_036_01.MP3,7523,MP3
SOUND\VOICE\V082\V082_037_01.MP3,21315,MP3
SOUND\VOICE\V082\V082_037_02.MP3,12538,MP3
SOUND\VOICE\V082\V082_037_03.MP3,24241,MP3
SOUND\VOICE\V082\V082_038_01.MP3,3134,MP3
SOUND\VOICE\V082\V082_039_01.MP3,7732,MP3
SOUND\VOICE\V082\V082_040_01.MP3,8777,MP3
SOUND\VOICE\V083\V083_001_01.MP3,8359,MP3
SOUND\VOICE\V083\V083_002_01.MP3,12538,MP3
SOUND\VOICE\V083\V083_002_02.MP3,17972,MP3
SOUND\VOICE\V083\V083_003_01.MP3,35735,MP3
SOUND\VOICE\V083\V083_004_01.MP3,19853,MP3
SOUND\VOICE\V083\V083_005_01.MP3,8568,MP3
SOUND\VOICE\V083\V083_006_01.MP3,5433,MP3
SOUND\VOICE\V083\V083_007_01.MP3,18390,MP3
SOUND\VOICE\V083\V083_008_01.MP3,6269,MP3
SOUND\VOICE\V083\V083_008_02.MP3,7941,MP3
SOUND\VOICE\V083\V083_008_03.MP3,14001,MP3
SOUND\VOICE\V083\V083_009_01.MP3,22987,MP3
SOUND\VOICE\V083\V083_009_02.MP3,22151,MP3
SOUND\VOICE\V083\V083_010_01.MP3,26958,MP3
SOUND\VOICE\V083\V083_010_02.MP3,27794,MP3
SOUND\VOICE\V083\V083_011_01.MP3,8986,MP3
SOUND\VOICE\V083\V083_012_01.MP3,25286,MP3
SOUND\VOICE\V083\V083_012_02.MP3,31973,MP3
SOUND\VOICE\V083\V083_012_03.MP3,26122,MP3
SOUND\VOICE\V083\V083_012_04.MP3,8359,MP3
SOUND\VOICE\V083\V083_012_05.MP3,15673,MP3
SOUND\VOICE\V083\V083_013_01.MP3,7941,MP3
SOUND\VOICE\V083\V083_014_01.MP3,12120,MP3
SOUND\VOICE\V083\V083_015_01.MP3,17763,MP3
SOUND\VOICE\V083\V083_016_01A.MP3,8986,MP3
SOUND\VOICE\V083\V083_016_01B.MP3,9404,MP3
SOUND\VOICE\V083\V083_016_01C.MP3,8986,MP3
SOUND\VOICE\V083\V083_017_01.MP3,11075,MP3
SOUND\VOICE\V083\V083_017_02.MP3,14419,MP3
SOUND\VOICE\V083\V083_018_01.MP3,5433,MP3
SOUND\VOICE\V083\V083_019_01.MP3,5851,MP3
SOUND\VOICE\V083\V083_019_02.MP3,6896,MP3
SOUND\VOICE\V083\V083_020_01.MP3,20897,MP3
SOUND\VOICE\V083\V083_021_01.MP3,4179,MP3
SOUND\VOICE\V083\V083_022_01.MP3,59559,MP3
SOUND\VOICE\V083\V083_023_01.MP3,6269,MP3
SOUND\VOICE\V083\V083_024_01.MP3,5851,MP3
SOUND\VOICE\V083\V083_025_01.MP3,5015,MP3
SOUND\VOICE\V083\V083_026_01.MP3,21315,MP3
SOUND\VOICE\V083\V083_027_01.MP3,1671,MP3
SOUND\VOICE\V083\V083_027_02.MP3,5015,MP3
SOUND\VOICE\V084\V084_001_01.MP3,9613,MP3
SOUND\VOICE\V084\V084_001_02.MP3,25913,MP3
SOUND\VOICE\V084\V084_002_01.MP3,44512,MP3
SOUND\VOICE\V084\V084_002_02.MP3,34690,MP3
SOUND\VOICE\V084\V084_003_01.MP3,44930,MP3
SOUND\VOICE\V084\V084_003_02.MP3,59350,MP3
SOUND\VOICE\V084\V084_003_03.MP3,79412,MP3
SOUND\VOICE\V084\V084_004_01.MP3,57260,MP3
SOUND\VOICE\V084\V084_004_02.MP3,54543,MP3
SOUND\VOICE\V084\V084_004_03.MP3,42213,MP3
SOUND\VOICE\V084\V084_004_04.MP3,33854,MP3
SOUND\VOICE\V084\V084_004_05.MP3,25704,MP3
SOUND\VOICE\V084\V084_004_06.MP3,42422,MP3
SOUND\VOICE\V084\V084_005_01.MP3,66246,MP3
SOUND\VOICE\V084\V084_005_02.MP3,52244,MP3
SOUND\VOICE\V084\V084_005_03.MP3,64365,MP3
SOUND\VOICE\V084\V084_005_04.MP3,34690,MP3
SOUND\VOICE\V084\V084_005_05.MP3,54334,MP3
SOUND\VOICE\V084\V084_005_06.MP3,64365,MP3
SOUND\VOICE\V084\V084_006_01.MP3,26958,MP3
SOUND\VOICE\V084\V084_006_02.MP3,13792,MP3
SOUND\VOICE\V084\V084_006_03.MP3,41168,MP3
SOUND\VOICE\V084\V084_007_01.MP3,52662,MP3
SOUND\VOICE\V084\V084_007_02.MP3,26958,MP3
SOUND\VOICE\V084\V084_007_03.MP3,47229,MP3
SOUND\VOICE\V084\V084_007_04.MP3,72724,MP3
SOUND\VOICE\V084\V084_008_01.MP3,51617,MP3
SOUND\VOICE\V084\V084_008_02.MP3,46184,MP3
SOUND\VOICE\V084\V084_008_03.MP3,28003,MP3
SOUND\VOICE\V084\V084_008_04.MP3,63529,MP3
SOUND\VOICE\V084\V084_009_01.MP3,92160,MP3
SOUND\VOICE\V084\V084_009_02.MP3,84845,MP3
SOUND\VOICE\V084\V084_010_01.MP3,50155,MP3
SOUND\VOICE\V084\V084_011_01.MP3,31973,MP3
SOUND\VOICE\V084\V084_011_02.MP3,10657,MP3
SOUND\VOICE\V084\V084_012_01.MP3,38034,MP3
SOUND\VOICE\V084\V084_013_01.MP3,3552,MP3
SOUND\VOICE\V084\V084_014_01.MP3,2925,MP3
SOUND\VOICE\V085\V085_001_01.MP3,5433,MP3
SOUND\VOICE\V085\V085_002_01.MP3,5224,MP3
SOUND\VOICE\V085\V085_003_01.MP3,7941,MP3
SOUND\VOICE\V085\V085_003_02.MP3,14001,MP3
SOUND\VOICE\V085\V085_004_01.MP3,10240,MP3
SOUND\VOICE\V085\V085_004_02.MP3,14837,MP3
SOUND\VOICE\V085\V085_005_01.MP3,14837,MP3
SOUND\VOICE\V085\V085_006_01.MP3,30093,MP3
SOUND\VOICE\V085\V085_006_02.MP3,10657,MP3
SOUND\VOICE\V085\V085_007_01.MP3,6269,MP3
SOUND\VOICE\V085\V085_008_01.MP3,8150,MP3
SOUND\VOICE\V085\V085_009_01.MP3,6687,MP3
SOUND\VOICE\V085\V085_010_01.MP3,12329,MP3
SOUND\VOICE\V085\V085_011_01.MP3,5642,MP3
SOUND\VOICE\V085\V085_012_01.MP3,6687,MP3
SOUND\VOICE\V086\V086_001_01.MP3,42004,MP3
SOUND\VOICE\V086\V086_001_02.MP3,5851,MP3
SOUND\VOICE\V086\V086_002_01.MP3,9613,MP3
SOUND\VOICE\V086\V086_002_02.MP3,10866,MP3
SOUND\VOICE\V086\V086_002_03.MP3,12120,MP3
SOUND\VOICE\V086\V086_003_01.MP3,36780,MP3
SOUND\VOICE\V086\V086_003_02.MP3,13165,MP3
SOUND\VOICE\V086\V086_003_03.MP3,47438,MP3
SOUND\VOICE\V086\V086_004_01.MP3,9404,MP3
SOUND\VOICE\V086\V086_004_02.MP3,33854,MP3
SOUND\VOICE\V086\V086_005_01.MP3,24241,MP3
SOUND\VOICE\V086\V086_006_01.MP3,26749,MP3
SOUND\VOICE\V086\V086_006_02.MP3,33227,MP3
SOUND\VOICE\V086\V086_007_01.MP3,9613,MP3
SOUND\VOICE\V086\V086_008_01.MP3,8568,MP3
SOUND\VOICE\V086\V086_008_02.MP3,60604,MP3
SOUND\VOICE\V086\V086_009_01.MP3,16927,MP3
SOUND\VOICE\V086\V086_009_02.MP3,29257,MP3
SOUND\VOICE\V086\V086_009_03.MP3,56215,MP3
SOUND\VOICE\V086\V086_010_01.MP3,4388,MP3
SOUND\VOICE\V086\V086_011_01.MP3,71471,MP3
SOUND\VOICE\V086\V086_011_02.MP3,21315,MP3
SOUND\VOICE\V086\V086_012_01.MP3,6687,MP3
SOUND\VOICE\V086\V086_012_02.MP3,33436,MP3
SOUND\VOICE\V086\V086_012_03.MP3,6478,MP3
SOUND\VOICE\V086\V086_013_01.MP3,5851,MP3
SOUND\VOICE\V086\V086_014_02.MP3,14001,MP3
SOUND\VOICE\V086\V086_015_01.MP3,6687,MP3
SOUND\VOICE\V086\V086_016_01.MP3,13583,MP3
SOUND\VOICE\V088\V088_001_01.MP3,7523,MP3
SOUND\VOICE\V088\V088_002_01.MP3,3970,MP3
SOUND\VOICE\V088\V088_002_02.MP3,17972,MP3
SOUND\VOICE\V088\V088_003_01.MP3,47229,MP3
SOUND\VOICE\V088\V088_003_02.MP3,43676,MP3
SOUND\VOICE\V088\V088_004_01.MP3,22151,MP3
SOUND\VOICE\V088\V088_004_02.MP3,77949,MP3
SOUND\VOICE\V088\V088_004_03.MP3,35317,MP3
SOUND\VOICE\V088\V088_005_01.MP3,7105,MP3
SOUND\VOICE\V088\V088_006_01.MP3,15046,MP3
SOUND\VOICE\V088\V088_006_02.MP3,27376,MP3
SOUND\VOICE\V088\V088_007_01.MP3,8986,MP3
SOUND\VOICE\V088\V088_007_02.MP3,7314,MP3
SOUND\VOICE\V088\V088_008_01.MP3,26540,MP3
SOUND\VOICE\V088\V088_008_02.MP3,46602,MP3
SOUND\VOICE\V088\V088_008_03.MP3,35735,MP3
SOUND\VOICE\V088\V088_009_01.MP3,8568,MP3
SOUND\VOICE\V088\V088_010_01.MP3,32809,MP3
SOUND\VOICE\V088\V088_010_02.MP3,15464,MP3
SOUND\VOICE\V088\V088_010_03.MP3,14210,MP3
SOUND\VOICE\V088\V088_010_04.MP3,16927,MP3
SOUND\VOICE\V088\V088_011_01.MP3,17554,MP3
SOUND\VOICE\V088\V088_011_02.MP3,26122,MP3
SOUND\VOICE\V088\V088_011_03.MP3,30720,MP3
SOUND\VOICE\V088\V088_012_01.MP3,45975,MP3
SOUND\VOICE\V088\V088_012_02.MP3,53498,MP3
SOUND\VOICE\V088\V088_012_03.MP3,59350,MP3
SOUND\VOICE\V088\V088_012_04.MP3,23823,MP3
SOUND\VOICE\V088\V088_013_01.MP3,13583,MP3
SOUND\VOICE\V088\V088_013_02.MP3,15673,MP3
SOUND\VOICE\V088\V088_013_03.MP3,6896,MP3
SOUND\VOICE\V088\V088_013_04.MP3,11493,MP3
SOUND\VOICE\V088\V088_014_01.MP3,31555,MP3
SOUND\VOICE\V088\V088_014_02.MP3,33227,MP3
SOUND\VOICE\V088\V088_014_03.MP3,7105,MP3
SOUND\VOICE\V088\V088_014_04.MP3,46811,MP3
SOUND\VOICE\V088\V088_014_05.MP3,17136,MP3
SOUND\VOICE\V088\V088_015_01.MP3,6269,MP3
SOUND\VOICE\V088\V088_016_01.MP3,16091,MP3
SOUND\VOICE\V088\V088_017_01.MP3,28212,MP3
SOUND\VOICE\V088\V088_017_02.MP3,8359,MP3
SOUND\VOICE\V088\V088_018_01.MP3,8777,MP3
SOUND\VOICE\V088\V088_019_01.MP3,6060,MP3
SOUND\VOICE\V088\V088_020_01.MP3,8777,MP3
SOUND\VOICE\V088\V088_021_01.MP3,7523,MP3
SOUND\VOICE\V088\V088_022_01.MP3,6269,MP3
SOUND\VOICE\V088\V088_023_01.MP3,6478,MP3
SOUND\VOICE\V088\V088_024_01.MP3,6269,MP3
SOUND\VOICE\V088\V088_025_01.MP3,8150,MP3
SOUND\VOICE\V088\V088_026_01.MP3,12120,MP3
SOUND\VOICE\V088\V088_027_01.MP3,6478,MP3
SOUND\VOICE\V088\V088_027_02.MP3,8986,MP3
SOUND\VOICE\V088\V088_027_03.MP3,15673,MP3
SOUND\VOICE\V088\V088_028_01.MP3,7732,MP3
SOUND\VOICE\V088\V088_029_01.MP3,6896,MP3
SOUND\VOICE\V088\V088_030_01.MP3,12747,MP3
SOUND\VOICE\V088\V088_030_02.MP3,14419,MP3
SOUND\VOICE\V088\V088_030_03.MP3,23196,MP3
SOUND\VOICE\V088\V088_031_01.MP3,8150,MP3
SOUND\VOICE\V088\V088_031_02.MP3,30093,MP3
SOUND\VOICE\V090\V090_001_01.MP3,23196,MP3
SOUND\VOICE\V090\V090_001_02.MP3,34690,MP3
SOUND\VOICE\V090\V090_001_03.MP3,33018,MP3
SOUND\VOICE\V090\V090_002_01.MP3,2716,MP3
SOUND\VOICE\V090\V090_002_02.MP3,17763,MP3
SOUND\VOICE\V090\V090_002_03.MP3,8150,MP3
SOUND\VOICE\V090\V090_003_01.MP3,5224,MP3
SOUND\VOICE\V090\V090_004_01.MP3,5851,MP3
SOUND\VOICE\V090\V090_005_01.MP3,5433,MP3
SOUND\VOICE\V091\V091_001_01.MP3,23405,MP3
SOUND\VOICE\V091\V091_002_01.MP3,29466,MP3
SOUND\VOICE\V091\V091_003_01.MP3,14001,MP3
SOUND\VOICE\V091\V091_004_01.MP3,18181,MP3
SOUND\VOICE\V091\V091_005_01.MP3,19435,MP3
SOUND\VOICE\V091\V091_006_01.MP3,38452,MP3
SOUND\VOICE\V091\V091_007_01.MP3,42422,MP3
SOUND\VOICE\V091\V091_008_01.MP3,21524,MP3
SOUND\VOICE\V091\V091_009_01.MP3,51200,MP3
SOUND\VOICE\V091\V091_010_01.MP3,39079,MP3
SOUND\VOICE\V091\V091_011_01.MP3,16718,MP3
SOUND\VOICE\V091\V091_012_01.MP3,29675,MP3
SOUND\VOICE\V091\V091_013_01.MP3,36362,MP3
SOUND\VOICE\V091\V091_014_01.MP3,15464,MP3
SOUND\VOICE\V091\V091_015_01.MP3,6060,MP3
SOUND\VOICE\V091\V091_015_02.MP3,12538,MP3
SOUND\VOICE\V091\V091_016_01.MP3,11284,MP3
SOUND\VOICE\V091\V091_016_02.MP3,13583,MP3
SOUND\VOICE\V091\V091_016_03.MP3,26122,MP3
SOUND\VOICE\V091\V091_017_01.MP3,18808,MP3
SOUND\VOICE\V091\V091_017_02.MP3,28630,MP3
SOUND\VOICE\V091\V091_017_03.MP3,24241,MP3
SOUND\VOICE\V091\V091_018_01.MP3,16091,MP3
SOUND\VOICE\V091\V091_018_02.MP3,20271,MP3
SOUND\VOICE\V091\V091_019_01.MP3,5015,MP3
SOUND\VOICE\V091\V091_019_02.MP3,13374,MP3
SOUND\VOICE\V091\V091_020_01.MP3,16718,MP3
SOUND\VOICE\V091\V091_021_01.MP3,30093,MP3
SOUND\VOICE\V091\V091_021_02.MP3,46811,MP3
SOUND\VOICE\V091\V091_022_01.MP3,12747,MP3
SOUND\VOICE\V091\V091_022_02.MP3,23614,MP3
SOUND\VOICE\V091\V091_022_03.MP3,29884,MP3
SOUND\VOICE\V091\V091_022_04.MP3,39497,MP3
SOUND\VOICE\V091\V091_022_05.MP3,14419,MP3
SOUND\VOICE\V091\V091_022_06.MP3,4179,MP3
SOUND\VOICE\V093\V093_001_01.MP3,8359,MP3
SOUND\VOICE\V093\V093_001_02.MP3,14210,MP3
SOUND\VOICE\V093\V093_001_03.MP3,35526,MP3
SOUND\VOICE\V093\V093_002_01.MP3,8568,MP3
SOUND\VOICE\V093\V093_003_01.MP3,20062,MP3
SOUND\VOICE\V093\V093_004_01.MP3,16718,MP3
SOUND\VOICE\V093\V093_004_02.MP3,51826,MP3
SOUND\VOICE\V093\V093_004_03.MP3,32391,MP3
SOUND\VOICE\V093\V093_004_04.MP3,52035,MP3
SOUND\VOICE\V093\V093_005_01.MP3,54961,MP3
SOUND\VOICE\V094\V094_001_01.MP3,34063,MP3
SOUND\VOICE\V094\V094_001_02.MP3,29257,MP3
SOUND\VOICE\V094\V094_001_03.MP3,23614,MP3
SOUND\VOICE\V094\V094_002_01.MP3,2925,MP3
SOUND\VOICE\V094\V094_002_02.MP3,16509,MP3
SOUND\VOICE\V094\V094_003_01.MP3,9195,MP3
SOUND\VOICE\V094\V094_003_02.MP3,11702,MP3
SOUND\VOICE\V094\V094_004_01.MP3,17345,MP3
SOUND\VOICE\V094\V094_004_02.MP3,34272,MP3
SOUND\VOICE\V094\V094_005_01.MP3,26958,MP3
SOUND\VOICE\V094\V094_005_02.MP3,8777,MP3
SOUND\VOICE\V094\V094_006_01.MP3,5433,MP3
SOUND\VOICE\V094\V094_006_02.MP3,16509,MP3
SOUND\VOICE\V094\V094_006_03.MP3,30093,MP3
SOUND\VOICE\V094\V094_006_04.MP3,17136,MP3
SOUND\VOICE\V094\V094_006_05.MP3,20480,MP3
SOUND\VOICE\V094\V094_007_01.MP3,16509,MP3
SOUND\VOICE\V094\V094_007_02.MP3,25077,MP3
SOUND\VOICE\V094\V094_008_01.MP3,5642,MP3
SOUND\VOICE\V094\V094_008_02.MP3,21106,MP3
SOUND\VOICE\V094\V094_008_03.MP3,26540,MP3
SOUND\VOICE\V094\V094_009_01.MP3,41795,MP3
SOUND\VOICE\V094\V094_009_02.MP3,36571,MP3
SOUND\VOICE\V094\V094_009_03.MP3,36780,MP3
SOUND\VOICE\V094\V094_009_04.MP3,42004,MP3
SOUND\VOICE\V094\V094_010_01.MP3,6687,MP3
SOUND\VOICE\V094\V094_011_01.MP3,25704,MP3
SOUND\VOICE\V094\V094_011_02.MP3,26958,MP3
SOUND\VOICE\V094\V094_012_01.MP3,18808,MP3
SOUND\VOICE\V094\V094_012_02.MP3,25077,MP3
SOUND\VOICE\V094\V094_012_03.MP3,13583,MP3
SOUND\VOICE\V094\V094_012_04.MP3,18808,MP3
SOUND\VOICE\V094\V094_012_05.MP3,20897,MP3
SOUND\VOICE\V094\V094_013_01.MP3,18181,MP3
SOUND\VOICE\V094\V094_013_02.MP3,42004,MP3
SOUND\VOICE\V094\V094_013_03.MP3,34481,MP3
SOUND\VOICE\V094\V094_013_04.MP3,41795,MP3
SOUND\VOICE\V094\V094_014_01.MP3,28839,MP3
SOUND\VOICE\V094\V094_014_02.MP3,25704,MP3
SOUND\VOICE\V094\V094_015_01.MP3,9822,MP3
SOUND\VOICE\V094\V094_015_02.MP3,40960,MP3
SOUND\VOICE\V094\V094_016_01.MP3,5642,MP3
SOUND\VOICE\V094\V094_017_01.MP3,5642,MP3
SOUND\VOICE\V094\V094_017_02.MP3,27376,MP3
SOUND\VOICE\V094\V094_018_01.MP3,2716,MP3
SOUND\VOICE\V094\V094_019_01.MP3,2925,MP3
SOUND\VOICE\V094\V094_020_01.MP3,3134,MP3
SOUND\VOICE\V094\V094_021_01.MP3,4179,MP3
SOUND\VOICE\V094\V094_022_01.MP3,10657,MP3
SOUND\VOICE\V094\V094_023_01.MP3,6896,MP3
SOUND\VOICE\V094\V094_024_01.MP3,3970,MP3
SOUND\VOICE\V094\V094_025_01.MP3,5851,MP3
SOUND\VOICE\V094\V094_026_01.MP3,4597,MP3
SOUND\VOICE\V094\V094_027_01.MP3,2716,MP3
SOUND\VOICE\V094\V094_028_01.MP3,2716,MP3
SOUND\VOICE\V094\V094_029_01.MP3,24659,MP3
SOUND\VOICE\V094\V094_030_01.MP3,2925,MP3
SOUND\VOICE\V094\V094_031_01.MP3,3134,MP3
SOUND\VOICE\V094\V094_032_01.MP3,38870,MP3
SOUND\VOICE\V094\V094_033_01.MP3,12956,MP3
SOUND\VOICE\V094\V094_033_02.MP3,11284,MP3
SOUND\VOICE\V094\V094_033_03.MP3,22987,MP3
SOUND\VOICE\V095\V095_001_01.MP3,9195,MP3
SOUND\VOICE\V095\V095_002_01.MP3,26122,MP3
SOUND\VOICE\V095\V095_003_01.MP3,8150,MP3
SOUND\VOICE\V095\V095_003_02.MP3,17136,MP3
SOUND\VOICE\V095\V095_003_03.MP3,15255,MP3
SOUND\VOICE\V095\V095_003_04.MP3,20271,MP3
SOUND\VOICE\V095\V095_004_01.MP3,29048,MP3
SOUND\VOICE\V095\V095_004_02.MP3,35944,MP3
SOUND\VOICE\V095\V095_004_03.MP3,37825,MP3
SOUND\VOICE\V095\V095_004_04.MP3,22360,MP3
SOUND\VOICE\V095\V095_005_01.MP3,8986,MP3
SOUND\VOICE\V095\V095_006_01.MP3,22778,MP3
SOUND\VOICE\V095\V095_006_02.MP3,46811,MP3
SOUND\VOICE\V095\V095_006_03.MP3,37616,MP3
SOUND\VOICE\V095\V095_007_01.MP3,23405,MP3
SOUND\VOICE\V095\V095_007_02.MP3,17763,MP3
SOUND\VOICE\V095\V095_007_03.MP3,20271,MP3
SOUND\VOICE\V095\V095_007_04.MP3,20271,MP3
SOUND\VOICE\V095\V095_007_05.MP3,33854,MP3
SOUND\VOICE\V095\V095_008_01.MP3,2716,MP3
SOUND\VOICE\V096\V096_001_01.MP3,15673,MP3
SOUND\VOICE\V096\V096_001_02.MP3,19017,MP3
SOUND\VOICE\V096\V096_001_03.MP3,30302,MP3
SOUND\VOICE\V096\V096_001_04.MP3,54752,MP3
SOUND\VOICE\V096\V096_002_01.MP3,8777,MP3
SOUND\VOICE\V096\V096_002_02.MP3,11284,MP3
SOUND\VOICE\V096\V096_002_03.MP3,43467,MP3
SOUND\VOICE\V096\V096_002_04.MP3,37407,MP3
SOUND\VOICE\V096\V096_002_05.MP3,19644,MP3
SOUND\VOICE\V096\V096_003_01.MP3,38034,MP3
SOUND\VOICE\V096\V096_003_02.MP3,34481,MP3
SOUND\VOICE\V096\V096_003_03.MP3,75232,MP3
SOUND\VOICE\V096\V096_003_04.MP3,60186,MP3
SOUND\VOICE\V096\V096_003_05.MP3,25704,MP3
SOUND\VOICE\V096\V096_004_01.MP3,33227,MP3
SOUND\VOICE\V096\V096_004_02.MP3,54334,MP3
SOUND\VOICE\V096\V096_004_03.MP3,33645,MP3
SOUND\VOICE\V096\V096_004_04.MP3,46393,MP3
SOUND\VOICE\V096\V096_005_01.MP3,10240,MP3
SOUND\VOICE\V096\V096_005_02.MP3,30302,MP3
SOUND\VOICE\V096\V096_005_03.MP3,33645,MP3
SOUND\VOICE\V096\V096_006_01.MP3,22569,MP3
SOUND\VOICE\V096\V096_007_01.MP3,21315,MP3
SOUND\VOICE\V096\V096_007_02.MP3,21524,MP3
SOUND\VOICE\V096\V096_007_03.MP3,55588,MP3
SOUND\VOICE\V096\V096_008_01.MP3,31973,MP3
SOUND\VOICE\V096\V096_009_01.MP3,17554,MP3
SOUND\VOICE\V096\V096_010_01.MP3,24241,MP3
SOUND\VOICE\V096\V096_011_01.MP3,20897,MP3
SOUND\VOICE\V096\V096_012_01.MP3,41168,MP3
SOUND\VOICE\V096\V096_013_01.MP3,12956,MP3
SOUND\VOICE\V096\V096_013_02.MP3,14837,MP3
SOUND\VOICE\V096\V096_014_01.MP3,7523,MP3
SOUND\VOICE\V096\V096_015_01.MP3,26331,MP3
SOUND\VOICE\V096\V096_015_02.MP3,15255,MP3
SOUND\VOICE\V096\V096_015_03.MP3,22151,MP3
SOUND\VOICE\V096\V096_015_04.MP3,25495,MP3
SOUND\VOICE\V096\V096_016_01.MP3,2925,MP3
SOUND\VOICE\V096\V096_017_01.MP3,3134,MP3
SOUND\VOICE\V096\V096_018_01.MP3,3970,MP3
SOUND\VOICE\V096\V096_019_01.MP3,2716,MP3
SOUND\VOICE\V096\V096_020_01.MP3,3134,MP3
SOUND\VOICE\V096\V096_021_01.MP3,3134,MP3
SOUND\VOICE\V096\V096_022_01.MP3,1880,MP3
SOUND\VOICE\V096\V096_023_01.MP3,3343,MP3
SOUND\VOICE\V096\V096_024_01.MP3,2716,MP3
SOUND\VOICE\V096\V096_025_01.MP3,8150,MP3
SOUND\VOICE\V096\V096_026_01.MP3,3134,MP3
SOUND\VOICE\V096\V096_027_01.MP3,3343,MP3
SOUND\VOICE\V098\V098_001_01.MP3,42213,MP3
SOUND\VOICE\V098\V098_001_02.MP3,41795,MP3
SOUND\VOICE\V098\V098_001_03.MP3,32391,MP3
SOUND\VOICE\V098\V098_002_01.MP3,6269,MP3
SOUND\VOICE\V098\V098_002_02.MP3,15673,MP3
SOUND\VOICE\V098\V098_003_01.MP3,11075,MP3
SOUND\VOICE\V098\V098_004_01.MP3,60813,MP3
SOUND\VOICE\V098\V098_004_02.MP3,74605,MP3
SOUND\VOICE\V098\V098_005_01.MP3,42422,MP3
SOUND\VOICE\V098\V098_005_02.MP3,40333,MP3
SOUND\VOICE\V098A\V098A_001_01.MP3,41586,MP3
SOUND\VOICE\V098A\V098A_001_02.MP3,44303,MP3
SOUND\VOICE\V098A\V098A_001_03.MP3,29675,MP3
SOUND\VOICE\V098A\V098A_002_01.MP3,8777,MP3
SOUND\VOICE\V098A\V098A_002_02.MP3,16509,MP3
SOUND\VOICE\V098A\V098A_003_01.MP3,12747,MP3
SOUND\VOICE\V098A\V098A_004_01.MP3,62693,MP3
SOUND\VOICE\V098A\V098A_004_02.MP3,86099,MP3
SOUND\VOICE\V098A\V098A_005_01.MP3,35526,MP3
SOUND\VOICE\V098A\V098A_005_02.MP3,37825,MP3
SOUND\VOICE\V801\V801_001_01.MP3,14419,MP3
SOUND\VOICE\V801\V801_002_01.MP3,69172,MP3
SOUND\VOICE\V801\V801_002_02.MP3,38034,MP3
SOUND\VOICE\V801\V801_003_01.MP3,10448,MP3
SOUND\VOICE\V801\V801_003_02.MP3,74605,MP3
SOUND\VOICE\V801\V801_003_03.MP3,53916,MP3
SOUND\VOICE\V801\V801_003_04.MP3,90070,MP3
SOUND\VOICE\V801\V801_004_01.MP3,56633,MP3
SOUND\VOICE\V801\V801_004_02.MP3,14837,MP3
SOUND\VOICE\V801\V801_004_03.MP3,23196,MP3
SOUND\VOICE\V801\V801_005_01.MP3,19644,MP3
SOUND\VOICE\V801\V801_005_02.MP3,23614,MP3
SOUND\VOICE\V801\V801_005_03.MP3,26749,MP3
SOUND\VOICE\V801\V801_005_04.MP3,53289,MP3
SOUND\VOICE\V801\V801_006_01.MP3,19435,MP3
SOUND\VOICE\V801\V801_006_02.MP3,49110,MP3
SOUND\VOICE\V801\V801_006_03.MP3,8150,MP3
SOUND\VOICE\V801\V801_006_04.MP3,34272,MP3
SOUND\VOICE\V801\V801_006_05.MP3,42422,MP3
SOUND\VOICE\V801\V801_006_06.MP3,45766,MP3
SOUND\VOICE\V801\V801_006_07.MP3,10448,MP3
SOUND\VOICE\V801\V801_006_08.MP3,20271,MP3
SOUND\VOICE\V801\V801_006_09.MP3,59350,MP3
SOUND\VOICE\V801\V801_006_10.MP3,19853,MP3
SOUND\VOICE\V801\V801_006_11.MP3,19435,MP3
SOUND\VOICE\V801\V801_007_01.MP3,56633,MP3
SOUND\VOICE\V801\V801_007_02.MP3,52453,MP3
SOUND\VOICE\V801\V801_007_03.MP3,28003,MP3
SOUND\VOICE\V801\V801_008_01.MP3,39915,MP3
SOUND\VOICE\V801\V801_008_02.MP3,11075,MP3
SOUND\VOICE\V801\V801_008_03.MP3,10031,MP3
SOUND\VOICE\V801\V801_008_04.MP3,9613,MP3
SOUND\VOICE\V801\V801_009_01.MP3,38452,MP3
SOUND\VOICE\V801\V801_009_02.MP3,58305,MP3
SOUND\VOICE\V801\V801_009_03.MP3,12956,MP3
SOUND\VOICE\V801\V801_009_04.MP3,22778,MP3
SOUND\VOICE\V801\V801_009_05.MP3,25077,MP3
SOUND\VOICE\V801\V801_010_01.MP3,40960,MP3
SOUND\VOICE\V801\V801_010_02.MP3,47647,MP3
SOUND\VOICE\V801\V801_010_03.MP3,48274,MP3
SOUND\VOICE\V801\V801_011_01.MP3,120999,MP3
SOUND\VOICE\V801\V801_011_02.MP3,29884,MP3
SOUND\VOICE\V801\V801_012_01.MP3,20688,MP3
SOUND\VOICE\V801\V801_012_02.MP3,17136,MP3
SOUND\VOICE\V801\V801_012_03.MP3,37825,MP3
SOUND\VOICE\V801\V801_012_04.MP3,9613,MP3
SOUND\VOICE\V801\V801_012_05.MP3,72097,MP3
SOUND\VOICE\V801\V801_012_06.MP3,31764,MP3
SOUND\VOICE\V801\V801_013_01.MP3,120163,MP3
SOUND\VOICE\V801\V801_013_02.MP3,10031,MP3
SOUND\VOICE\V801\V801_013_03.MP3,64156,MP3
SOUND\VOICE\V801\V801_013_04.MP3,25704,MP3
SOUND\VOICE\V801\V801_014_01.MP3,36989,MP3
SOUND\VOICE\V801\V801_014_02.MP3,67709,MP3
SOUND\VOICE\V801\V801_015_01.MP3,8986,MP3
SOUND\VOICE\V801\V801_015_02.MP3,15255,MP3
SOUND\VOICE\V801\V801_015_03.MP3,58305,MP3
SOUND\VOICE\V802\V802_001_01.MP3,14628,MP3
SOUND\VOICE\V802\V802_002_01.MP3,62484,MP3
SOUND\VOICE\V802\V802_002_02.MP3,32391,MP3
SOUND\VOICE\V802\V802_003_01.MP3,10657,MP3
SOUND\VOICE\V802\V802_003_02.MP3,76904,MP3
SOUND\VOICE\V802\V802_003_03.MP3,50364,MP3
SOUND\VOICE\V802\V802_003_04.MP3,111804,MP3
SOUND\VOICE\V802\V802_004_01.MP3,49110,MP3
SOUND\VOICE\V802\V802_004_02.MP3,14419,MP3
SOUND\VOICE\V802\V802_004_03.MP3,21315,MP3
SOUND\VOICE\V802\V802_005_01.MP3,21733,MP3
SOUND\VOICE\V802\V802_005_02.MP3,24868,MP3
SOUND\VOICE\V802\V802_005_03.MP3,26749,MP3
SOUND\VOICE\V802\V802_005_04.MP3,51617,MP3
SOUND\VOICE\V802\V802_006_01.MP3,19435,MP3
SOUND\VOICE\V802\V802_006_02.MP3,24032,MP3
SOUND\VOICE\V802\V802_006_03.MP3,8777,MP3
SOUND\VOICE\V802\V802_006_04.MP3,37825,MP3
SOUND\VOICE\V802\V802_006_05.MP3,49110,MP3
SOUND\VOICE\V802\V802_006_06.MP3,52662,MP3
SOUND\VOICE\V802\V802_006_07.MP3,10657,MP3
SOUND\VOICE\V802\V802_006_08.MP3,21942,MP3
SOUND\VOICE\V802\V802_006_09.MP3,60186,MP3
SOUND\VOICE\V802\V802_006_10.MP3,22151,MP3
SOUND\VOICE\V802\V802_006_11.MP3,22987,MP3
SOUND\VOICE\V802\V802_007_01.MP3,52244,MP3
SOUND\VOICE\V802\V802_007_02.MP3,61022,MP3
SOUND\VOICE\V802\V802_007_03.MP3,27585,MP3
SOUND\VOICE\V802\V802_008_01.MP3,43885,MP3
SOUND\VOICE\V802\V802_008_02.MP3,12120,MP3
SOUND\VOICE\V802\V802_008_03.MP3,10448,MP3
SOUND\VOICE\V802\V802_008_04.MP3,9613,MP3
SOUND\VOICE\V802\V802_009_01.MP3,35944,MP3
SOUND\VOICE\V802\V802_009_02.MP3,63111,MP3
SOUND\VOICE\V802\V802_009_03.MP3,16509,MP3
SOUND\VOICE\V802\V802_009_04.MP3,21315,MP3
SOUND\VOICE\V802\V802_009_05.MP3,26122,MP3
SOUND\VOICE\V802\V802_010_01.MP3,41586,MP3
SOUND\VOICE\V802\V802_010_02.MP3,43049,MP3
SOUND\VOICE\V802\V802_010_03.MP3,44512,MP3
SOUND\VOICE\V802\V802_011_01.MP3,65410,MP3
SOUND\VOICE\V802\V802_011_02.MP3,28212,MP3
SOUND\VOICE\V802\V802_012_01.MP3,22360,MP3
SOUND\VOICE\V802\V802_012_02.MP3,17345,MP3
SOUND\VOICE\V802\V802_012_03.MP3,36780,MP3
SOUND\VOICE\V802\V802_012_04.MP3,13792,MP3
SOUND\VOICE\V802\V802_012_05.MP3,67500,MP3
SOUND\VOICE\V802\V802_012_06.MP3,25077,MP3
SOUND\VOICE\V802\V802_013_01.MP3,122253,MP3
SOUND\VOICE\V802\V802_013_02.MP3,11075,MP3
SOUND\VOICE\V802\V802_013_03.MP3,51617,MP3
SOUND\VOICE\V802\V802_013_04.MP3,29257,MP3
SOUND\VOICE\V802\V802_014_01.MP3,37198,MP3
SOUND\VOICE\V802\V802_014_02.MP3,62902,MP3
SOUND\VOICE\V802\V802_015_01.MP3,8986,MP3
SOUND\VOICE\V802\V802_015_02.MP3,15673,MP3
SOUND\VOICE\V802\V802_015_03.MP3,56006,MP3
SOUND\VOICE\V803\V803_001_01.MP3,15046,MP3
SOUND\VOICE\V803\V803_002_01.MP3,59350,MP3
SOUND\VOICE\V803\V803_002_02.MP3,33645,MP3
SOUND\VOICE\V803\V803_003_01.MP3,11493,MP3
SOUND\VOICE\V803\V803_003_02.MP3,67918,MP3
SOUND\VOICE\V803\V803_003_03.MP3,44721,MP3
SOUND\VOICE\V803\V803_003_04.MP3,86517,MP3
SOUND\VOICE\V803\V803_004_01.MP3,50364,MP3
SOUND\VOICE\V803\V803_004_02.MP3,13792,MP3
SOUND\VOICE\V803\V803_004_03.MP3,22151,MP3
SOUND\VOICE\V803\V803_005_01.MP3,22360,MP3
SOUND\VOICE\V803\V803_005_02.MP3,22360,MP3
SOUND\VOICE\V803\V803_005_03.MP3,25495,MP3
SOUND\VOICE\V803\V803_005_04.MP3,45975,MP3
SOUND\VOICE\V803\V803_006_01.MP3,18390,MP3
SOUND\VOICE\V803\V803_006_02.MP3,23614,MP3
SOUND\VOICE\V803\V803_006_03.MP3,9195,MP3
SOUND\VOICE\V803\V803_006_04.MP3,37825,MP3
SOUND\VOICE\V803\V803_006_05.MP3,41795,MP3
SOUND\VOICE\V803\V803_006_06.MP3,48483,MP3
SOUND\VOICE\V803\V803_006_07.MP3,10866,MP3
SOUND\VOICE\V803\V803_006_08.MP3,22360,MP3
SOUND\VOICE\V803\V803_006_09.MP3,52035,MP3
SOUND\VOICE\V803\V803_006_10.MP3,17554,MP3
SOUND\VOICE\V803\V803_006_11.MP3,21106,MP3
SOUND\VOICE\V803\V803_007_01.MP3,47647,MP3
SOUND\VOICE\V803\V803_007_02.MP3,54125,MP3
SOUND\VOICE\V803\V803_007_03.MP3,25286,MP3
SOUND\VOICE\V803\V803_008_01.MP3,42631,MP3
SOUND\VOICE\V803\V803_008_02.MP3,11911,MP3
SOUND\VOICE\V803\V803_008_03.MP3,11075,MP3
SOUND\VOICE\V803\V803_008_04.MP3,11284,MP3
SOUND\VOICE\V803\V803_009_01.MP3,36780,MP3
SOUND\VOICE\V803\V803_009_02.MP3,60395,MP3
SOUND\VOICE\V803\V803_009_03.MP3,15882,MP3
SOUND\VOICE\V803\V803_009_04.MP3,23614,MP3
SOUND\VOICE\V803\V803_009_05.MP3,25286,MP3
SOUND\VOICE\V803\V803_010_01.MP3,40333,MP3
SOUND\VOICE\V803\V803_010_02.MP3,39288,MP3
SOUND\VOICE\V803\V803_010_03.MP3,43049,MP3
SOUND\VOICE\V803\V803_011_01.MP3,54752,MP3
SOUND\VOICE\V803\V803_011_02.MP3,28421,MP3
SOUND\VOICE\V803\V803_012_01.MP3,20688,MP3
SOUND\VOICE\V803\V803_012_02.MP3,17136,MP3
SOUND\VOICE\V803\V803_012_03.MP3,33018,MP3
SOUND\VOICE\V803\V803_012_04.MP3,11284,MP3
SOUND\VOICE\V803\V803_012_05.MP3,61022,MP3
SOUND\VOICE\V803\V803_012_06.MP3,24868,MP3
SOUND\VOICE\V803\V803_013_01.MP3,96548,MP3
SOUND\VOICE\V803\V803_013_02.MP3,12747,MP3
SOUND\VOICE\V803\V803_013_03.MP3,50364,MP3
SOUND\VOICE\V803\V803_013_04.MP3,25286,MP3
SOUND\VOICE\V803\V803_014_01.MP3,32809,MP3
SOUND\VOICE\V803\V803_014_02.MP3,63947,MP3
SOUND\VOICE\V803\V803_015_01.MP3,8986,MP3
SOUND\VOICE\V803\V803_015_02.MP3,16927,MP3
SOUND\VOICE\V803\V803_015_03.MP3,48483,MP3
SOUND\VOICE\V804\V804_001_01.MP3,17136,MP3
SOUND\VOICE\V804\V804_002_01.MP3,68545,MP3
SOUND\VOICE\V804\V804_002_02.MP3,35317,MP3
SOUND\VOICE\V804\V804_003_01.MP3,9613,MP3
SOUND\VOICE\V804\V804_003_02.MP3,77740,MP3
SOUND\VOICE\V804\V804_003_03.MP3,45348,MP3
SOUND\VOICE\V804\V804_003_04.MP3,103444,MP3
SOUND\VOICE\V804\V804_004_01.MP3,51826,MP3
SOUND\VOICE\V804\V804_004_02.MP3,14837,MP3
SOUND\VOICE\V804\V804_004_03.MP3,28421,MP3
SOUND\VOICE\V804\V804_005_01.MP3,21315,MP3
SOUND\VOICE\V804\V804_005_02.MP3,21942,MP3
SOUND\VOICE\V804\V804_005_03.MP3,23823,MP3
SOUND\VOICE\V804\V804_005_04.MP3,51617,MP3
SOUND\VOICE\V804\V804_006_01.MP3,19853,MP3
SOUND\VOICE\V804\V804_006_02.MP3,21106,MP3
SOUND\VOICE\V804\V804_006_03.MP3,8359,MP3
SOUND\VOICE\V804\V804_006_04.MP3,34899,MP3
SOUND\VOICE\V804\V804_006_05.MP3,48274,MP3
SOUND\VOICE\V804\V804_006_06.MP3,49737,MP3
SOUND\VOICE\V804\V804_006_07.MP3,10240,MP3
SOUND\VOICE\V804\V804_006_08.MP3,18808,MP3
SOUND\VOICE\V804\V804_006_09.MP3,57051,MP3
SOUND\VOICE\V804\V804_006_10.MP3,18808,MP3
SOUND\VOICE\V804\V804_006_11.MP3,18599,MP3
SOUND\VOICE\V804\V804_007_01.MP3,52244,MP3
SOUND\VOICE\V804\V804_007_02.MP3,54752,MP3
SOUND\VOICE\V804\V804_007_03.MP3,26958,MP3
SOUND\VOICE\V804\V804_008_01.MP3,39706,MP3
SOUND\VOICE\V804\V804_008_02.MP3,10866,MP3
SOUND\VOICE\V804\V804_008_03.MP3,9195,MP3
SOUND\VOICE\V804\V804_008_04.MP3,9195,MP3
SOUND\VOICE\V804\V804_009_01.MP3,34272,MP3
SOUND\VOICE\V804\V804_009_02.MP3,61648,MP3
SOUND\VOICE\V804\V804_009_03.MP3,14837,MP3
SOUND\VOICE\V804\V804_009_04.MP3,21733,MP3
SOUND\VOICE\V804\V804_009_05.MP3,23823,MP3
SOUND\VOICE\V804\V804_010_01.MP3,41168,MP3
SOUND\VOICE\V804\V804_010_02.MP3,50364,MP3
SOUND\VOICE\V804\V804_010_03.MP3,45557,MP3
SOUND\VOICE\V804\V804_011_01.MP3,56633,MP3
SOUND\VOICE\V804\V804_011_02.MP3,28212,MP3
SOUND\VOICE\V804\V804_012_01.MP3,18599,MP3
SOUND\VOICE\V804\V804_012_02.MP3,15046,MP3
SOUND\VOICE\V804\V804_012_03.MP3,30093,MP3
SOUND\VOICE\V804\V804_012_04.MP3,8986,MP3
SOUND\VOICE\V804\V804_012_05.MP3,53498,MP3
SOUND\VOICE\V804\V804_012_06.MP3,24032,MP3
SOUND\VOICE\V804\V804_013_01.MP3,113893,MP3
SOUND\VOICE\V804\V804_013_02.MP3,10657,MP3
SOUND\VOICE\V804\V804_013_03.MP3,55379,MP3
SOUND\VOICE\V804\V804_013_04.MP3,24032,MP3
SOUND\VOICE\V804\V804_014_01.MP3,36153,MP3
SOUND\VOICE\V804\V804_014_02.MP3,64574,MP3
SOUND\VOICE\V804\V804_015_01.MP3,8359,MP3
SOUND\VOICE\V804\V804_015_02.MP3,14419,MP3
SOUND\VOICE\V804\V804_015_03.MP3,56215,MP3
SOUND\VOICE\V805\V805_001_01.MP3,17554,MP3
SOUND\VOICE\V805\V805_002_01.MP3,66873,MP3
SOUND\VOICE\V805\V805_002_02.MP3,32391,MP3
SOUND\VOICE\V805\V805_003_01.MP3,16509,MP3
SOUND\VOICE\V805\V805_003_02.MP3,71680,MP3
SOUND\VOICE\V805\V805_003_03.MP3,40333,MP3
SOUND\VOICE\V805\V805_003_04.MP3,91115,MP3
SOUND\VOICE\V805\V805_004_01.MP3,53289,MP3
SOUND\VOICE\V805\V805_004_02.MP3,21106,MP3
SOUND\VOICE\V805\V805_004_03.MP3,21733,MP3
SOUND\VOICE\V805\V805_005_01.MP3,21106,MP3
SOUND\VOICE\V805\V805_005_02.MP3,15255,MP3
SOUND\VOICE\V805\V805_005_03.MP3,26749,MP3
SOUND\VOICE\V805\V805_005_04.MP3,51200,MP3
SOUND\VOICE\V805\V805_006_01.MP3,18599,MP3
SOUND\VOICE\V805\V805_006_02.MP3,22569,MP3
SOUND\VOICE\V805\V805_006_03.MP3,8359,MP3
SOUND\VOICE\V805\V805_006_04.MP3,39288,MP3
SOUND\VOICE\V805\V805_006_05.MP3,44303,MP3
SOUND\VOICE\V805\V805_006_06.MP3,43676,MP3
SOUND\VOICE\V805\V805_006_07.MP3,11493,MP3
SOUND\VOICE\V805\V805_006_08.MP3,15255,MP3
SOUND\VOICE\V805\V805_006_09.MP3,54961,MP3
SOUND\VOICE\V805\V805_006_10.MP3,12538,MP3
SOUND\VOICE\V805\V805_006_11.MP3,19644,MP3
SOUND\VOICE\V805\V805_007_01.MP3,45348,MP3
SOUND\VOICE\V805\V805_007_02.MP3,64156,MP3
SOUND\VOICE\V805\V805_007_03.MP3,27167,MP3
SOUND\VOICE\V805\V805_008_01.MP3,35526,MP3
SOUND\VOICE\V805\V805_008_02.MP3,12120,MP3
SOUND\VOICE\V805\V805_008_03.MP3,9822,MP3
SOUND\VOICE\V805\V805_008_04.MP3,10240,MP3
SOUND\VOICE\V805\V805_009_01.MP3,35944,MP3
SOUND\VOICE\V805\V805_009_02.MP3,58723,MP3
SOUND\VOICE\V805\V805_009_03.MP3,13165,MP3
SOUND\VOICE\V805\V805_009_04.MP3,20062,MP3
SOUND\VOICE\V805\V805_009_05.MP3,25704,MP3
SOUND\VOICE\V805\V805_010_01.MP3,41795,MP3
SOUND\VOICE\V805\V805_010_02.MP3,39288,MP3
SOUND\VOICE\V805\V805_010_03.MP3,46602,MP3
SOUND\VOICE\V805\V805_011_01.MP3,57260,MP3
SOUND\VOICE\V805\V805_011_02.MP3,27585,MP3
SOUND\VOICE\V805\V805_012_01.MP3,21942,MP3
SOUND\VOICE\V805\V805_012_02.MP3,16927,MP3
SOUND\VOICE\V805\V805_012_03.MP3,34899,MP3
SOUND\VOICE\V805\V805_012_04.MP3,19644,MP3
SOUND\VOICE\V805\V805_012_05.MP3,57051,MP3
SOUND\VOICE\V805\V805_012_06.MP3,25077,MP3
SOUND\VOICE\V805\V805_013_01.MP3,90697,MP3
SOUND\VOICE\V805\V805_013_02.MP3,11075,MP3
SOUND\VOICE\V805\V805_013_03.MP3,55588,MP3
SOUND\VOICE\V805\V805_013_04.MP3,25077,MP3
SOUND\VOICE\V805\V805_014_01.MP3,28630,MP3
SOUND\VOICE\V805\V805_014_02.MP3,57260,MP3
SOUND\VOICE\V805\V805_015_01.MP3,8359,MP3
SOUND\VOICE\V805\V805_015_02.MP3,14419,MP3
SOUND\VOICE\V805\V805_015_03.MP3,42213,MP3
SOUND\VOICE\V806\V806_001_01.MP3,14837,MP3
SOUND\VOICE\V806\V806_002_01.MP3,71262,MP3
SOUND\VOICE\V806\V806_002_02.MP3,32600,MP3
SOUND\VOICE\V806\V806_003_01.MP3,13165,MP3
SOUND\VOICE\V806\V806_003_02.MP3,72724,MP3
SOUND\VOICE\V806\V806_003_03.MP3,42631,MP3
SOUND\VOICE\V806\V806_003_04.MP3,96130,MP3
SOUND\VOICE\V806\V806_004_01.MP3,57051,MP3
SOUND\VOICE\V806\V806_004_02.MP3,16091,MP3
SOUND\VOICE\V806\V806_004_03.MP3,20271,MP3
SOUND\VOICE\V806\V806_005_01.MP3,20897,MP3
SOUND\VOICE\V806\V806_005_02.MP3,19853,MP3
SOUND\VOICE\V806\V806_005_03.MP3,23823,MP3
SOUND\VOICE\V806\V806_005_04.MP3,44094,MP3
SOUND\VOICE\V806\V806_006_01.MP3,17554,MP3
SOUND\VOICE\V806\V806_006_02.MP3,24450,MP3
SOUND\VOICE\V806\V806_006_03.MP3,9613,MP3
SOUND\VOICE\V806\V806_006_04.MP3,32182,MP3
SOUND\VOICE\V806\V806_006_05.MP3,43467,MP3
SOUND\VOICE\V806\V806_006_06.MP3,43049,MP3
SOUND\VOICE\V806\V806_006_07.MP3,10866,MP3
SOUND\VOICE\V806\V806_006_08.MP3,23196,MP3
SOUND\VOICE\V806\V806_006_09.MP3,59977,MP3
SOUND\VOICE\V806\V806_006_10.MP3,17554,MP3
SOUND\VOICE\V806\V806_006_11.MP3,22569,MP3
SOUND\VOICE\V806\V806_007_01.MP3,49110,MP3
SOUND\VOICE\V806\V806_007_02.MP3,58723,MP3
SOUND\VOICE\V806\V806_007_03.MP3,25077,MP3
SOUND\VOICE\V806\V806_008_01.MP3,39497,MP3
SOUND\VOICE\V806\V806_008_02.MP3,11911,MP3
SOUND\VOICE\V806\V806_008_03.MP3,10866,MP3
SOUND\VOICE\V806\V806_008_04.MP3,10448,MP3
SOUND\VOICE\V806\V806_009_01.MP3,36989,MP3
SOUND\VOICE\V806\V806_009_02.MP3,63947,MP3
SOUND\VOICE\V806\V806_009_03.MP3,10448,MP3
SOUND\VOICE\V806\V806_009_04.MP3,23196,MP3
SOUND\VOICE\V806\V806_009_05.MP3,23614,MP3
SOUND\VOICE\V806\V806_010_01.MP3,38661,MP3
SOUND\VOICE\V806\V806_010_02.MP3,38034,MP3
SOUND\VOICE\V806\V806_010_03.MP3,41795,MP3
SOUND\VOICE\V806\V806_011_01.MP3,60604,MP3
SOUND\VOICE\V806\V806_011_02.MP3,28421,MP3
SOUND\VOICE\V806\V806_012_01.MP3,22569,MP3
SOUND\VOICE\V806\V806_012_02.MP3,21315,MP3
SOUND\VOICE\V806\V806_012_03.MP3,34481,MP3
SOUND\VOICE\V806\V806_012_04.MP3,10240,MP3
SOUND\VOICE\V806\V806_012_05.MP3,56842,MP3
SOUND\VOICE\V806\V806_012_06.MP3,26749,MP3
SOUND\VOICE\V806\V806_013_01.MP3,106997,MP3
SOUND\VOICE\V806\V806_013_02.MP3,11911,MP3
SOUND\VOICE\V806\V806_013_03.MP3,62902,MP3
SOUND\VOICE\V806\V806_013_04.MP3,26331,MP3
SOUND\VOICE\V806\V806_014_01.MP3,30302,MP3
SOUND\VOICE\V806\V806_014_02.MP3,65410,MP3
SOUND\VOICE\V806\V806_015_01.MP3,8986,MP3
SOUND\VOICE\V806\V806_015_02.MP3,16091,MP3
SOUND\VOICE\V806\V806_015_03.MP3,44721,MP3
SOUND\VOICE\V807\V807_001_01.MP3,19226,MP3
SOUND\VOICE\V807\V807_002_01.MP3,70844,MP3
SOUND\VOICE\V807\V807_002_02.MP3,35944,MP3
SOUND\VOICE\V807\V807_003_01.MP3,11284,MP3
SOUND\VOICE\V807\V807_003_02.MP3,69381,MP3
SOUND\VOICE\V807\V807_003_03.MP3,44094,MP3
SOUND\VOICE\V807\V807_003_04.MP3,81711,MP3
SOUND\VOICE\V807\V807_004_01.MP3,56424,MP3
SOUND\VOICE\V807\V807_004_02.MP3,16927,MP3
SOUND\VOICE\V807\V807_004_03.MP3,20062,MP3
SOUND\VOICE\V807\V807_005_01.MP3,15046,MP3
SOUND\VOICE\V807\V807_005_02.MP3,19435,MP3
SOUND\VOICE\V807\V807_005_03.MP3,21315,MP3
SOUND\VOICE\V807\V807_005_04.MP3,46184,MP3
SOUND\VOICE\V807\V807_006_01.MP3,16718,MP3
SOUND\VOICE\V807\V807_006_02.MP3,24659,MP3
SOUND\VOICE\V807\V807_006_03.MP3,9613,MP3
SOUND\VOICE\V807\V807_006_04.MP3,29675,MP3
SOUND\VOICE\V807\V807_006_05.MP3,40542,MP3
SOUND\VOICE\V807\V807_006_06.MP3,45975,MP3
SOUND\VOICE\V807\V807_006_07.MP3,10866,MP3
SOUND\VOICE\V807\V807_006_08.MP3,20897,MP3
SOUND\VOICE\V807\V807_006_09.MP3,60395,MP3
SOUND\VOICE\V807\V807_006_10.MP3,14210,MP3
SOUND\VOICE\V807\V807_006_11.MP3,13583,MP3
SOUND\VOICE\V807\V807_007_01.MP3,53080,MP3
SOUND\VOICE\V807\V807_007_02.MP3,54752,MP3
SOUND\VOICE\V807\V807_007_03.MP3,29257,MP3
SOUND\VOICE\V807\V807_008_01.MP3,53916,MP3
SOUND\VOICE\V807\V807_008_02.MP3,13792,MP3
SOUND\VOICE\V807\V807_008_03.MP3,10866,MP3
SOUND\VOICE\V807\V807_008_04.MP3,10657,MP3
SOUND\VOICE\V807\V807_009_01.MP3,36571,MP3
SOUND\VOICE\V807\V807_009_02.MP3,68127,MP3
SOUND\VOICE\V807\V807_009_03.MP3,15882,MP3
SOUND\VOICE\V807\V807_009_04.MP3,22778,MP3
SOUND\VOICE\V807\V807_009_05.MP3,24032,MP3
SOUND\VOICE\V807\V807_010_01.MP3,37407,MP3
SOUND\VOICE\V807\V807_010_02.MP3,38452,MP3
SOUND\VOICE\V807\V807_010_03.MP3,47647,MP3
SOUND\VOICE\V807\V807_011_01.MP3,61440,MP3
SOUND\VOICE\V807\V807_011_02.MP3,33854,MP3
SOUND\VOICE\V807\V807_012_01.MP3,20897,MP3
SOUND\VOICE\V807\V807_012_02.MP3,16927,MP3
SOUND\VOICE\V807\V807_012_03.MP3,35108,MP3
SOUND\VOICE\V807\V807_012_04.MP3,10448,MP3
SOUND\VOICE\V807\V807_012_05.MP3,65828,MP3
SOUND\VOICE\V807\V807_012_06.MP3,30720,MP3
SOUND\VOICE\V807\V807_013_01.MP3,122462,MP3
SOUND\VOICE\V807\V807_013_02.MP3,11702,MP3
SOUND\VOICE\V807\V807_013_03.MP3,46184,MP3
SOUND\VOICE\V807\V807_013_04.MP3,23823,MP3
SOUND\VOICE\V807\V807_014_01.MP3,33645,MP3
SOUND\VOICE\V807\V807_014_02.MP3,58305,MP3
SOUND\VOICE\V807\V807_015_01.MP3,8777,MP3
SOUND\VOICE\V807\V807_015_02.MP3,15464,MP3
SOUND\VOICE\V807\V807_015_03.MP3,56006,MP3
SOUND\VOICE\V808\V808_001_01.MP3,15882,MP3
SOUND\VOICE\V808\V808_002_01.MP3,73560,MP3
SOUND\VOICE\V808\V808_002_02.MP3,40333,MP3
SOUND\VOICE\V808\V808_003_01.MP3,12538,MP3
SOUND\VOICE\V808\V808_003_02.MP3,80666,MP3
SOUND\VOICE\V808\V808_003_03.MP3,52035,MP3
SOUND\VOICE\V808\V808_003_04.MP3,102817,MP3
SOUND\VOICE\V808\V808_004_01.MP3,62693,MP3
SOUND\VOICE\V808\V808_004_02.MP3,15046,MP3
SOUND\VOICE\V808\V808_004_03.MP3,32600,MP3
SOUND\VOICE\V808\V808_005_01.MP3,26749,MP3
SOUND\VOICE\V808\V808_005_02.MP3,20897,MP3
SOUND\VOICE\V808\V808_005_03.MP3,29466,MP3
SOUND\VOICE\V808\V808_005_04.MP3,53916,MP3
SOUND\VOICE\V808\V808_006_01.MP3,18808,MP3
SOUND\VOICE\V808\V808_006_02.MP3,28212,MP3
SOUND\VOICE\V808\V808_006_03.MP3,10031,MP3
SOUND\VOICE\V808\V808_006_04.MP3,31137,MP3
SOUND\VOICE\V808\V808_006_05.MP3,49946,MP3
SOUND\VOICE\V808\V808_006_06.MP3,50364,MP3
SOUND\VOICE\V808\V808_006_07.MP3,12747,MP3
SOUND\VOICE\V808\V808_006_08.MP3,26122,MP3
SOUND\VOICE\V808\V808_006_09.MP3,61648,MP3
SOUND\VOICE\V808\V808_006_10.MP3,21106,MP3
SOUND\VOICE\V808\V808_006_11.MP3,24659,MP3
SOUND\VOICE\V808\V808_007_01.MP3,60604,MP3
SOUND\VOICE\V808\V808_007_02.MP3,64574,MP3
SOUND\VOICE\V808\V808_007_03.MP3,27376,MP3
SOUND\VOICE\V808\V808_008_01.MP3,42840,MP3
SOUND\VOICE\V808\V808_008_02.MP3,13792,MP3
SOUND\VOICE\V808\V808_008_03.MP3,11493,MP3
SOUND\VOICE\V808\V808_008_04.MP3,12329,MP3
SOUND\VOICE\V808\V808_009_01.MP3,42213,MP3
SOUND\VOICE\V808\V808_009_02.MP3,70008,MP3
SOUND\VOICE\V808\V808_009_03.MP3,11911,MP3
SOUND\VOICE\V808\V808_009_04.MP3,26331,MP3
SOUND\VOICE\V808\V808_009_05.MP3,27167,MP3
SOUND\VOICE\V808\V808_010_01.MP3,54125,MP3
SOUND\VOICE\V808\V808_010_02.MP3,51617,MP3
SOUND\VOICE\V808\V808_010_03.MP3,57469,MP3
SOUND\VOICE\V808\V808_011_01.MP3,72933,MP3
SOUND\VOICE\V808\V808_011_02.MP3,34899,MP3
SOUND\VOICE\V808\V808_012_01.MP3,26122,MP3
SOUND\VOICE\V808\V808_012_02.MP3,20480,MP3
SOUND\VOICE\V808\V808_012_03.MP3,38661,MP3
SOUND\VOICE\V808\V808_012_04.MP3,18599,MP3
SOUND\VOICE\V808\V808_012_05.MP3,78576,MP3
SOUND\VOICE\V808\V808_012_06.MP3,33227,MP3
SOUND\VOICE\V808\V808_013_01.MP3,119118,MP3
SOUND\VOICE\V808\V808_013_02.MP3,14419,MP3
SOUND\VOICE\V808\V808_013_03.MP3,68127,MP3
SOUND\VOICE\V808\V808_013_04.MP3,30093,MP3
SOUND\VOICE\V808\V808_014_01.MP3,40960,MP3
SOUND\VOICE\V808\V808_014_02.MP3,81502,MP3
SOUND\VOICE\V808\V808_015_01.MP3,12120,MP3
SOUND\VOICE\V808\V808_015_02.MP3,19644,MP3
SOUND\VOICE\V808\V808_015_03.MP3,51826,MP3
SOUND\VOICE\V809\V809_001_01.MP3,16509,MP3
SOUND\VOICE\V809\V809_002_01.MP3,72724,MP3
SOUND\VOICE\V809\V809_002_02.MP3,36571,MP3
SOUND\VOICE\V809\V809_003_01.MP3,9404,MP3
SOUND\VOICE\V809\V809_003_02.MP3,83173,MP3
SOUND\VOICE\V809\V809_003_03.MP3,40542,MP3
SOUND\VOICE\V809\V809_003_04.MP3,113475,MP3
SOUND\VOICE\V809\V809_004_01.MP3,60813,MP3
SOUND\VOICE\V809\V809_004_02.MP3,19017,MP3
SOUND\VOICE\V809\V809_004_03.MP3,21106,MP3
SOUND\VOICE\V809\V809_005_01.MP3,25913,MP3
SOUND\VOICE\V809\V809_005_02.MP3,25286,MP3
SOUND\VOICE\V809\V809_005_03.MP3,28003,MP3
SOUND\VOICE\V809\V809_005_04.MP3,52662,MP3
SOUND\VOICE\V809\V809_006_01.MP3,16927,MP3
SOUND\VOICE\V809\V809_006_02.MP3,25077,MP3
SOUND\VOICE\V809\V809_006_03.MP3,8359,MP3
SOUND\VOICE\V809\V809_006_04.MP3,33018,MP3
SOUND\VOICE\V809\V809_006_05.MP3,48274,MP3
SOUND\VOICE\V809\V809_006_06.MP3,46602,MP3
SOUND\VOICE\V809\V809_006_07.MP3,9404,MP3
SOUND\VOICE\V809\V809_006_08.MP3,14001,MP3
SOUND\VOICE\V809\V809_006_09.MP3,67291,MP3
SOUND\VOICE\V809\V809_006_10.MP3,23614,MP3
SOUND\VOICE\V809\V809_006_11.MP3,29884,MP3
SOUND\VOICE\V809\V809_007_01.MP3,57051,MP3
SOUND\VOICE\V809\V809_007_02.MP3,75650,MP3
SOUND\VOICE\V809\V809_007_03.MP3,31137,MP3
SOUND\VOICE\V809\V809_008_01.MP3,44512,MP3
SOUND\VOICE\V809\V809_008_02.MP3,10657,MP3
SOUND\VOICE\V809\V809_008_03.MP3,10031,MP3
SOUND\VOICE\V809\V809_008_04.MP3,10448,MP3
SOUND\VOICE\V809\V809_009_01.MP3,40124,MP3
SOUND\VOICE\V809\V809_009_02.MP3,72724,MP3
SOUND\VOICE\V809\V809_009_03.MP3,8359,MP3
SOUND\VOICE\V809\V809_009_04.MP3,23405,MP3
SOUND\VOICE\V809\V809_009_05.MP3,29048,MP3
SOUND\VOICE\V809\V809_010_01.MP3,52035,MP3
SOUND\VOICE\V809\V809_010_02.MP3,58305,MP3
SOUND\VOICE\V809\V809_010_03.MP3,63738,MP3
SOUND\VOICE\V809\V809_011_01.MP3,73142,MP3
SOUND\VOICE\V809\V809_011_02.MP3,38034,MP3
SOUND\VOICE\V809\V809_012_01.MP3,25077,MP3
SOUND\VOICE\V809\V809_012_02.MP3,26331,MP3
SOUND\VOICE\V809\V809_012_03.MP3,39079,MP3
SOUND\VOICE\V809\V809_012_04.MP3,21106,MP3
SOUND\VOICE\V809\V809_012_05.MP3,70008,MP3
SOUND\VOICE\V809\V809_012_06.MP3,31346,MP3
SOUND\VOICE\V809\V809_013_01.MP3,134164,MP3
SOUND\VOICE\V809\V809_013_02.MP3,10240,MP3
SOUND\VOICE\V809\V809_013_03.MP3,58096,MP3
SOUND\VOICE\V809\V809_013_04.MP3,28421,MP3
SOUND\VOICE\V809\V809_014_01.MP3,43467,MP3
SOUND\VOICE\V809\V809_014_02.MP3,85681,MP3
SOUND\VOICE\V809\V809_015_01.MP3,8359,MP3
SOUND\VOICE\V809\V809_015_02.MP3,15046,MP3
SOUND\VOICE\V809\V809_015_03.MP3,65619,MP3
SOUND\VOICE\V810\V810_001_01.MP3,11075,MP3
SOUND\VOICE\V810\V810_002_01.MP3,64365,MP3
SOUND\VOICE\V810\V810_002_02.MP3,31137,MP3
SOUND\VOICE\V810\V810_003_01.MP3,10240,MP3
SOUND\VOICE\V810\V810_003_02.MP3,67709,MP3
SOUND\VOICE\V810\V810_003_03.MP3,47647,MP3
SOUND\VOICE\V810\V810_003_04.MP3,78158,MP3
SOUND\VOICE\V810\V810_004_01.MP3,52871,MP3
SOUND\VOICE\V810\V810_004_02.MP3,16509,MP3
SOUND\VOICE\V810\V810_004_03.MP3,18808,MP3
SOUND\VOICE\V810\V810_005_01.MP3,19226,MP3
SOUND\VOICE\V810\V810_005_02.MP3,15046,MP3
SOUND\VOICE\V810\V810_005_03.MP3,18599,MP3
SOUND\VOICE\V810\V810_005_04.MP3,48692,MP3
SOUND\VOICE\V810\V810_006_01.MP3,15673,MP3
SOUND\VOICE\V810\V810_006_02.MP3,23196,MP3
SOUND\VOICE\V810\V810_006_03.MP3,9613,MP3
SOUND\VOICE\V810\V810_006_04.MP3,30093,MP3
SOUND\VOICE\V810\V810_006_05.MP3,43258,MP3
SOUND\VOICE\V810\V810_006_06.MP3,34899,MP3
SOUND\VOICE\V810\V810_006_07.MP3,9613,MP3
SOUND\VOICE\V810\V810_006_08.MP3,13792,MP3
SOUND\VOICE\V810\V810_006_09.MP3,54961,MP3
SOUND\VOICE\V810\V810_006_10.MP3,12329,MP3
SOUND\VOICE\V810\V810_006_11.MP3,17345,MP3
SOUND\VOICE\V810\V810_007_01.MP3,45557,MP3
SOUND\VOICE\V810\V810_007_02.MP3,49946,MP3
SOUND\VOICE\V810\V810_007_03.MP3,24032,MP3
SOUND\VOICE\V810\V810_008_01.MP3,39288,MP3
SOUND\VOICE\V810\V810_008_02.MP3,10657,MP3
SOUND\VOICE\V810\V810_008_03.MP3,10031,MP3
SOUND\VOICE\V810\V810_008_04.MP3,9613,MP3
SOUND\VOICE\V810\V810_009_01.MP3,29884,MP3
SOUND\VOICE\V810\V810_009_02.MP3,60186,MP3
SOUND\VOICE\V810\V810_009_03.MP3,8986,MP3
SOUND\VOICE\V810\V810_009_04.MP3,18808,MP3
SOUND\VOICE\V810\V810_009_05.MP3,25286,MP3
SOUND\VOICE\V810\V810_010_01.MP3,40960,MP3
SOUND\VOICE\V810\V810_010_02.MP3,39706,MP3
SOUND\VOICE\V810\V810_010_03.MP3,42631,MP3
SOUND\VOICE\V810\V810_011_01.MP3,47020,MP3
SOUND\VOICE\V810\V810_011_02.MP3,24450,MP3
SOUND\VOICE\V810\V810_012_01.MP3,20271,MP3
SOUND\VOICE\V810\V810_012_02.MP3,14628,MP3
SOUND\VOICE\V810\V810_012_03.MP3,33854,MP3
SOUND\VOICE\V810\V810_012_04.MP3,8777,MP3
SOUND\VOICE\V810\V810_012_05.MP3,50155,MP3
SOUND\VOICE\V810\V810_012_06.MP3,26749,MP3
SOUND\VOICE\V810\V810_013_01.MP3,115983,MP3
SOUND\VOICE\V810\V810_013_02.MP3,10031,MP3
SOUND\VOICE\V810\V810_013_03.MP3,49528,MP3
SOUND\VOICE\V810\V810_013_04.MP3,24450,MP3
SOUND\VOICE\V810\V810_014_01.MP3,33436,MP3
SOUND\VOICE\V810\V810_014_02.MP3,61231,MP3
SOUND\VOICE\V810\V810_015_01.MP3,7941,MP3
SOUND\VOICE\V810\V810_015_02.MP3,14210,MP3
SOUND\VOICE\V810\V810_015_03.MP3,58932,MP3
SOUND\VOICE\V811\V811_001_01.MP3,16300,MP3
SOUND\VOICE\V811\V811_002_01.MP3,53289,MP3
SOUND\VOICE\V811\V811_002_02.MP3,31346,MP3
SOUND\VOICE\V811\V811_003_01.MP3,10448,MP3
SOUND\VOICE\V811\V811_003_02.MP3,63738,MP3
SOUND\VOICE\V811\V811_003_03.MP3,43049,MP3
SOUND\VOICE\V811\V811_003_04.MP3,86308,MP3
SOUND\VOICE\V811\V811_003_05.MP3,87353,MP3
SOUND\VOICE\V811\V811_004_01.MP3,53289,MP3
SOUND\VOICE\V811\V811_004_02.MP3,12956,MP3
SOUND\VOICE\V811\V811_004_03.MP3,20480,MP3
SOUND\VOICE\V811\V811_005_01.MP3,20480,MP3
SOUND\VOICE\V811\V811_005_02.MP3,22569,MP3
SOUND\VOICE\V811\V811_005_03.MP3,25913,MP3
SOUND\VOICE\V811\V811_005_04.MP3,48901,MP3
SOUND\VOICE\V811\V811_006_01.MP3,19644,MP3
SOUND\VOICE\V811\V811_006_02.MP3,22569,MP3
SOUND\VOICE\V811\V811_006_03.MP3,7941,MP3
SOUND\VOICE\V811\V811_006_04.MP3,28630,MP3
SOUND\VOICE\V811\V811_006_05.MP3,39288,MP3
SOUND\VOICE\V811\V811_006_06.MP3,43467,MP3
SOUND\VOICE\V811\V811_006_07.MP3,9613,MP3
SOUND\VOICE\V811\V811_006_08.MP3,21315,MP3
SOUND\VOICE\V811\V811_006_09.MP3,49319,MP3
SOUND\VOICE\V811\V811_006_10.MP3,18599,MP3
SOUND\VOICE\V811\V811_006_11.MP3,22151,MP3
SOUND\VOICE\V811\V811_007_01.MP3,47020,MP3
SOUND\VOICE\V811\V811_007_02.MP3,50155,MP3
SOUND\VOICE\V811\V811_007_03.MP3,24241,MP3
SOUND\VOICE\V811\V811_008_01.MP3,39915,MP3
SOUND\VOICE\V811\V811_008_02.MP3,11284,MP3
SOUND\VOICE\V811\V811_008_03.MP3,9822,MP3
SOUND\VOICE\V811\V811_008_04.MP3,9822,MP3
SOUND\VOICE\V811\V811_009_01.MP3,32391,MP3
SOUND\VOICE\V811\V811_009_02.MP3,55379,MP3
SOUND\VOICE\V811\V811_009_03.MP3,12538,MP3
SOUND\VOICE\V811\V811_009_04.MP3,20688,MP3
SOUND\VOICE\V811\V811_009_05.MP3,23405,MP3
SOUND\VOICE\V811\V811_010_01.MP3,38870,MP3
SOUND\VOICE\V811\V811_010_02.MP3,38661,MP3
SOUND\VOICE\V811\V811_010_03.MP3,44094,MP3
SOUND\VOICE\V811\V811_011_01.MP3,54543,MP3
SOUND\VOICE\V811\V811_011_02.MP3,29048,MP3
SOUND\VOICE\V811\V811_012_01.MP3,19435,MP3
SOUND\VOICE\V811\V811_012_02.MP3,15464,MP3
SOUND\VOICE\V811\V811_012_03.MP3,28630,MP3
SOUND\VOICE\V811\V811_012_04.MP3,15255,MP3
SOUND\VOICE\V811\V811_012_05.MP3,55797,MP3
SOUND\VOICE\V811\V811_012_06.MP3,23823,MP3
SOUND\VOICE\V811\V811_013_01.MP3,84218,MP3
SOUND\VOICE\V811\V811_013_02.MP3,11075,MP3
SOUND\VOICE\V811\V811_013_03.MP3,47438,MP3
SOUND\VOICE\V811\V811_013_04.MP3,25077,MP3
SOUND\VOICE\V811\V811_014_01.MP3,32600,MP3
SOUND\VOICE\V811\V811_014_02.MP3,61231,MP3
SOUND\VOICE\V811\V811_015_01.MP3,8568,MP3
SOUND\VOICE\V811\V811_015_02.MP3,15046,MP3
SOUND\VOICE\V811\V811_015_03.MP3,46393,MP3
SOUND\VOICE\V812\V812_001_01.MP3,13792,MP3
SOUND\VOICE\V812\V812_002_01.MP3,62484,MP3
SOUND\VOICE\V812\V812_002_02.MP3,35108,MP3
SOUND\VOICE\V812\V812_003_01.MP3,10657,MP3
SOUND\VOICE\V812\V812_003_02.MP3,70217,MP3
SOUND\VOICE\V812\V812_003_03.MP3,46393,MP3
SOUND\VOICE\V812\V812_003_04.MP3,91115,MP3
SOUND\VOICE\V812\V812_004_01.MP3,51200,MP3
SOUND\VOICE\V812\V812_004_02.MP3,13792,MP3
SOUND\VOICE\V812\V812_004_03.MP3,21315,MP3
SOUND\VOICE\V812\V812_005_01.MP3,19435,MP3
SOUND\VOICE\V812\V812_005_02.MP3,19435,MP3
SOUND\VOICE\V812\V812_005_03.MP3,25286,MP3
SOUND\VOICE\V812\V812_005_04.MP3,46393,MP3
SOUND\VOICE\V812\V812_006_01.MP3,16927,MP3
SOUND\VOICE\V812\V812_006_02.MP3,22569,MP3
SOUND\VOICE\V812\V812_006_03.MP3,9195,MP3
SOUND\VOICE\V812\V812_006_04.MP3,29466,MP3
SOUND\VOICE\V812\V812_006_05.MP3,40542,MP3
SOUND\VOICE\V812\V812_006_06.MP3,43258,MP3
SOUND\VOICE\V812\V812_006_07.MP3,9404,MP3
SOUND\VOICE\V812\V812_006_08.MP3,16091,MP3
SOUND\VOICE\V812\V812_006_09.MP3,50573,MP3
SOUND\VOICE\V812\V812_006_10.MP3,16509,MP3
SOUND\VOICE\V812\V812_006_11.MP3,16509,MP3
SOUND\VOICE\V812\V812_007_01.MP3,43258,MP3
SOUND\VOICE\V812\V812_007_02.MP3,55170,MP3
SOUND\VOICE\V812\V812_007_03.MP3,27585,MP3
SOUND\VOICE\V812\V812_008_01.MP3,42213,MP3
SOUND\VOICE\V812\V812_008_02.MP3,12120,MP3
SOUND\VOICE\V812\V812_008_03.MP3,8986,MP3
SOUND\VOICE\V812\V812_008_04.MP3,8986,MP3
SOUND\VOICE\V812\V812_009_01.MP3,34690,MP3
SOUND\VOICE\V812\V812_009_02.MP3,60395,MP3
SOUND\VOICE\V812\V812_009_03.MP3,11284,MP3
SOUND\VOICE\V812\V812_009_04.MP3,19435,MP3
SOUND\VOICE\V812\V812_009_05.MP3,23823,MP3
SOUND\VOICE\V812\V812_010_01.MP3,40960,MP3
SOUND\VOICE\V812\V812_010_02.MP3,36153,MP3
SOUND\VOICE\V812\V812_010_03.MP3,42004,MP3
SOUND\VOICE\V812\V812_011_01.MP3,52244,MP3
SOUND\VOICE\V812\V812_011_02.MP3,24450,MP3
SOUND\VOICE\V812\V812_012_01.MP3,20480,MP3
SOUND\VOICE\V812\V812_012_02.MP3,15046,MP3
SOUND\VOICE\V812\V812_012_03.MP3,37198,MP3
SOUND\VOICE\V812\V812_012_04.MP3,11702,MP3
SOUND\VOICE\V812\V812_012_05.MP3,54961,MP3
SOUND\VOICE\V812\V812_012_06.MP3,26331,MP3
SOUND\VOICE\V812\V812_013_01.MP3,86726,MP3
SOUND\VOICE\V812\V812_013_02.MP3,9404,MP3
SOUND\VOICE\V812\V812_013_03.MP3,50782,MP3
SOUND\VOICE\V812\V812_013_04.MP3,22151,MP3
SOUND\VOICE\V812\V812_014_01.MP3,30511,MP3
SOUND\VOICE\V812\V812_014_02.MP3,53707,MP3
SOUND\VOICE\V812\V812_015_01.MP3,7732,MP3
SOUND\VOICE\V812\V812_015_02.MP3,14837,MP3
SOUND\VOICE\V812\V812_015_03.MP3,50573,MP3
SOUND\VOICE\V901\V901_001_00.MP3,310961,MP3
SOUND\VOICE\V901\V901_002_00.MP3,313887,MP3
SOUND\VOICE\V901\V901_003_01.MP3,9404,MP3
SOUND\VOICE\V901\V901_003_02.MP3,32182,MP3
SOUND\VOICE\V901\V901_003_03.MP3,31973,MP3
SOUND\VOICE\V901\V901_003_04.MP3,48901,MP3
SOUND\VOICE\V901\V901_003_05.MP3,34272,MP3
SOUND\VOICE\V901\V901_003_06.MP3,31555,MP3
SOUND\VOICE\V901\V901_003_07.MP3,9404,MP3
SOUND\VOICE\V901\V901_003_08.MP3,27585,MP3
SOUND\VOICE\V901\V901_003_09.MP3,23614,MP3
SOUND\VOICE\V901\V901_004_01.MP3,42422,MP3
SOUND\VOICE\V901\V901_004_02.MP3,16091,MP3
SOUND\VOICE\V901\V901_004_03.MP3,20897,MP3
SOUND\VOICE\V901\V901_004_04.MP3,17554,MP3
SOUND\VOICE\V901\V901_005_01.MP3,20062,MP3
SOUND\VOICE\V901\V901_005_02.MP3,36989,MP3
SOUND\VOICE\V901\V901_005_03.MP3,42631,MP3
SOUND\VOICE\V901\V901_005_04.MP3,34272,MP3
SOUND\VOICE\V901\V901_005_05.MP3,16300,MP3
SOUND\VOICE\V901\V901_005_06.MP3,34481,MP3
SOUND\VOICE\V901\V901_006_01.MP3,24032,MP3
SOUND\VOICE\V901\V901_006_02.MP3,16509,MP3
SOUND\VOICE\V901\V901_006_03.MP3,26122,MP3
SOUND\VOICE\V901\V901_006_04.MP3,33854,MP3
SOUND\VOICE\V901\V901_006_05.MP3,21106,MP3
SOUND\VOICE\V901\V901_006_06.MP3,18599,MP3
SOUND\VOICE\V901\V901_006_07.MP3,12538,MP3
SOUND\VOICE\V901\V901_007_01.MP3,25495,MP3
SOUND\VOICE\V901\V901_007_02.MP3,31346,MP3
SOUND\VOICE\V901\V901_007_03.MP3,7732,MP3
SOUND\VOICE\V901\V901_007_04.MP3,15673,MP3
SOUND\VOICE\V901\V901_007_05.MP3,2507,MP3
SOUND\VOICE\V901\V901_007_06.MP3,14419,MP3
SOUND\VOICE\V901\V901_007_07.MP3,26122,MP3
SOUND\VOICE\V901\V901_007_08.MP3,10031,MP3
SOUND\VOICE\V902\V902_001_00.MP3,379506,MP3
SOUND\VOICE\V902\V902_002_00.MP3,63738,MP3
SOUND\VOICE\V902\V902_003_01.MP3,59559,MP3
SOUND\VOICE\V902\V902_003_02.MP3,57678,MP3
SOUND\VOICE\V902\V902_003_03.MP3,25077,MP3
SOUND\VOICE\V902\V902_003_04.MP3,36989,MP3
SOUND\VOICE\V902\V902_003_05.MP3,25913,MP3
SOUND\VOICE\V902\V902_003_06.MP3,23405,MP3
SOUND\VOICE\V902\V902_004_01.MP3,25077,MP3
SOUND\VOICE\V902\V902_004_02.MP3,8568,MP3
SOUND\VOICE\V902\V902_004_03.MP3,34063,MP3
SOUND\VOICE\V902\V902_004_04.MP3,15255,MP3
SOUND\VOICE\V902\V902_004_05.MP3,27585,MP3
SOUND\VOICE\V902\V902_005_01.MP3,32182,MP3
SOUND\VOICE\V902\V902_005_02.MP3,21524,MP3
SOUND\VOICE\V902\V902_005_03.MP3,49319,MP3
SOUND\VOICE\V902\V902_005_04.MP3,29048,MP3
SOUND\VOICE\V902\V902_006_01.MP3,10657,MP3
SOUND\VOICE\V902\V902_006_02.MP3,40960,MP3
SOUND\VOICE\V902\V902_006_03.MP3,39915,MP3
SOUND\VOICE\V902\V902_006_04.MP3,64574,MP3
SOUND\VOICE\V902\V902_006_05.MP3,6478,MP3
SOUND\VOICE\V902\V902_006_06.MP3,9613,MP3
SOUND\VOICE\V902\V902_006_07.MP3,16091,MP3
SOUND\VOICE\V902\V902_006_08.MP3,15255,MP3
SOUND\VOICE\V902\V902_006_09.MP3,29048,MP3
SOUND\VOICE\V902\V902_007_01.MP3,42422,MP3
SOUND\VOICE\V902\V902_007_02.MP3,36989,MP3
SOUND\VOICE\V902\V902_007_03.MP3,28003,MP3
SOUND\VOICE\V902\V902_007_04.MP3,45557,MP3
SOUND\VOICE\V902\V902_007_05.MP3,52244,MP3
SOUND\VOICE\V902\V902_007_06.MP3,27167,MP3
SOUND\VOICE\V902\V902_007_07A.MP3,18808,MP3
SOUND\VOICE\V902\V902_007_07B.MP3,22360,MP3
SOUND\VOICE\V902\V902_007_08A.MP3,36780,MP3
SOUND\VOICE\V902\V902_007_08B.MP3,33645,MP3
SOUND\VOICE\V903\V903_001_00.MP3,260597,MP3
SOUND\VOICE\V903\V903_002_00.MP3,30720,MP3
SOUND\VOICE\V903\V903_003_01.MP3,23823,MP3
SOUND\VOICE\V903\V903_003_02.MP3,29884,MP3
SOUND\VOICE\V903\V903_003_03.MP3,31973,MP3
SOUND\VOICE\V903\V903_003_04.MP3,29048,MP3
SOUND\VOICE\V903\V903_003_05.MP3,26749,MP3
SOUND\VOICE\V903\V903_003_06.MP3,29675,MP3
SOUND\VOICE\V903\V903_003_07.MP3,7941,MP3
SOUND\VOICE\V903\V903_003_08.MP3,30302,MP3
SOUND\VOICE\V903\V903_003_09.MP3,4806,MP3
SOUND\VOICE\V903\V903_003_10.MP3,3970,MP3
SOUND\VOICE\V903\V903_003_11.MP3,24659,MP3
SOUND\VOICE\V903\V903_003_12.MP3,17554,MP3
SOUND\VOICE\V903\V903_003_13.MP3,41168,MP3
SOUND\VOICE\V903\V903_004_01.MP3,26331,MP3
SOUND\VOICE\V903\V903_004_02.MP3,35735,MP3
SOUND\VOICE\V903\V903_004_03.MP3,8568,MP3
SOUND\VOICE\V903\V903_004_04.MP3,31764,MP3
SOUND\VOICE\V903\V903_005_01.MP3,17554,MP3
SOUND\VOICE\V903\V903_005_02.MP3,39497,MP3
SOUND\VOICE\V903\V903_005_03.MP3,8568,MP3
SOUND\VOICE\V903\V903_005_04.MP3,26958,MP3
SOUND\VOICE\V903\V903_005_05.MP3,10031,MP3
SOUND\VOICE\V903\V903_005_06.MP3,35735,MP3
SOUND\VOICE\V903\V903_006_01.MP3,25704,MP3
SOUND\VOICE\V903\V903_006_02.MP3,46393,MP3
SOUND\VOICE\V903\V903_006_03.MP3,20897,MP3
SOUND\VOICE\V903\V903_006_04.MP3,23823,MP3
SOUND\VOICE\V903\V903_007_01.MP3,15464,MP3
SOUND\VOICE\V903\V903_007_02.MP3,5015,MP3
SOUND\VOICE\V903\V903_007_03.MP3,10657,MP3
SOUND\VOICE\V903\V903_007_04.MP3,69381,MP3
SOUND\VOICE\V903\V903_007_05.MP3,24450,MP3
SOUND\VOICE\V903\V903_007_06.MP3,24241,MP3
SOUND\VOICE\V903\V903_007_07.MP3,25704,MP3
SOUND\VOICE\V903\V903_007_08.MP3,22151,MP3
SOUND\VOICE\V903\V903_007_09.MP3,21942,MP3
SOUND\VOICE\V903\V903_007_10.MP3,11493,MP3
SOUND\VOICE\V904\V904_001_00.MP3,419213,MP3
SOUND\VOICE\V904\V904_002_00.MP3,33227,MP3
SOUND\VOICE\V904\V904_003_01.MP3,13792,MP3
SOUND\VOICE\V904\V904_003_02.MP3,28630,MP3
SOUND\VOICE\V904\V904_003_03.MP3,28630,MP3
SOUND\VOICE\V904\V904_003_04.MP3,30302,MP3
SOUND\VOICE\V904\V904_003_05.MP3,24241,MP3
SOUND\VOICE\V904\V904_003_06.MP3,21315,MP3
SOUND\VOICE\V904\V904_003_07.MP3,20271,MP3
SOUND\VOICE\V904\V904_003_08.MP3,8568,MP3
SOUND\VOICE\V904\V904_003_09.MP3,45557,MP3
SOUND\VOICE\V904\V904_004_01.MP3,16927,MP3
SOUND\VOICE\V904\V904_004_02.MP3,32391,MP3
SOUND\VOICE\V904\V904_004_03.MP3,7523,MP3
SOUND\VOICE\V904\V904_004_04.MP3,30511,MP3
SOUND\VOICE\V904\V904_005_01.MP3,5433,MP3
SOUND\VOICE\V904\V904_005_02.MP3,40751,MP3
SOUND\VOICE\V904\V904_005_03.MP3,25495,MP3
SOUND\VOICE\V904\V904_005_04.MP3,48274,MP3
SOUND\VOICE\V904\V904_005_05.MP3,40333,MP3
SOUND\VOICE\V904\V904_005_06.MP3,23823,MP3
SOUND\VOICE\V904\V904_005_07.MP3,50782,MP3
SOUND\VOICE\V904\V904_006_01.MP3,33854,MP3
SOUND\VOICE\V904\V904_006_02.MP3,44512,MP3
SOUND\VOICE\V904\V904_006_03.MP3,60186,MP3
SOUND\VOICE\V904\V904_006_04.MP3,12329,MP3
SOUND\VOICE\V904\V904_006_05.MP3,47229,MP3
SOUND\VOICE\V904\V904_006_06.MP3,24450,MP3
SOUND\VOICE\V904\V904_006_07.MP3,22987,MP3
SOUND\VOICE\V904\V904_007_01.MP3,9404,MP3
SOUND\VOICE\V904\V904_007_02.MP3,18599,MP3
SOUND\VOICE\V904\V904_007_03.MP3,10240,MP3
SOUND\VOICE\V904\V904_007_04.MP3,34063,MP3
SOUND\VOICE\V904\V904_007_05.MP3,48692,MP3
SOUND\VOICE\V904\V904_007_06.MP3,58305,MP3
SOUND\VOICE\V904\V904_007_07.MP3,28839,MP3
SOUND\VOICE\V904\V904_007_08.MP3,18181,MP3
SOUND\VOICE\V904\V904_007_09.MP3,44512,MP3
SOUND\VOICE\V905\V905_001_00.MP3,297795,MP3
SOUND\VOICE\V905\V905_002_00.MP3,90697,MP3
SOUND\VOICE\V905\V905_003_01.MP3,20897,MP3
SOUND\VOICE\V905\V905_003_02.MP3,32600,MP3
SOUND\VOICE\V905\V905_003_03.MP3,53080,MP3
SOUND\VOICE\V905\V905_003_04.MP3,34690,MP3
SOUND\VOICE\V905\V905_003_05.MP3,11702,MP3
SOUND\VOICE\V905\V905_003_06.MP3,35317,MP3
SOUND\VOICE\V905\V905_003_07.MP3,10240,MP3
SOUND\VOICE\V905\V905_003_08.MP3,15255,MP3
SOUND\VOICE\V905\V905_003_09.MP3,3970,MP3
SOUND\VOICE\V905\V905_003_10.MP3,28003,MP3
SOUND\VOICE\V905\V905_003_11.MP3,34272,MP3
SOUND\VOICE\V905\V905_003_12.MP3,9195,MP3
SOUND\VOICE\V905\V905_004_01.MP3,15464,MP3
SOUND\VOICE\V905\V905_004_02.MP3,15046,MP3
SOUND\VOICE\V905\V905_004_03.MP3,13792,MP3
SOUND\VOICE\V905\V905_004_04A.MP3,17345,MP3
SOUND\VOICE\V905\V905_004_04B.MP3,18390,MP3
SOUND\VOICE\V905\V905_004_05.MP3,25495,MP3
SOUND\VOICE\V905\V905_004_06.MP3,7941,MP3
SOUND\VOICE\V905\V905_004_07.MP3,37198,MP3
SOUND\VOICE\V905\V905_004_08.MP3,32809,MP3
SOUND\VOICE\V905\V905_004_09.MP3,20897,MP3
SOUND\VOICE\V905\V905_004_10.MP3,17554,MP3
SOUND\VOICE\V905\V905_005_01.MP3,27794,MP3
SOUND\VOICE\V905\V905_005_02.MP3,39706,MP3
SOUND\VOICE\V905\V905_005_03.MP3,44721,MP3
SOUND\VOICE\V905\V905_005_04.MP3,51408,MP3
SOUND\VOICE\V905\V905_005_05.MP3,43049,MP3
SOUND\VOICE\V905\V905_005_06.MP3,28003,MP3
SOUND\VOICE\V905\V905_005_07.MP3,52244,MP3
SOUND\VOICE\V905\V905_005_08.MP3,31137,MP3
SOUND\VOICE\V905\V905_005_09.MP3,17763,MP3
SOUND\VOICE\V905\V905_005_10.MP3,47020,MP3
SOUND\VOICE\V905\V905_005_11.MP3,33854,MP3
SOUND\VOICE\V905\V905_005_12.MP3,44303,MP3
SOUND\VOICE\V905\V905_005_13.MP3,28212,MP3
SOUND\VOICE\V905\V905_005_14.MP3,14001,MP3
SOUND\VOICE\V905\V905_005_15.MP3,15673,MP3
SOUND\VOICE\V905\V905_005_16.MP3,2298,MP3
SOUND\VOICE\V905\V905_006_01.MP3,30928,MP3
SOUND\VOICE\V905\V905_006_02.MP3,22569,MP3
SOUND\VOICE\V905\V905_006_03.MP3,8568,MP3
SOUND\VOICE\V905\V905_006_04.MP3,9195,MP3
SOUND\VOICE\V905\V905_006_05.MP3,10866,MP3
SOUND\VOICE\V905\V905_006_06.MP3,89025,MP3
SOUND\VOICE\V905\V905_006_07.MP3,16091,MP3
SOUND\VOICE\V905\V905_006_08.MP3,12956,MP3
SOUND\VOICE\V905\V905_006_09.MP3,10240,MP3
SOUND\VOICE\V905\V905_006_10.MP3,8359,MP3
SOUND\VOICE\V905\V905_006_11.MP3,9195,MP3
SOUND\VOICE\V905\V905_006_12.MP3,21106,MP3
SOUND\VOICE\V905\V905_007_01.MP3,35526,MP3
SOUND\VOICE\V905\V905_007_02.MP3,39706,MP3
SOUND\VOICE\V905\V905_007_03.MP3,6687,MP3
SOUND\VOICE\V905\V905_007_04.MP3,26540,MP3
SOUND\VOICE\V905\V905_007_05.MP3,32391,MP3
SOUND\VOICE\V905\V905_007_06.MP3,45139,MP3
SOUND\VOICE\V905\V905_007_07.MP3,43676,MP3
SOUND\VOICE\V905\V905_007_08.MP3,44303,MP3
SOUND\VOICE\V905\V905_007_09.MP3,15046,MP3
SOUND\VOICE\V905\V905_007_10.MP3,20480,MP3
SOUND\VOICE\V905\V905_007_11.MP3,22360,MP3
SOUND\VOICE\V906\V906_001_00.MP3,609593,MP3
SOUND\VOICE\V906\V906_002_00.MP3,41795,MP3
SOUND\VOICE\V906\V906_003_01.MP3,16091,MP3
SOUND\VOICE\V906\V906_003_02.MP3,11702,MP3
SOUND\VOICE\V906\V906_004_01.MP3,13165,MP3
SOUND\VOICE\V906\V906_004_02.MP3,7732,MP3
SOUND\VOICE\V906\V906_004_03.MP3,15673,MP3
SOUND\VOICE\V906\V906_005_01.MP3,31555,MP3
SOUND\VOICE\V906\V906_005_02.MP3,60604,MP3
SOUND\VOICE\V906\V906_005_03.MP3,50155,MP3
SOUND\VOICE\V906\V906_005_04.MP3,33227,MP3
SOUND\VOICE\V906\V906_005_05.MP3,32182,MP3
SOUND\VOICE\V906\V906_006_01.MP3,19644,MP3
SOUND\VOICE\V906\V906_006_02.MP3,52662,MP3
SOUND\VOICE\V906\V906_006_03.MP3,11493,MP3
SOUND\VOICE\V906\V906_006_04.MP3,11284,MP3
SOUND\VOICE\V906\V906_006_05.MP3,56006,MP3
SOUND\VOICE\V906\V906_006_06.MP3,5015,MP3
SOUND\VOICE\V906\V906_006_07.MP3,18599,MP3
SOUND\VOICE\V906\V906_007_01.MP3,16300,MP3
SOUND\VOICE\V906\V906_007_02.MP3,32182,MP3
SOUND\VOICE\V906\V906_007_03.MP3,22569,MP3
SOUND\VOICE\V906\V906_007_04.MP3,15882,MP3
SOUND\VOICE\V906\V906_007_05.MP3,18599,MP3
SOUND\VOICE\V906\V906_007_06.MP3,43258,MP3
SOUND\VOICE\V906\V906_007_07.MP3,23405,MP3
SOUND\VOICE\V906\V906_007_08.MP3,12747,MP3
SOUND\VOICE\V906\V906_007_09.MP3,31555,MP3
SOUND\VOICE\V907\V907_001_00.MP3,403330,MP3
SOUND\VOICE\V907\V907_002_00.MP3,39706,MP3
SOUND\VOICE\V907\V907_003_01.MP3,11075,MP3
SOUND\VOICE\V907\V907_003_02.MP3,42840,MP3
SOUND\VOICE\V907\V907_003_03.MP3,17345,MP3
SOUND\VOICE\V907\V907_003_04.MP3,41168,MP3
SOUND\VOICE\V907\V907_003_05.MP3,27585,MP3
SOUND\VOICE\V907\V907_003_06.MP3,45766,MP3
SOUND\VOICE\V907\V907_003_07.MP3,15882,MP3
SOUND\VOICE\V907\V907_003_08.MP3,51826,MP3
SOUND\VOICE\V907\V907_003_09.MP3,15046,MP3
SOUND\VOICE\V907\V907_003_10.MP3,52871,MP3
SOUND\VOICE\V907\V907_003_11.MP3,33645,MP3
SOUND\VOICE\V907\V907_004_01.MP3,31346,MP3
SOUND\VOICE\V907\V907_004_02.MP3,10240,MP3
SOUND\VOICE\V907\V907_004_03.MP3,37825,MP3
SOUND\VOICE\V907\V907_004_04.MP3,38452,MP3
SOUND\VOICE\V907\V907_004_05.MP3,12956,MP3
SOUND\VOICE\V907\V907_004_06.MP3,50991,MP3
SOUND\VOICE\V907\V907_005_01.MP3,30511,MP3
SOUND\VOICE\V907\V907_005_02.MP3,18390,MP3
SOUND\VOICE\V907\V907_005_03.MP3,24450,MP3
SOUND\VOICE\V907\V907_005_04.MP3,59768,MP3
SOUND\VOICE\V907\V907_005_05.MP3,27794,MP3
SOUND\VOICE\V907\V907_005_06.MP3,39497,MP3
SOUND\VOICE\V907\V907_005_07.MP3,23614,MP3
SOUND\VOICE\V907\V907_006_01.MP3,49319,MP3
SOUND\VOICE\V907\V907_006_02.MP3,30093,MP3
SOUND\VOICE\V907\V907_006_03.MP3,34690,MP3
SOUND\VOICE\V907\V907_006_04.MP3,46602,MP3
SOUND\VOICE\V907\V907_006_05.MP3,30093,MP3
SOUND\VOICE\V907\V907_006_06.MP3,29675,MP3
SOUND\VOICE\V907\V907_006_07.MP3,45975,MP3
SOUND\VOICE\V907\V907_007_01.MP3,9822,MP3
SOUND\VOICE\V907\V907_007_02.MP3,17972,MP3
SOUND\VOICE\V907\V907_007_03.MP3,15882,MP3
SOUND\VOICE\V907\V907_007_04.MP3,81920,MP3
SOUND\VOICE\V907\V907_007_05.MP3,11075,MP3
SOUND\VOICE\V907\V907_007_06.MP3,7523,MP3
SOUND\VOICE\V907\V907_007_07.MP3,29884,MP3
SOUND\VOICE\V907\V907_007_08.MP3,25077,MP3
SOUND\VOICE\V907\V907_007_09.MP3,4597,MP3
SOUND\VOICE\V907\V907_007_10.MP3,47229,MP3
SOUND\VOICE\V907\V907_007_11.MP3,29675,MP3
SOUND\VOICE\V908\V908_001_00.MP3,376372,MP3
SOUND\VOICE\V908\V908_002_00.MP3,47229,MP3
SOUND\VOICE\V908\V908_003_01.MP3,5224,MP3
SOUND\VOICE\V908\V908_003_02.MP3,58932,MP3
SOUND\VOICE\V908\V908_003_03.MP3,22151,MP3
SOUND\VOICE\V908\V908_003_04.MP3,30093,MP3
SOUND\VOICE\V908\V908_003_05.MP3,34690,MP3
SOUND\VOICE\V908\V908_003_06.MP3,49946,MP3
SOUND\VOICE\V908\V908_003_07.MP3,8568,MP3
SOUND\VOICE\V908\V908_003_08.MP3,17554,MP3
SOUND\VOICE\V908\V908_003_09.MP3,30302,MP3
SOUND\VOICE\V908\V908_004_01.MP3,43885,MP3
SOUND\VOICE\V908\V908_004_02.MP3,37825,MP3
SOUND\VOICE\V908\V908_004_03.MP3,35735,MP3
SOUND\VOICE\V908\V908_004_04.MP3,23823,MP3
SOUND\VOICE\V908\V908_004_05.MP3,15673,MP3
SOUND\VOICE\V908\V908_004_06.MP3,9613,MP3
SOUND\VOICE\V908\V908_004_07.MP3,11911,MP3
SOUND\VOICE\V908\V908_004_08.MP3,34063,MP3
SOUND\VOICE\V908\V908_005_01.MP3,13165,MP3
SOUND\VOICE\V908\V908_005_02.MP3,42422,MP3
SOUND\VOICE\V908\V908_005_03.MP3,15255,MP3
SOUND\VOICE\V908\V908_005_04.MP3,33645,MP3
SOUND\VOICE\V908\V908_005_05.MP3,17972,MP3
SOUND\VOICE\V908\V908_005_06.MP3,16718,MP3
SOUND\VOICE\V908\V908_005_07.MP3,20062,MP3
SOUND\VOICE\V908\V908_005_08.MP3,104907,MP3
SOUND\VOICE\V908\V908_005_09.MP3,39706,MP3
SOUND\VOICE\V908\V908_005_10.MP3,54752,MP3
SOUND\VOICE\V908\V908_006_01.MP3,50364,MP3
SOUND\VOICE\V908\V908_006_02.MP3,17972,MP3
SOUND\VOICE\V908\V908_006_03.MP3,33436,MP3
SOUND\VOICE\V908\V908_007_01.MP3,9195,MP3
SOUND\VOICE\V908\V908_007_02.MP3,12956,MP3
SOUND\VOICE\V908\V908_007_03.MP3,27794,MP3
SOUND\VOICE\V908\V908_007_04.MP3,19644,MP3
SOUND\VOICE\V908\V908_007_05.MP3,71888,MP3
SOUND\VOICE\V908\V908_007_06.MP3,58096,MP3
SOUND\VOICE\V909\V909_001_00.MP3,332904,MP3
SOUND\VOICE\V909\V909_002_00.MP3,48692,MP3
SOUND\VOICE\V909\V909_003_01.MP3,46602,MP3
SOUND\VOICE\V909\V909_003_02.MP3,68545,MP3
SOUND\VOICE\V909\V909_003_03.MP3,45766,MP3
SOUND\VOICE\V909\V909_003_04.MP3,50155,MP3
SOUND\VOICE\V909\V909_003_05.MP3,40542,MP3
SOUND\VOICE\V909\V909_003_06.MP3,16718,MP3
SOUND\VOICE\V909\V909_003_07.MP3,24032,MP3
SOUND\VOICE\V909\V909_003_08.MP3,17972,MP3
SOUND\VOICE\V909\V909_004_01.MP3,33018,MP3
SOUND\VOICE\V909\V909_004_02.MP3,35108,MP3
SOUND\VOICE\V909\V909_004_03.MP3,45766,MP3
SOUND\VOICE\V909\V909_004_04.MP3,23614,MP3
SOUND\VOICE\V909\V909_004_05.MP3,23823,MP3
SOUND\VOICE\V909\V909_005_01A.MP3,24868,MP3
SOUND\VOICE\V909\V909_005_01B.MP3,27167,MP3
SOUND\VOICE\V909\V909_005_02A.MP3,39706,MP3
SOUND\VOICE\V909\V909_005_02B.MP3,60395,MP3
SOUND\VOICE\V909\V909_005_03A.MP3,41795,MP3
SOUND\VOICE\V909\V909_005_03B.MP3,44303,MP3
SOUND\VOICE\V909\V909_005_04.MP3,29884,MP3
SOUND\VOICE\V909\V909_005_05.MP3,51408,MP3
SOUND\VOICE\V909\V909_005_06.MP3,18390,MP3
SOUND\VOICE\V909\V909_005_07.MP3,50991,MP3
SOUND\VOICE\V909\V909_006_01.MP3,20897,MP3
SOUND\VOICE\V909\V909_006_02.MP3,17345,MP3
SOUND\VOICE\V909\V909_006_03.MP3,40960,MP3
SOUND\VOICE\V909\V909_006_04.MP3,20062,MP3
SOUND\VOICE\V909\V909_006_05.MP3,29675,MP3
SOUND\VOICE\V909\V909_006_06.MP3,16091,MP3
SOUND\VOICE\V909\V909_006_07.MP3,18181,MP3
SOUND\VOICE\V909\V909_006_08.MP3,7105,MP3
SOUND\VOICE\V909\V909_006_09.MP3,21524,MP3
SOUND\VOICE\V909\V909_006_10.MP3,8359,MP3
SOUND\VOICE\V909\V909_006_11.MP3,6060,MP3
SOUND\VOICE\V909\V909_006_12.MP3,18599,MP3
SOUND\VOICE\V909\V909_007_01.MP3,19226,MP3
SOUND\VOICE\V909\V909_007_02.MP3,27376,MP3
SOUND\VOICE\V909\V909_007_03.MP3,11493,MP3
SOUND\VOICE\V909\V909_007_04.MP3,33854,MP3
SOUND\VOICE\V909\V909_007_05.MP3,22569,MP3
SOUND\VOICE\V909\V909_007_06.MP3,17972,MP3
SOUND\VOICE\V909\V909_007_07.MP3,40751,MP3
SOUND\VOICE\V909\V909_007_08.MP3,39706,MP3
SOUND\VOICE\V909\V909_007_09.MP3,38034,MP3
SOUND\VOICE\V909\V909_007_10.MP3,32600,MP3
SOUND\VOICE\V910\V910_001_00.MP3,275017,MP3
SOUND\VOICE\V910\V910_002_00.MP3,80248,MP3
SOUND\VOICE\V910\V910_003_01.MP3,41377,MP3
SOUND\VOICE\V910\V910_003_02.MP3,20480,MP3
SOUND\VOICE\V910\V910_003_03.MP3,23196,MP3
SOUND\VOICE\V910\V910_003_04.MP3,6896,MP3
SOUND\VOICE\V910\V910_003_05.MP3,36362,MP3
SOUND\VOICE\V910\V910_003_06.MP3,42213,MP3
SOUND\VOICE\V910\V910_003_07.MP3,11911,MP3
SOUND\VOICE\V910\V910_003_08.MP3,24868,MP3
SOUND\VOICE\V910\V910_004_01.MP3,17763,MP3
SOUND\VOICE\V910\V910_004_02.MP3,18181,MP3
SOUND\VOICE\V910\V910_004_03.MP3,12747,MP3
SOUND\VOICE\V910\V910_004_04.MP3,10866,MP3
SOUND\VOICE\V910\V910_004_05.MP3,7523,MP3
SOUND\VOICE\V910\V910_005_01.MP3,22987,MP3
SOUND\VOICE\V910\V910_005_02.MP3,43885,MP3
SOUND\VOICE\V910\V910_005_03.MP3,10657,MP3
SOUND\VOICE\V910\V910_005_04.MP3,26958,MP3
SOUND\VOICE\V910\V910_005_05.MP3,11911,MP3
SOUND\VOICE\V910\V910_005_06.MP3,38661,MP3
SOUND\VOICE\V910\V910_005_07.MP3,17972,MP3
SOUND\VOICE\V911\V911_001_00.MP3,379506,MP3
SOUND\VOICE\V911\V911_002_00.MP3,203964,MP3
SOUND\VOICE\V911\V911_003_01.MP3,38452,MP3
SOUND\VOICE\V911\V911_003_02.MP3,42631,MP3
SOUND\VOICE\V911\V911_003_03.MP3,28630,MP3
SOUND\VOICE\V911\V911_003_04.MP3,20062,MP3
SOUND\VOICE\V911\V911_003_05.MP3,45975,MP3
SOUND\VOICE\V911\V911_003_06.MP3,8986,MP3
SOUND\VOICE\V911\V911_004_01.MP3,35944,MP3
SOUND\VOICE\V911\V911_004_02.MP3,18808,MP3
SOUND\VOICE\V911\V911_004_03.MP3,34899,MP3
SOUND\VOICE\V911\V911_004_04.MP3,26122,MP3
SOUND\VOICE\V911\V911_004_05.MP3,17136,MP3
SOUND\VOICE\V911\V911_005_01.MP3,26122,MP3
SOUND\VOICE\V911\V911_005_02.MP3,41168,MP3
SOUND\VOICE\V911\V911_005_03.MP3,20271,MP3
SOUND\VOICE\V911\V911_005_04.MP3,8150,MP3
SOUND\VOICE\V911\V911_005_05.MP3,13374,MP3
SOUND\VOICE\V911\V911_006_01.MP3,37825,MP3
SOUND\VOICE\V911\V911_006_02.MP3,44094,MP3
SOUND\VOICE\V911\V911_006_03.MP3,12120,MP3
SOUND\VOICE\V911\V911_006_04.MP3,11911,MP3
SOUND\VOICE\V911\V911_006_05.MP3,5642,MP3
SOUND\VOICE\V911\V911_007_01.MP3,7523,MP3
SOUND\VOICE\V911\V911_007_02.MP3,21524,MP3
SOUND\VOICE\V911\V911_007_03.MP3,58514,MP3
SOUND\VOICE\V911\V911_007_04.MP3,21106,MP3
SOUND\VOICE\V911\V911_007_05.MP3,27585,MP3
SOUND\VOICE\V911\V911_007_06.MP3,8568,MP3
SOUND\VOICE\V911\V911_007_07.MP3,11702,MP3
SOUND\VOICE\V911\V911_007_08.MP3,9195,MP3
SOUND\VOICE\V911\V911_007_09.MP3,11493,MP3
SOUND\VOICE\V912\V912_001_00.MP3,266031,MP3
SOUND\VOICE\V912\V912_002_00.MP3,34690,MP3
SOUND\VOICE\V912\V912_003_01.MP3,34481,MP3
SOUND\VOICE\V912\V912_003_02.MP3,38034,MP3
SOUND\VOICE\V912\V912_003_03.MP3,9195,MP3
SOUND\VOICE\V912\V912_003_04.MP3,38034,MP3
SOUND\VOICE\V912\V912_003_05.MP3,32809,MP3
SOUND\VOICE\V912\V912_003_06.MP3,22569,MP3
SOUND\VOICE\V912\V912_003_07.MP3,38870,MP3
SOUND\VOICE\V912\V912_003_08.MP3,31346,MP3
SOUND\VOICE\V912\V912_003_09.MP3,20688,MP3
SOUND\VOICE\V912\V912_003_10.MP3,11284,MP3
SOUND\VOICE\V912\V912_003_11.MP3,44303,MP3
SOUND\VOICE\V912\V912_003_12.MP3,41168,MP3
SOUND\VOICE\V912\V912_003_13.MP3,23196,MP3
SOUND\VOICE\V912\V912_003_15.MP3,18390,MP3
SOUND\VOICE\V912\V912_003_16.MP3,14419,MP3
SOUND\VOICE\V912\V912_003_17.MP3,10866,MP3
SOUND\VOICE\V912\V912_004_01.MP3,16091,MP3
SOUND\VOICE\V912\V912_004_02.MP3,45557,MP3
SOUND\VOICE\V912\V912_004_03.MP3,27376,MP3
SOUND\VOICE\V912\V912_004_04.MP3,14210,MP3
SOUND\VOICE\V912\V912_005_01.MP3,32809,MP3
SOUND\VOICE\V912\V912_005_02.MP3,25077,MP3
SOUND\VOICE\V912\V912_005_03.MP3,27585,MP3
SOUND\VOICE\V912\V912_005_04.MP3,20271,MP3
SOUND\VOICE\V912\V912_005_05.MP3,19853,MP3
SOUND\VOICE\V912\V912_005_06.MP3,37825,MP3
SOUND\VOICE\V912\V912_005_07.MP3,22360,MP3
SOUND\VOICE\V912\V912_005_08.MP3,38243,MP3
SOUND\VOICE\V912\V912_005_09.MP3,37616,MP3
SOUND\VOICE\V912\V912_005_10.MP3,16091,MP3
SOUND\VOICE\V912\V912_005_11.MP3,18599,MP3
SOUND\VOICE\V912\V912_005_13.MP3,22360,MP3
SOUND\VOICE\V912\V912_005_14.MP3,36780,MP3
SOUND\VOICE\V912\V912_005_16.MP3,10448,MP3
SOUND\VOICE\V912\V912_005_17.MP3,10031,MP3
SOUND\VOICE\V912\V912_005_18.MP3,21942,MP3
SOUND\VOICE\V912\V912_005_19.MP3,17345,MP3
SOUND\VOICE\V912\V912_005_20.MP3,10657,MP3
SOUND\VOICE\V912\V912_005_21.MP3,9404,MP3
SOUND\VOICE\V912\V912_005_22.MP3,20897,MP3
SOUND\VOICE\V912\V912_005_23.MP3,48483,MP3
SOUND\VOICE\V912\V912_005_24.MP3,25704,MP3
SOUND\VOICE\V912\V912_005_25.MP3,6060,MP3
SOUND\VOICE\V912\V912_005_26.MP3,19435,MP3
SOUND\VOICE\V913\V913_001_00.MP3,159242,MP3
SOUND\VOICE\V913\V913_002_00.MP3,76695,MP3
SOUND\VOICE\V913\V913_003_01.MP3,51408,MP3
SOUND\VOICE\V913\V913_003_02.MP3,47438,MP3
SOUND\VOICE\V913\V913_003_03.MP3,11075,MP3
SOUND\VOICE\V913\V913_003_04.MP3,20480,MP3
SOUND\VOICE\V913\V913_003_05.MP3,47020,MP3
SOUND\VOICE\V913\V913_003_06.MP3,11493,MP3
SOUND\VOICE\V913\V913_003_07.MP3,71680,MP3
SOUND\VOICE\V913\V913_003_08.MP3,28003,MP3
SOUND\VOICE\V913\V913_003_09.MP3,71262,MP3
SOUND\VOICE\V913\V913_003_10.MP3,29257,MP3
SOUND\VOICE\V913\V913_003_11.MP3,31137,MP3
SOUND\VOICE\V913\V913_003_12.MP3,23614,MP3
SOUND\VOICE\V913\V913_003_13.MP3,45766,MP3
SOUND\VOICE\V913\V913_003_14.MP3,30302,MP3
SOUND\VOICE\V913\V913_003_15.MP3,29884,MP3
SOUND\VOICE\V913\V913_003_16.MP3,17345,MP3
SOUND\VOICE\V913\V913_003_17.MP3,26749,MP3
SOUND\VOICE\V913\V913_004_01.MP3,41586,MP3
SOUND\VOICE\V913\V913_004_02.MP3,39706,MP3
SOUND\VOICE\V913\V913_004_03.MP3,12538,MP3
SOUND\VOICE\V913\V913_004_04.MP3,42213,MP3
SOUND\VOICE\V913\V913_005_01.MP3,35735,MP3
SOUND\VOICE\V913\V913_005_02.MP3,23823,MP3
SOUND\VOICE\V913\V913_005_03.MP3,17136,MP3
SOUND\VOICE\V913\V913_005_04.MP3,36362,MP3
SOUND\VOICE\V913\V913_005_05.MP3,53080,MP3
SOUND\VOICE\V913\V913_005_06.MP3,31137,MP3
SOUND\VOICE\V913\V913_006_01.MP3,36780,MP3
SOUND\VOICE\V913\V913_006_02.MP3,20480,MP3
SOUND\VOICE\V913\V913_006_03.MP3,15046,MP3
SOUND\VOICE\V913\V913_006_04.MP3,28421,MP3
SOUND\VOICE\V913\V913_006_05.MP3,37825,MP3
SOUND\VOICE\V913\V913_007_01.MP3,14419,MP3
SOUND\VOICE\V913\V913_007_02.MP3,26958,MP3
SOUND\VOICE\V913\V913_007_03.MP3,9404,MP3
SOUND\VOICE\V913\V913_007_04.MP3,33018,MP3
SOUND\VOICE\V913\V913_007_05.MP3,18390,MP3
SOUND\VOICE\V913\V913_007_06.MP3,20271,MP3
TACTICS\COMING.BIN,2364664,BIN
TACTICS\COMMON.BIN,1793036,BIN
TACTICS\MAPCOM.BIN,69368,BIN
TACTICS\MESBOX.BIN,524328,BIN
TACTICS\NETDATA.BIN,5785736,BIN
TACTICS\NETUNITFACE.BIN,354412,BIN
TACTICS\OPTION.BIN,2361400,BIN
TACTICS\TACTRET.BIN,6291512,BIN
TACTICS\TITLE.BIN,4716524,BIN
TACTICS\TITLETRIAL.BIN,3217028,BIN
TACTICS\UNITPAL.BIN,71968,BIN
TACTICS\MAP\MAP01.BIN,36880,BIN
TACTICS\MAP\MAP01.BMP,23094,BMP
TACTICS\MAP\MAP01.MAP,6293260,MAP
TACTICS\MAP\MAP01.VPT,83016,VPT
TACTICS\MAP\MAP02.BIN,82960,BIN
TACTICS\MAP\MAP02.BMP,23094,BMP
TACTICS\MAP\MAP02.MAP,14158540,MAP
TACTICS\MAP\MAP02.VPT,153128,VPT
TACTICS\MAP\MAP03.BIN,36880,BIN
TACTICS\MAP\MAP03.BMP,23094,BMP
TACTICS\MAP\MAP03.MAP,6293260,MAP
TACTICS\MAP\MAP03.VPT,90408,VPT
TACTICS\MAP\MAP04.BIN,36880,BIN
TACTICS\MAP\MAP04.BMP,23094,BMP
TACTICS\MAP\MAP04.MAP,6293260,MAP
TACTICS\MAP\MAP04.VPT,74552,VPT
TACTICS\MAP\MAP05.BIN,36880,BIN
TACTICS\MAP\MAP05.BMP,23094,BMP
TACTICS\MAP\MAP05.MAP,6293260,MAP
TACTICS\MAP\MAP05.VPT,100888,VPT
TACTICS\MAP\MAP06.BIN,36880,BIN
TACTICS\MAP\MAP06.BMP,23094,BMP
TACTICS\MAP\MAP06.MAP,6293260,MAP
TACTICS\MAP\MAP06.VPT,81112,VPT
TACTICS\MAP\MAP07.BIN,82960,BIN
TACTICS\MAP\MAP07.BMP,23094,BMP
TACTICS\MAP\MAP07.MAP,14158540,MAP
TACTICS\MAP\MAP07.VPT,213208,VPT
TACTICS\MAP\MAP08.BIN,36880,BIN
TACTICS\MAP\MAP08.BMP,23094,BMP
TACTICS\MAP\MAP08.MAP,6293260,MAP
TACTICS\MAP\MAP08.VPT,102376,VPT
TACTICS\MAP\MAP09.BIN,36880,BIN
TACTICS\MAP\MAP09.BMP,23094,BMP
TACTICS\MAP\MAP09.MAP,6293260,MAP
TACTICS\MAP\MAP09.VPT,110312,VPT
TACTICS\MAP\MAP10.BIN,82960,BIN
TACTICS\MAP\MAP10.BMP,23094,BMP
TACTICS\MAP\MAP10.MAP,14158540,MAP
TACTICS\MAP\MAP10.VPT,181248,VPT
TACTICS\MAP\MAP11.BIN,73744,BIN
TACTICS\MAP\MAP11.BMP,12344,BMP
TACTICS\MAP\MAP11.MAP,12585484,MAP
TACTICS\MAP\MAP11.VPT,124664,VPT
TACTICS\MAP\MAP13.BIN,82960,BIN
TACTICS\MAP\MAP13.BMP,23094,BMP
TACTICS\MAP\MAP13.MAP,14158540,MAP
TACTICS\MAP\MAP13.VPT,151160,VPT
TACTICS\MAP\MAP14.BIN,147472,BIN
TACTICS\MAP\MAP14.BMP,23094,BMP
TACTICS\MAP\MAP14.MAP,25169932,MAP
TACTICS\MAP\MAP14.VPT,258504,VPT
TACTICS\MAP\MAP15.BIN,147472,BIN
TACTICS\MAP\MAP15.BMP,23094,BMP
TACTICS\MAP\MAP15.MAP,25169932,MAP
TACTICS\MAP\MAP15.VPT,280752,VPT
TACTICS\MAP\MAP16.BIN,147472,BIN
TACTICS\MAP\MAP16.BMP,23094,BMP
TACTICS\MAP\MAP16.MAP,25169932,MAP
TACTICS\MAP\MAP16.VPT,316232,VPT
TACTICS\MAP\MAP17.BIN,82960,BIN
TACTICS\MAP\MAP17.BMP,23094,BMP
TACTICS\MAP\MAP17.MAP,14158540,MAP
TACTICS\MAP\MAP17.VPT,153032,VPT
TACTICS\MAP\MAP18.BIN,36880,BIN
TACTICS\MAP\MAP18.BMP,23094,BMP
TACTICS\MAP\MAP18.MAP,6293260,MAP
TACTICS\MAP\MAP18.VPT,82728,VPT
TACTICS\MAP\MAP20.BIN,36880,BIN
TACTICS\MAP\MAP20.BMP,23094,BMP
TACTICS\MAP\MAP20.MAP,6293260,MAP
TACTICS\MAP\MAP20.VPT,153160,VPT
TACTICS\MAP\MAP21.BIN,147472,BIN
TACTICS\MAP\MAP21.BMP,23094,BMP
TACTICS\MAP\MAP21.MAP,25169932,MAP
TACTICS\MAP\MAP21.VPT,257896,VPT
TACTICS\MAP\MAP22.BIN,36880,BIN
TACTICS\MAP\MAP22.BMP,23094,BMP
TACTICS\MAP\MAP22.MAP,6293260,MAP
TACTICS\MAP\MAP22.VPT,81824,VPT
TACTICS\MAP\MAP23.BIN,36880,BIN
TACTICS\MAP\MAP23.BMP,23094,BMP
TACTICS\MAP\MAP23.MAP,6293260,MAP
TACTICS\MAP\MAP23.VPT,85048,VPT
TACTICS\MAP\MAP24.BIN,82960,BIN
TACTICS\MAP\MAP24.BMP,23094,BMP
TACTICS\MAP\MAP24.MAP,14158540,MAP
TACTICS\MAP\MAP24.VPT,215480,VPT
TACTICS\MAP\MAP26.VPT,74196,VPT
TACTICS\MAP\MAP29.BIN,73744,BIN
TACTICS\MAP\MAP29.BMP,12342,BMP
TACTICS\MAP\MAP29.MAP,12585484,MAP
TACTICS\MAP\MAP29.VPT,164360,VPT
TACTICS\MAP\MAP30.BIN,36880,BIN
TACTICS\MAP\MAP30.BMP,23094,BMP
TACTICS\MAP\MAP30.MAP,6293260,MAP
TACTICS\MAP\MAP30.VPT,96308,VPT
TACTICS\MAP\MAP31.BIN,55312,BIN
TACTICS\MAP\MAP31.BMP,15870,BMP
TACTICS\MAP\MAP31.MAP,9439372,MAP
TACTICS\MAP\MAP31.VPT,132264,VPT
TACTICS\MAP\MAP32.BIN,73744,BIN
TACTICS\MAP\MAP32.BMP,12342,BMP
TACTICS\MAP\MAP32.MAP,12585484,MAP
TACTICS\MAP\MAP32.VPT,218856,VPT
TACTICS\MAP\MAP33.BIN,147472,BIN
TACTICS\MAP\MAP33.BMP,23094,BMP
TACTICS\MAP\MAP33.MAP,25169932,MAP
TACTICS\MAP\MAP33.VPT,402368,VPT
TACTICS\MAP\MAP35.BIN,36880,BIN
TACTICS\MAP\MAP35.BMP,23094,BMP
TACTICS\MAP\MAP35.MAP,6293260,MAP
TACTICS\MAP\MAP35.VPT,101608,VPT
TACTICS\MAP\MAP41.BIN,147472,BIN
TACTICS\MAP\MAP41.BMP,23094,BMP
TACTICS\MAP\MAP41.MAP,25169932,MAP
TACTICS\MAP\MAP41.VPT,344264,VPT
TACTICS\MAP\MAP42.BIN,36880,BIN
TACTICS\MAP\MAP42.BMP,23094,BMP
TACTICS\MAP\MAP42.MAP,6293260,MAP
TACTICS\MAP\MAP42.VPT,121640,VPT
TACTICS\MAP\MAP43.BIN,82960,BIN
TACTICS\MAP\MAP43.BMP,23094,BMP
TACTICS\MAP\MAP43.MAP,14158540,MAP
TACTICS\MAP\MAP43.VPT,233680,VPT
TACTICS\MAP\MAP44.BIN,82960,BIN
TACTICS\MAP\MAP44.BMP,23094,BMP
TACTICS\MAP\MAP44.MAP,14158540,MAP
TACTICS\MAP\MAP44.VPT,275880,VPT
TACTICS\MAP\MAP45.BIN,147472,BIN
TACTICS\MAP\MAP45.BMP,23094,BMP
TACTICS\MAP\MAP45.MAP,25169932,MAP
TACTICS\MAP\MAP45.VPT,381352,VPT
TACTICS\MAP\MAP64.BIN,9232,BIN
TACTICS\MAP\MAP64.BMP,23094,BMP
TACTICS\MAP\MAP64.MAP,1574092,MAP
TACTICS\MAP\MAP64.VPT,19304,VPT
TACTICS\MAP\MAP65.BIN,36880,BIN
TACTICS\MAP\MAP65.BMP,23094,BMP
TACTICS\MAP\MAP65.MAP,6293260,MAP
TACTICS\MAP\MAP65.VPT,154216,VPT
TACTICS\MAP\MAP66.BIN,36880,BIN
TACTICS\MAP\MAP66.BMP,23094,BMP
TACTICS\MAP\MAP66.MAP,6293260,MAP
TACTICS\MAP\MAP66.VPT,92584,VPT
TACTICS\MAP\MAP67.BIN,82960,BIN
TACTICS\MAP\MAP67.BMP,23094,BMP
TACTICS\MAP\MAP67.CEL,83776,CEL
TACTICS\MAP\MAP67.MAP,14158540,MAP
TACTICS\MAP\MAP67.VPT,333256,VPT
TACTICS\MAP\MAP68.BIN,36880,BIN
TACTICS\MAP\MAP68.BMP,23094,BMP
TACTICS\MAP\MAP68.MAP,6293260,MAP
TACTICS\MAP\MAP68.VPT,102344,VPT
TACTICS\MAP\MAP69.BIN,36880,BIN
TACTICS\MAP\MAP69.BMP,23094,BMP
TACTICS\MAP\MAP69.MAP,6293260,MAP
TACTICS\MAP\MAP69.VPT,109800,VPT
TACTICS\MAP\MAP71.BIN,82960,BIN
TACTICS\MAP\MAP71.BMP,23094,BMP
TACTICS\MAP\MAP71.MAP,14158540,MAP
TACTICS\MAP\MAP71.VPT,191400,VPT
TACTICS\MAP\MAP72.BIN,36880,BIN
TACTICS\MAP\MAP72.BMP,23094,BMP
TACTICS\MAP\MAP72.MAP,6293260,MAP
TACTICS\MAP\MAP72.VPT,96520,VPT
TACTICS\MAP\MAP73.BIN,36880,BIN
TACTICS\MAP\MAP73.BMP,23094,BMP
TACTICS\MAP\MAP73.MAP,6293260,MAP
TACTICS\MAP\MAP73.VPT,123880,VPT
TACTICS\MAP\MAP74.BIN,82960,BIN
TACTICS\MAP\MAP74.BMP,23094,BMP
TACTICS\MAP\MAP74.MAP,14158540,MAP
TACTICS\MAP\MAP74.VPT,238600,VPT
TACTICS\MAP\MAP75.BIN,9232,BIN
TACTICS\MAP\MAP75.BMP,23094,BMP
TACTICS\MAP\MAP75.MAP,1574092,MAP
TACTICS\MAP\MAP75.VPT,19528,VPT
TACTICS\MAP\MAP80.BIN,18448,BIN
TACTICS\MAP\MAP80.BMP,12088,BMP
TACTICS\MAP\MAP80.MAP,3147148,MAP
TACTICS\MAP\MAP80.VPT,39272,VPT
TACTICS\MAP\MAP81.BIN,12304,BIN
TACTICS\MAP\MAP81.BMP,23094,BMP
TACTICS\MAP\MAP81.MAP,2098444,MAP
TACTICS\MAP\MAP82.BIN,36880,BIN
TACTICS\MAP\MAP82.BMP,23094,BMP
TACTICS\MAP\MAP82.MAP,6293260,MAP
TACTICS\MAP\MAP88.BIN,36880,BIN
TACTICS\MAP\MAP88.BMP,23094,BMP
TACTICS\MAP\MAP88.MAP,6293260,MAP
TACTICS\MAP\MAP89.BIN,36880,BIN
TACTICS\MAP\MAP89.BMP,23094,BMP
TACTICS\MAP\MAP89.MAP,6293260,MAP
TACTICS\MAP\MAP95.BIN,18448,BIN
TACTICS\MAP\MAP95.BMP,23094,BMP
TACTICS\MAP\MAP95.MAP,3147148,MAP
TACTICS\SCRIPT\T0000.BIN,2076,BIN
TACTICS\SCRIPT\T0001.BIN,21716,BIN
TACTICS\SCRIPT\T0002.BIN,7248,BIN
TACTICS\SCRIPT\T0003.BIN,10612,BIN
TACTICS\SCRIPT\T0004.BIN,5568,BIN
TACTICS\SCRIPT\T0005.BIN,13752,BIN
TACTICS\SCRIPT\T0006.BIN,5952,BIN
TACTICS\SCRIPT\T0007.BIN,11296,BIN
TACTICS\SCRIPT\T0008.BIN,4968,BIN
TACTICS\SCRIPT\T0009.BIN,18024,BIN
TACTICS\SCRIPT\T0010.BIN,19428,BIN
TACTICS\SCRIPT\T0011.BIN,13252,BIN
TACTICS\SCRIPT\T0013.BIN,23888,BIN
TACTICS\SCRIPT\T0014.BIN,7292,BIN
TACTICS\SCRIPT\T0015.BIN,6340,BIN
TACTICS\SCRIPT\T0016.BIN,5708,BIN
TACTICS\SCRIPT\T0017.BIN,5028,BIN
TACTICS\SCRIPT\T0018.BIN,6584,BIN
TACTICS\SCRIPT\T0020.BIN,5280,BIN
TACTICS\SCRIPT\T0021.BIN,4144,BIN
TACTICS\SCRIPT\T0022.BIN,2944,BIN
TACTICS\SCRIPT\T0024.BIN,21876,BIN
TACTICS\SCRIPT\T0029.BIN,3588,BIN
TACTICS\SCRIPT\T0031.BIN,7016,BIN
TACTICS\SCRIPT\T0032.BIN,6656,BIN
TACTICS\SCRIPT\T0033.BIN,4120,BIN
TACTICS\SCRIPT\T0035.BIN,3284,BIN
TACTICS\SCRIPT\T0037.BIN,5152,BIN
TACTICS\SCRIPT\T0040.BIN,5152,BIN
TACTICS\SCRIPT\T0041.BIN,5300,BIN
TACTICS\SCRIPT\T0044.BIN,29028,BIN
TACTICS\SCRIPT\T0045.BIN,3260,BIN
TACTICS\SCRIPT\T0048.BIN,15928,BIN
TACTICS\SCRIPT\T0068.BIN,5836,BIN
TACTICS\SCRIPT\T0080.BIN,12816,BIN
TACTICS\SCRIPT\T0082.BIN,15160,BIN
TACTICS\SCRIPT\T0086.BIN,4316,BIN
TACTICS\SCRIPT\T0090.BIN,4364,BIN
TACTICS\SCRIPT\T00XX.BIN,2736,BIN
TACTICS\SCRIPT\T0150.BIN,1716,BIN
TACTICS\SCRIPT\T0151.BIN,6648,BIN
TACTICS\SCRIPT\T0152.BIN,5300,BIN
TACTICS\SCRIPT\T0153.BIN,18000,BIN
TACTICS\SCRIPT\T0154.BIN,4144,BIN
TACTICS\SCRIPT\T0390.BIN,2072,BIN
TACTICS\SCRIPT\BIG5\T0000.BIN,2076,BIN
TACTICS\SCRIPT\BIG5\T0001.BIN,21716,BIN
TACTICS\SCRIPT\BIG5\T0002.BIN,7248,BIN
TACTICS\SCRIPT\BIG5\T0003.BIN,10612,BIN
TACTICS\SCRIPT\BIG5\T0004.BIN,5568,BIN
TACTICS\SCRIPT\BIG5\T0005.BIN,13752,BIN
TACTICS\SCRIPT\BIG5\T0006.BIN,5952,BIN
TACTICS\SCRIPT\BIG5\T0007.BIN,11296,BIN
TACTICS\SCRIPT\BIG5\T0008.BIN,4968,BIN
TACTICS\SCRIPT\BIG5\T0009.BIN,18024,BIN
TACTICS\SCRIPT\BIG5\T0010.BIN,19428,BIN
TACTICS\SCRIPT\BIG5\T0011.BIN,13252,BIN
TACTICS\SCRIPT\BIG5\T0013.BIN,23888,BIN
TACTICS\SCRIPT\BIG5\T0014.BIN,7292,BIN
TACTICS\SCRIPT\BIG5\T0015.BIN,6340,BIN
TACTICS\SCRIPT\BIG5\T0016.BIN,5708,BIN
TACTICS\SCRIPT\BIG5\T0017.BIN,5028,BIN
TACTICS\SCRIPT\BIG5\T0018.BIN,6584,BIN
TACTICS\SCRIPT\BIG5\T0020.BIN,5280,BIN
TACTICS\SCRIPT\BIG5\T0021.BIN,4144,BIN
TACTICS\SCRIPT\BIG5\T0022.BIN,2944,BIN
TACTICS\SCRIPT\BIG5\T0024.BIN,21876,BIN
TACTICS\SCRIPT\BIG5\T0029.BIN,3588,BIN
TACTICS\SCRIPT\BIG5\T0031.BIN,7016,BIN
TACTICS\SCRIPT\BIG5\T0032.BIN,6656,BIN
TACTICS\SCRIPT\BIG5\T0033.BIN,4120,BIN
TACTICS\SCRIPT\BIG5\T0035.BIN,3284,BIN
TACTICS\SCRIPT\BIG5\T0037.BIN,5152,BIN
TACTICS\SCRIPT\BIG5\T0040.BIN,5152,BIN
TACTICS\SCRIPT\BIG5\T0041.BIN,5300,BIN
TACTICS\SCRIPT\BIG5\T0044.BIN,29028,BIN
TACTICS\SCRIPT\BIG5\T0045.BIN,3260,BIN
TACTICS\SCRIPT\BIG5\T0048.BIN,15928,BIN
TACTICS\SCRIPT\BIG5\T0068.BIN,5836,BIN
TACTICS\SCRIPT\BIG5\T0080.BIN,12816,BIN
TACTICS\SCRIPT\BIG5\T0082.BIN,15160,BIN
TACTICS\SCRIPT\BIG5\T0086.BIN,4316,BIN
TACTICS\SCRIPT\BIG5\T0090.BIN,4364,BIN
TACTICS\SCRIPT\BIG5\T00XX.BIN,2736,BIN
TACTICS\SCRIPT\BIG5\T0150.BIN,1716,BIN
TACTICS\SCRIPT\BIG5\T0151.BIN,6648,BIN
TACTICS\SCRIPT\BIG5\T0152.BIN,5300,BIN
TACTICS\SCRIPT\BIG5\T0153.BIN,18000,BIN
TACTICS\SCRIPT\BIG5\T0154.BIN,4144,BIN
TACTICS\SCRIPT\BIG5\T0390.BIN,2072,BIN
TACTICS\TACTSTART\TACTSTART0.BIN,655432,BIN
TACTICS\TACTSTART\TACTSTART01.BIN,524312,BIN
TACTICS\TACTSTART\TACTSTART02.BIN,524312,BIN
TACTICS\TACTSTART\TACTSTART03.BIN,524312,BIN
TACTICS\TACTSTART\TACTSTART04.BIN,263236,BIN
TACTICS\TACTSTART\TACTSTART05.BIN,1048616,BIN
TACTICS\TACTSTART\TACTSTART06.BIN,263236,BIN
TACTICS\TACTSTART\TACTSTART07.BIN,263236,BIN
TACTICS\TACTSTART\TACTSTART08.BIN,263236,BIN
TACTICS\TACTSTART\TACTSTART09.BIN,263236,BIN
TACTICS\TACTSTART\TACTSTART10.BIN,263236,BIN
TACTICS\TACTSTART\TACTSTART11.BIN,263236,BIN
TACTICS\TACTSTART\TACTSTART13.BIN,526464,BIN
TACTICS\TACTSTART\TACTSTART14.BIN,263236,BIN
TACTICS\TACTSTART\TACTSTART15.BIN,263236,BIN
TACTICS\TACTSTART\TACTSTART151.BIN,263236,BIN
TACTICS\TACTSTART\TACTSTART16.BIN,263236,BIN
TACTICS\TACTSTART\TACTSTART17.BIN,263236,BIN
TACTICS\TACTSTART\TACTSTART18.BIN,263236,BIN
TACTICS\TACTSTART\TACTSTART20.BIN,263236,BIN
TACTICS\TACTSTART\TACTSTART21.BIN,263236,BIN
TACTICS\TACTSTART\TACTSTART22.BIN,263236,BIN
TACTICS\TACTSTART\TACTSTART24.BIN,526464,BIN
TACTICS\TACTSTART\TACTSTART29.BIN,263236,BIN
TACTICS\TACTSTART\TACTSTART31.BIN,263236,BIN
TACTICS\TACTSTART\TACTSTART32.BIN,263236,BIN
TACTICS\TACTSTART\TACTSTART33.BIN,263236,BIN
TACTICS\TACTSTART\TACTSTART35.BIN,263236,BIN
TACTICS\TACTSTART\TACTSTART37.BIN,263236,BIN
TACTICS\TACTSTART\TACTSTART38.BIN,263236,BIN
TACTICS\TACTSTART\TACTSTART39.BIN,263236,BIN
TACTICS\TACTSTART\TACTSTART40.BIN,263236,BIN
TACTICS\TACTSTART\TACTSTART41.BIN,263236,BIN
TACTICS\TACTSTART\TACTSTART44.BIN,263236,BIN
TACTICS\TACTSTART\TACTSTART45.BIN,526464,BIN
TACTICS\TACTSTART\TACTSTART48.BIN,263236,BIN
TACTICS\TACTSTART\TACTSTART49.BIN,263236,BIN
TACTICS\TACTSTART\TACTSTART50.BIN,263236,BIN
TACTICS\TACTSTART\TACTSTART51.BIN,263236,BIN
TACTICS\TACTSTART\TACTSTART52.BIN,263236,BIN
TACTICS\TACTSTART\TACTSTART53.BIN,263236,BIN
TACTICS\TACTSTART\TACTSTART54.BIN,263236,BIN
TACTICS\TACTSTART\TACTSTART55.BIN,263236,BIN
TACTICS\TACTSTART\TACTSTART56.BIN,263236,BIN
TACTICS\TACTSTART\TACTSTART57.BIN,263236,BIN
TACTICS\TACTSTART\TACTSTART58.BIN,263236,BIN
TACTICS\TACTSTART\TACTSTART59.BIN,263236,BIN
TACTICS\TACTSTART\TACTSTART60.BIN,263236,BIN
TACTICS\TACTSTART\TACTSTART61.BIN,263236,BIN
TACTICS\TACTSTART\TACTSTART62.BIN,263236,BIN
TACTICS\TACTSTART\TACTSTART63.BIN,263236,BIN
TACTICS\TACTSTART\TACTSTART64.BIN,263236,BIN
TACTICS\TACTSTART\TACTSTART65.BIN,263236,BIN
TACTICS\TACTSTART\TACTSTART66.BIN,263236,BIN
TACTICS\TACTSTART\TACTSTART67.BIN,263236,BIN
TACTICS\TACTSTART\TACTSTART68.BIN,263236,BIN
TACTICS\TACTSTART\TACTSTART79.BIN,263236,BIN
TACTICS\TACTSTART\TACTSTART80.BIN,1316148,BIN
TACTICS\TACTSTART\TACTSTART82.BIN,263236,BIN
TACTICSRESULT\TACTICSRESULT.BIN,5242936,BIN
WORKROOM\WORKROOM.BIN,3670072,BIN
YSTEXT\FUNCTIONEXP.YBC,18090,YBC文本
YSTEXT\ITEMEXP.YBC,31146,YBC文本
YSTEXT\JOBEXP.YBC,3054,YBC文本
YSTEXT\KSCAPABILITYUP.YBC,1536,YBC文本
YSTEXT\LECTUREEXP.YBC,31406,YBC文本
YSTEXT\MAPPOS0401.YBC,7798,YBC文本
YSTEXT\SKILLEXP.YBC,14220,YBC文本
YSTEXT\TACTICSEXP.YBC,67114,YBC文本
YSTEXT\WORDS.YBC,19630,YBC文本
YSTEXT\BIG5\ITEMEXP.YBC,31146,YBC文本
YSTEXT\BIG5\JOBEXP.YBC,3054,YBC文本
YSTEXT\BIG5\KSCAPABILITYUP.YBC,1536,YBC文本
YSTEXT\BIG5\LECTUREEXP.YBC,31406,YBC文本
YSTEXT\BIG5\MAPPOS0401.YBC,7798,YBC文本
YSTEXT\BIG5\SKILLEXP.YBC,14220,YBC文本
YSTEXT\BIG5\TACTICSEXP.YBC,67114,YBC文本
YSTEXT\BIG5\WORDS.YBC,19630,YBC文本
